"B.beta"	"C.beta"	"D.beta"	"E.beta"	"B.se"	"C.se"	"D.se"	"E.se"	"A.rate"	"B.rate"	"C.rate"	"D.rate"	"E.rate"
"587"	0.194973552375589	-0.365977251638749	-0.268341248608639	-0.942550031411191	0.29769551761062	0.500153973196093	0.737988193474579	0.94943137340284	0.230769230769231	0.384615384615385	0.384615384615385	0.230769230769231	0.230769230769231
