"B.beta"	"C.beta"	"D.beta"	"E.beta"	"B.se"	"C.se"	"D.se"	"E.se"	"A.rate"	"B.rate"	"C.rate"	"D.rate"	"E.rate"
"869"	-0.135149296365168	-0.193989634816926	-0.731096295190222	-0.633474204820519	0.506511888947855	0.769883543354237	1.29497817032366	0.641605473403409	0.230769230769231	0.384615384615385	0.384615384615385	0.384615384615385	0.230769230769231
