"B.beta"	"C.beta"	"D.beta"	"E.beta"	"B.se"	"C.se"	"D.se"	"E.se"	"A.rate"	"B.rate"	"C.rate"	"D.rate"	"E.rate"
"986"	0.10997724670388	-0.396746225542304	-0.974995671493627	-0.0458903599664162	0.487775958225902	0.438815293391396	0.535490083692403	0.680741787303433	0.230769230769231	0.384615384615385	0.384615384615385	0.230769230769231	0.230769230769231
