"B.beta"	"C.beta"	"D.beta"	"E.beta"	"B.se"	"C.se"	"D.se"	"E.se"	"A.rate"	"B.rate"	"C.rate"	"D.rate"	"E.rate"
"44"	0.129062843891828	-0.699065016892182	-0.148388392122293	-0.308360920554144	0.304841711304535	0.507743718855785	0.75605630413547	0.565099817997472	0.230769230769231	0.384615384615385	0.230769230769231	0.384615384615385	0.384615384615385
