"B.beta"	"C.beta"	"D.beta"	"E.beta"	"B.se"	"C.se"	"D.se"	"E.se"	"A.rate"	"B.rate"	"C.rate"	"D.rate"	"E.rate"
"303"	-0.887389553353094	-0.396288379613121	-0.0741669919441096	-0.600857084824047	0.369212359280493	0.60047389034192	0.626344548105111	0.370994300918391	0.230769230769231	0.384615384615385	0.230769230769231	0.384615384615385	0.384615384615385
