"B.beta"	"C.beta"	"D.beta"	"E.beta"	"B.se"	"C.se"	"D.se"	"E.se"	"A.rate"	"B.rate"	"C.rate"	"D.rate"	"E.rate"
"762"	-0.377354689784839	-0.479399201479526	-0.0324364515443574	-0.686327776818281	0.433485124049089	1.55553335289397	0.442010855499918	1.56488476092032	0.230769230769231	0.384615384615385	0.384615384615385	0.384615384615385	0.230769230769231
