"B.beta"	"C.beta"	"D.beta"	"E.beta"	"B.se"	"C.se"	"D.se"	"E.se"	"A.rate"	"B.rate"	"C.rate"	"D.rate"	"E.rate"
"360"	-0.435543619216253	-0.534678158919654	-0.999894330221295	-0.775874799415452	1.04614916987099	0.57287490457296	0.39342357209024	0.492993881893952	0.230769230769231	0.384615384615385	0.384615384615385	0.384615384615385	0.230769230769231
