"B.beta"	"C.beta"	"D.beta"	"E.beta"	"B.se"	"C.se"	"D.se"	"E.se"	"A.rate"	"B.rate"	"C.rate"	"D.rate"	"E.rate"
"495"	0.0291347278308555	-0.436982729705102	-0.451955297989417	-0.741341884847171	0.592854314765674	1.45578971383558	0.582357885710956	0.720881891578546	0.230769230769231	0.384615384615385	0.384615384615385	0.384615384615385	0.384615384615385
