"B.beta"	"C.beta"	"D.beta"	"E.beta"	"B.se"	"C.se"	"D.se"	"E.se"	"A.rate"	"B.rate"	"C.rate"	"D.rate"	"E.rate"
"641"	-0.54172318870035	-0.552744324413072	-0.501567248113406	-0.385684035075947	0.306039232547317	0.827947507713889	0.761424562470193	1.5453445294181	0.230769230769231	0.384615384615385	0.384615384615385	0.230769230769231	0.230769230769231
