"B.beta"	"C.beta"	"D.beta"	"E.beta"	"B.se"	"C.se"	"D.se"	"E.se"	"A.rate"	"B.rate"	"C.rate"	"D.rate"	"E.rate"
"846"	-0.166877566619636	-0.283248629881252	-0.012647377275349	-0.335415613370989	0.989302518313439	0.458640430875936	0.539562209981269	0.958445815502116	0.230769230769231	0.384615384615385	0.384615384615385	0.230769230769231	0.384615384615385
