"B.beta"	"C.beta"	"D.beta"	"E.beta"	"B.se"	"C.se"	"D.se"	"E.se"	"A.rate"	"B.rate"	"C.rate"	"D.rate"	"E.rate"
"307"	-0.754862767254116	0.0194904262674116	-0.413108409634219	-5.64295396864277	0.359053744196255	1.18730960443787	1.25360273899726	732267.607952061	0.230769230769231	0.384615384615385	0.230769230769231	0.384615384615385	0.230769230769231
