"B.beta"	"C.beta"	"D.beta"	"E.beta"	"B.se"	"C.se"	"D.se"	"E.se"	"A.rate"	"B.rate"	"C.rate"	"D.rate"	"E.rate"
"745"	-0.225414024038665	-0.493142424235581	-0.172710412509757	-0.537153081523327	0.445265003452297	0.864818256671086	0.362424188160446	1.38904737890339	0.230769230769231	0.384615384615385	0.384615384615385	0.384615384615385	0.230769230769231
