"B.beta"	"C.beta"	"D.beta"	"E.beta"	"B.se"	"C.se"	"D.se"	"E.se"	"A.rate"	"B.rate"	"C.rate"	"D.rate"	"E.rate"
"858"	-0.72831639106408	-1.17775457653455	-0.047414370910805	-0.463917763249454	0.343122466182808	1.67620279649224	0.647230333980129	0.800577887972407	0.230769230769231	0.384615384615385	0.384615384615385	0.230769230769231	0.230769230769231
