"B.beta"	"C.beta"	"D.beta"	"E.beta"	"B.se"	"C.se"	"D.se"	"E.se"	"A.rate"	"B.rate"	"C.rate"	"D.rate"	"E.rate"
"1023"	-0.45123222476662	0.0496069244284434	0.014353124625073	-0.0544445207392579	1.07636490786899	0.39786949751527	0.727103341818557	0.384174462920378	0.230769230769231	0.384615384615385	0.384615384615385	0.384615384615385	0.384615384615385
