"B.beta"	"C.beta"	"D.beta"	"E.beta"	"B.se"	"C.se"	"D.se"	"E.se"	"A.rate"	"B.rate"	"C.rate"	"D.rate"	"E.rate"
"875"	0.149961281332971	0.0128495198347844	-0.336228713529199	-0.36757556487252	0.55357064481166	0.424941280582606	1.23825495794349	1.56641949157277	0.230769230769231	0.384615384615385	0.384615384615385	0.384615384615385	0.230769230769231
