"B.beta"	"C.beta"	"D.beta"	"E.beta"	"B.se"	"C.se"	"D.se"	"E.se"	"A.rate"	"B.rate"	"C.rate"	"D.rate"	"E.rate"
"699"	-0.632721852669823	-0.303859260105079	-0.17948484147025	-0.958261016723738	0.478003939698879	0.312588307135541	1.17155114157818	0.859175470490805	0.230769230769231	0.384615384615385	0.384615384615385	0.384615384615385	0.230769230769231
