"B.beta"	"C.beta"	"D.beta"	"E.beta"	"B.se"	"C.se"	"D.se"	"E.se"	"A.rate"	"B.rate"	"C.rate"	"D.rate"	"E.rate"
"509"	-0.214277902828742	0.0313676607789531	-0.483921948086103	-0.391441821099436	0.39397309077594	0.746390849788885	0.476696008528635	0.296359758410409	0.230769230769231	0.384615384615385	0.384615384615385	0.384615384615385	0.384615384615385
