"B.beta"	"C.beta"	"D.beta"	"E.beta"	"B.se"	"C.se"	"D.se"	"E.se"	"A.rate"	"B.rate"	"C.rate"	"D.rate"	"E.rate"
"772"	-0.481896959013022	0.215736113203514	-0.225704237932703	-0.437074259396428	0.316523927814832	0.364438995664565	0.743545240938158	0.570060670821141	0.230769230769231	0.384615384615385	0.230769230769231	0.230769230769231	0.230769230769231
