"B.beta"	"C.beta"	"D.beta"	"E.beta"	"B.se"	"C.se"	"D.se"	"E.se"	"A.rate"	"B.rate"	"C.rate"	"D.rate"	"E.rate"
"570"	-0.350492628956213	-0.915532673852627	0.0506939116511338	0.20552973953283	0.430163547999069	1.53215920395474	0.295136317091616	1.07321049549339	0.230769230769231	0.384615384615385	0.230769230769231	0.384615384615385	0.230769230769231
