"B.beta"	"C.beta"	"D.beta"	"E.beta"	"B.se"	"C.se"	"D.se"	"E.se"	"A.rate"	"B.rate"	"C.rate"	"D.rate"	"E.rate"
"676"	-0.374622302013969	-0.291054584591387	-0.351283502522836	-0.199636110413251	0.436147378855002	0.43578664285632	0.979713058578126	0.700080505464776	0.230769230769231	0.384615384615385	0.384615384615385	0.384615384615385	0.230769230769231
