"B.beta"	"C.beta"	"D.beta"	"E.beta"	"B.se"	"C.se"	"D.se"	"E.se"	"A.rate"	"B.rate"	"C.rate"	"D.rate"	"E.rate"
"704"	-0.948519769941225	-0.158903970604612	-0.143216267791438	-0.281595592808166	1.17240091447343	0.808343958196068	0.975896202935765	1.03054013024243	0.230769230769231	0.384615384615385	0.384615384615385	0.230769230769231	0.230769230769231
