"B.beta"	"C.beta"	"D.beta"	"E.beta"	"B.se"	"C.se"	"D.se"	"E.se"	"A.rate"	"B.rate"	"C.rate"	"D.rate"	"E.rate"
"200"	-0.411388875583119	-1.00408744756763	-0.474074099349671	0.228174102738575	0.333768006617462	0.594183746224144	0.719816899543853	1.06335634576805	0.230769230769231	0.384615384615385	0.384615384615385	0.230769230769231	0.230769230769231
