"B.beta"	"C.beta"	"D.beta"	"E.beta"	"B.se"	"C.se"	"D.se"	"E.se"	"A.rate"	"B.rate"	"C.rate"	"D.rate"	"E.rate"
"682"	-0.91565474156433	-0.245819643666016	-0.584333735907103	-0.91625231625404	0.439118411361862	0.373502246604651	0.361979943219113	2.78811332879847	0.230769230769231	0.384615384615385	0.384615384615385	0.384615384615385	0.230769230769231
