"B.beta"	"C.beta"	"D.beta"	"E.beta"	"B.se"	"C.se"	"D.se"	"E.se"	"A.rate"	"B.rate"	"C.rate"	"D.rate"	"E.rate"
"315"	-0.239554221891248	-0.406276397653056	0.100503385826185	-0.781506488006947	0.551708072548597	0.620578558223171	0.562758244294639	0.665674438408149	0.230769230769231	0.384615384615385	0.230769230769231	0.384615384615385	0.230769230769231
