"B.beta"	"C.beta"	"D.beta"	"E.beta"	"B.se"	"C.se"	"D.se"	"E.se"	"A.rate"	"B.rate"	"C.rate"	"D.rate"	"E.rate"
"341"	-0.273479358117004	-0.481760560926665	-1.11819124362343	-0.959412911570065	0.55400089097396	0.424008688075708	1.10695424653966	2.12769966244639	0.230769230769231	0.384615384615385	0.384615384615385	0.230769230769231	0.230769230769231
