"B.beta"	"C.beta"	"D.beta"	"E.beta"	"B.se"	"C.se"	"D.se"	"E.se"	"A.rate"	"B.rate"	"C.rate"	"D.rate"	"E.rate"
"225"	-0.389938416554989	-0.167008045930727	-0.0900044893309827	-0.283649820705284	0.258797625779237	0.589415534239284	0.552340987018147	0.46103141654656	0.230769230769231	0.384615384615385	0.384615384615385	0.384615384615385	0.230769230769231
