"B.beta"	"C.beta"	"D.beta"	"E.beta"	"B.se"	"C.se"	"D.se"	"E.se"	"A.rate"	"B.rate"	"C.rate"	"D.rate"	"E.rate"
"902"	-0.333185732248643	-0.359658143442026	-0.965743506460271	-0.0533724694867396	0.293967232104968	0.619570498796584	0.717397315689661	1.04978606131537	0.230769230769231	0.384615384615385	0.384615384615385	0.230769230769231	0.230769230769231
