"B.beta"	"C.beta"	"D.beta"	"E.beta"	"B.se"	"C.se"	"D.se"	"E.se"	"A.rate"	"B.rate"	"C.rate"	"D.rate"	"E.rate"
"832"	-0.585541062368641	-0.316548499700188	-0.707245948539611	-5.75070753407121	0.471953505129807	1.19935150462132	0.751049789443476	692240.046717408	0.230769230769231	0.384615384615385	0.384615384615385	0.230769230769231	0.230769230769231
