"B.beta"	"C.beta"	"D.beta"	"E.beta"	"B.se"	"C.se"	"D.se"	"E.se"	"A.rate"	"B.rate"	"C.rate"	"D.rate"	"E.rate"
"385"	-0.59870858413152	-0.0587713548023155	0.442537660975452	-0.702584379677347	0.615451292812484	0.800409145603455	0.572907887926506	0.792823810955906	0.230769230769231	0.384615384615385	0.384615384615385	0.230769230769231	0.230769230769231
