"B.beta"	"C.beta"	"D.beta"	"E.beta"	"B.se"	"C.se"	"D.se"	"E.se"	"A.rate"	"B.rate"	"C.rate"	"D.rate"	"E.rate"
"888"	0.175450099592939	-0.0739696639982882	0.00244726375933468	0.212914044780855	0.842871164074869	0.772552973366602	0.586076320976293	0.785989335418788	0.230769230769231	0.384615384615385	0.384615384615385	0.384615384615385	0.230769230769231
