"B.beta"	"C.beta"	"D.beta"	"E.beta"	"B.se"	"C.se"	"D.se"	"E.se"	"A.rate"	"B.rate"	"C.rate"	"D.rate"	"E.rate"
"933"	-0.0632528511931446	-1.07003049006052	-0.597370093715751	-0.747819752825008	0.489158636669649	0.412843555387545	0.774901445699384	0.58313250762981	0.230769230769231	0.384615384615385	0.384615384615385	0.384615384615385	0.230769230769231
