"B.beta"	"C.beta"	"D.beta"	"E.beta"	"B.se"	"C.se"	"D.se"	"E.se"	"A.rate"	"B.rate"	"C.rate"	"D.rate"	"E.rate"
"0"	-1.41801379283347	-0.450876153631521	-0.2424961265831	-0.212470228457736	0.979342486365572	1.75440730860536	0.593013292289885	0.521002316383612	0.230769230769231	0.384615384615385	0.230769230769231	0.230769230769231	0.230769230769231
