"B.beta"	"C.beta"	"D.beta"	"E.beta"	"B.se"	"C.se"	"D.se"	"E.se"	"A.rate"	"B.rate"	"C.rate"	"D.rate"	"E.rate"
"568"	-0.717866540214223	-0.495639831175154	-0.949057309499465	-1.12634929323058	0.298742445504125	0.552468561689063	0.411702608140274	0.920850017352541	0.230769230769231	0.384615384615385	0.230769230769231	0.384615384615385	0.230769230769231
