"B.beta"	"C.beta"	"D.beta"	"E.beta"	"B.se"	"C.se"	"D.se"	"E.se"	"A.rate"	"B.rate"	"C.rate"	"D.rate"	"E.rate"
"314"	0.219044900157003	-0.462991067161649	-0.169790663445698	0.143949782731275	1.14042262167696	0.738711152105791	0.575770290528029	0.7127516400667	0.230769230769231	0.384615384615385	0.230769230769231	0.384615384615385	0.230769230769231
