"B.beta"	"C.beta"	"D.beta"	"E.beta"	"B.se"	"C.se"	"D.se"	"E.se"	"A.rate"	"B.rate"	"C.rate"	"D.rate"	"E.rate"
"628"	-0.922300853347892	-0.185913807896515	-0.225765797888658	-0.974899090864682	0.363929457732075	0.665546104053864	0.251499268544279	1.00372731086727	0.230769230769231	0.384615384615385	0.384615384615385	0.384615384615385	0.230769230769231
