"B.beta"	"C.beta"	"D.beta"	"E.beta"	"B.se"	"C.se"	"D.se"	"E.se"	"A.rate"	"B.rate"	"C.rate"	"D.rate"	"E.rate"
"140"	-0.62088147264122	-1.00858895297752	-0.687434367757999	-0.842340746463195	0.491151668443233	2.12170107404737	0.471001157640026	0.425852173552972	0.230769230769231	0.384615384615385	0.384615384615385	0.230769230769231	0.384615384615385
