"B.beta"	"C.beta"	"D.beta"	"E.beta"	"B.se"	"C.se"	"D.se"	"E.se"	"A.rate"	"B.rate"	"C.rate"	"D.rate"	"E.rate"
"361"	-0.556455835516423	-0.630046738221462	-0.219622577989728	-0.309684429201636	0.26348337751556	0.564591827765001	0.301119324587924	0.53947473065425	0.230769230769231	0.384615384615385	0.384615384615385	0.384615384615385	0.230769230769231
