"B.beta"	"C.beta"	"D.beta"	"E.beta"	"B.se"	"C.se"	"D.se"	"E.se"	"A.rate"	"B.rate"	"C.rate"	"D.rate"	"E.rate"
"404"	0.168326042272279	0.256216203516369	-0.672490929071858	-1.22390583397655	1.19398035549936	0.627596169646867	1.00378128492464	1.26414298556234	0.230769230769231	0.384615384615385	0.384615384615385	0.230769230769231	0.230769230769231
