"B.beta"	"C.beta"	"D.beta"	"E.beta"	"B.se"	"C.se"	"D.se"	"E.se"	"A.rate"	"B.rate"	"C.rate"	"D.rate"	"E.rate"
"291"	-0.580319725314422	-0.483642445455099	-0.462120354767682	-0.56493562668702	0.296363802274883	0.487624666229524	0.340662205383853	0.604100265427618	0.230769230769231	0.384615384615385	0.230769230769231	0.384615384615385	0.230769230769231
