"B.beta"	"C.beta"	"D.beta"	"E.beta"	"B.se"	"C.se"	"D.se"	"E.se"	"A.rate"	"B.rate"	"C.rate"	"D.rate"	"E.rate"
"49"	-0.190218332727197	-0.38317070990603	-1.16654944396261	0.222302937050843	0.609772369634063	0.520515459882441	1.72769282394244	0.411691419836811	0.230769230769231	0.384615384615385	0.230769230769231	0.384615384615385	0.230769230769231
