"B.beta"	"C.beta"	"D.beta"	"E.beta"	"B.se"	"C.se"	"D.se"	"E.se"	"A.rate"	"B.rate"	"C.rate"	"D.rate"	"E.rate"
"737"	-1.15000799318013	-0.82955373052428	-0.476019199663558	-0.409912007903064	0.581689873257127	0.339061344661265	0.46821731409938	0.776650001298942	0.230769230769231	0.384615384615385	0.384615384615385	0.384615384615385	0.230769230769231
