"B.beta"	"C.beta"	"D.beta"	"E.beta"	"B.se"	"C.se"	"D.se"	"E.se"	"A.rate"	"B.rate"	"C.rate"	"D.rate"	"E.rate"
"701"	-0.41421898154976	-0.572044467776378	-0.228522478510935	-0.794341597663297	0.345628791231278	0.540977476369971	0.283479887144542	0.406811383954801	0.230769230769231	0.384615384615385	0.384615384615385	0.384615384615385	0.384615384615385
