"B.beta"	"C.beta"	"D.beta"	"E.beta"	"B.se"	"C.se"	"D.se"	"E.se"	"A.rate"	"B.rate"	"C.rate"	"D.rate"	"E.rate"
"468"	-0.897286524243697	-1.0502152665901	-0.633998918817976	-0.41469468212014	0.465760271507223	1.18478198327375	0.96355541539447	1.16840687580188	0.230769230769231	0.384615384615385	0.384615384615385	0.230769230769231	0.230769230769231
