"B.beta"	"C.beta"	"D.beta"	"E.beta"	"B.se"	"C.se"	"D.se"	"E.se"	"A.rate"	"B.rate"	"C.rate"	"D.rate"	"E.rate"
"160"	-0.24714078408173	-0.260925767290828	-0.442565835792088	-6.04240554889989	0.362472492008765	0.322352376658504	0.483689073315373	680605.940343763	0.230769230769231	0.384615384615385	0.384615384615385	0.384615384615385	0.230769230769231
