"B.beta"	"C.beta"	"D.beta"	"E.beta"	"B.se"	"C.se"	"D.se"	"E.se"	"A.rate"	"B.rate"	"C.rate"	"D.rate"	"E.rate"
"1020"	-0.311584994375315	0.0375827406987183	0.163123848963537	-0.920046590532434	0.590039139452455	0.511716212487785	0.800315388982626	0.670817606154422	0.230769230769231	0.384615384615385	0.384615384615385	0.384615384615385	0.384615384615385
