"B.beta"	"C.beta"	"D.beta"	"E.beta"	"B.se"	"C.se"	"D.se"	"E.se"	"A.rate"	"B.rate"	"C.rate"	"D.rate"	"E.rate"
"952"	-0.972549433453655	-0.320017186913832	-0.227232112153917	-0.863413347768266	4.06299106340729	0.941170144565167	0.431234924365872	1.62666695186708	0.230769230769231	0.384615384615385	0.384615384615385	0.384615384615385	0.230769230769231
