"B.beta"	"C.beta"	"D.beta"	"E.beta"	"B.se"	"C.se"	"D.se"	"E.se"	"A.rate"	"B.rate"	"C.rate"	"D.rate"	"E.rate"
"327"	-0.178336968198606	-0.466046774687429	-0.275177421005205	-0.170753697489861	0.266750985061038	1.04928865964437	0.468776722429739	0.644204979772655	0.230769230769231	0.384615384615385	0.384615384615385	0.230769230769231	0.230769230769231
