"B.beta"	"C.beta"	"D.beta"	"E.beta"	"B.se"	"C.se"	"D.se"	"E.se"	"A.rate"	"B.rate"	"C.rate"	"D.rate"	"E.rate"
"954"	0.00349383788638303	-0.0949038703137796	-0.755850603857953	-0.156118015366145	0.323097826467493	0.279797725077308	0.850655202200026	0.648471614107965	0.230769230769231	0.384615384615385	0.384615384615385	0.384615384615385	0.230769230769231
