"B.beta"	"C.beta"	"D.beta"	"E.beta"	"B.se"	"C.se"	"D.se"	"E.se"	"A.rate"	"B.rate"	"C.rate"	"D.rate"	"E.rate"
"319"	0.116380077801899	-0.260309731065453	-0.221463452211732	0.0852021191457519	0.424396681210201	0.962053810000992	0.331209351216916	0.584921313731684	0.230769230769231	0.384615384615385	0.230769230769231	0.384615384615385	0.384615384615385
