"B.beta"	"C.beta"	"D.beta"	"E.beta"	"B.se"	"C.se"	"D.se"	"E.se"	"A.rate"	"B.rate"	"C.rate"	"D.rate"	"E.rate"
"596"	-0.416367588205191	-0.196013436457915	-0.351685839164531	-0.423278658594675	0.405592596650613	0.271443647150454	1.08232672839582	1.57662893082258	0.230769230769231	0.384615384615385	0.384615384615385	0.230769230769231	0.230769230769231
