"B.beta"	"C.beta"	"D.beta"	"E.beta"	"B.se"	"C.se"	"D.se"	"E.se"	"A.rate"	"B.rate"	"C.rate"	"D.rate"	"E.rate"
"153"	-0.961158618640786	-0.425344559886616	0.260714271627921	0.0591163905292973	1.20796834207017	0.807390206854474	0.324830735099006	0.560008665809821	0.230769230769231	0.384615384615385	0.384615384615385	0.230769230769231	0.230769230769231
