"B.beta"	"C.beta"	"D.beta"	"E.beta"	"B.se"	"C.se"	"D.se"	"E.se"	"A.rate"	"B.rate"	"C.rate"	"D.rate"	"E.rate"
"599"	-0.0286707318675101	-0.33359654602828	-0.333176955602839	-0.70553216418591	1.11490017940489	0.575160480067958	0.840364108089447	0.67061571303857	0.230769230769231	0.384615384615385	0.384615384615385	0.230769230769231	0.230769230769231
