"B.beta"	"C.beta"	"D.beta"	"E.beta"	"B.se"	"C.se"	"D.se"	"E.se"	"A.rate"	"B.rate"	"C.rate"	"D.rate"	"E.rate"
"262"	0.00423145226244074	-0.515248196727932	-0.661148108085923	-0.00688623867304456	0.497008474997959	1.25611627537983	0.590967441268972	0.571065579484779	0.230769230769231	0.384615384615385	0.230769230769231	0.230769230769231	0.230769230769231
