"B.beta"	"C.beta"	"D.beta"	"E.beta"	"B.se"	"C.se"	"D.se"	"E.se"	"A.rate"	"B.rate"	"C.rate"	"D.rate"	"E.rate"
"877"	-0.359240880627216	-0.207531247509861	-0.167436233192579	-0.637058378417303	0.714657087799273	0.27477650360073	0.712599239194683	0.510354920595572	0.230769230769231	0.384615384615385	0.384615384615385	0.384615384615385	0.384615384615385
