"B.beta"	"C.beta"	"D.beta"	"E.beta"	"B.se"	"C.se"	"D.se"	"E.se"	"A.rate"	"B.rate"	"C.rate"	"D.rate"	"E.rate"
"823"	-1.20072672739024	-1.35803712564471	0.241025932873345	-1.15368578483378	0.370739938510827	2.99169038536041	0.435308225773162	2.21562601196031	0.230769230769231	0.384615384615385	0.230769230769231	0.384615384615385	0.230769230769231
