"B.beta"	"C.beta"	"D.beta"	"E.beta"	"B.se"	"C.se"	"D.se"	"E.se"	"A.rate"	"B.rate"	"C.rate"	"D.rate"	"E.rate"
"790"	-0.532350637677764	-0.374794022961205	-0.187737866576486	0.0871045748908642	0.40461052565196	0.740120612217088	1.52549924216192	0.603187152760121	0.230769230769231	0.384615384615385	0.230769230769231	0.230769230769231	0.230769230769231
