"B.beta"	"C.beta"	"D.beta"	"E.beta"	"B.se"	"C.se"	"D.se"	"E.se"	"A.rate"	"B.rate"	"C.rate"	"D.rate"	"E.rate"
"257"	-0.420799616090369	-0.485093805077067	-0.254694494900889	-0.426863068324646	0.371929938591457	0.400600241255303	0.486055857735219	0.952358367502182	0.230769230769231	0.384615384615385	0.230769230769231	0.230769230769231	0.230769230769231
