"B.beta"	"C.beta"	"D.beta"	"E.beta"	"B.se"	"C.se"	"D.se"	"E.se"	"A.rate"	"B.rate"	"C.rate"	"D.rate"	"E.rate"
"256"	-0.622796611862318	-0.339753922817945	-0.936889600171813	-1.40828805978964	0.388181606716129	0.662960389476998	1.47407461980779	1.06687961163696	0.230769230769231	0.384615384615385	0.230769230769231	0.230769230769231	0.230769230769231
