"B.beta"	"C.beta"	"D.beta"	"E.beta"	"B.se"	"C.se"	"D.se"	"E.se"	"A.rate"	"B.rate"	"C.rate"	"D.rate"	"E.rate"
"657"	-0.612045367315153	-0.588118812367693	-0.117120543637777	-0.79308527368456	0.61379829849719	0.371636688006335	0.709640850669199	0.479001823342296	0.230769230769231	0.384615384615385	0.384615384615385	0.230769230769231	0.230769230769231
