"B.beta"	"C.beta"	"D.beta"	"E.beta"	"B.se"	"C.se"	"D.se"	"E.se"	"A.rate"	"B.rate"	"C.rate"	"D.rate"	"E.rate"
"226"	0.272635751933016	-0.530150458177512	-0.686134784437639	-0.514329128887599	0.679798000732744	0.628030534645921	0.567651738365704	1.1311570894253	0.230769230769231	0.384615384615385	0.384615384615385	0.384615384615385	0.230769230769231
