"B.beta"	"C.beta"	"D.beta"	"E.beta"	"B.se"	"C.se"	"D.se"	"E.se"	"A.rate"	"B.rate"	"C.rate"	"D.rate"	"E.rate"
"201"	-0.32116776489143	-0.278696458225218	-0.524296451225504	-0.820981789329132	0.284391354049405	0.368689934651629	0.753364281859535	2.27581209843054	0.230769230769231	0.384615384615385	0.384615384615385	0.230769230769231	0.230769230769231
