"B.beta"	"C.beta"	"D.beta"	"E.beta"	"B.se"	"C.se"	"D.se"	"E.se"	"A.rate"	"B.rate"	"C.rate"	"D.rate"	"E.rate"
"417"	-0.82408497695812	-1.00929581440864	-0.233815777121377	0.0798477640726157	1.54642633673595	0.889215701246071	1.84645850575959	0.67328585839347	0.230769230769231	0.384615384615385	0.384615384615385	0.384615384615385	0.230769230769231
