"B.beta"	"C.beta"	"D.beta"	"E.beta"	"B.se"	"C.se"	"D.se"	"E.se"	"A.rate"	"B.rate"	"C.rate"	"D.rate"	"E.rate"
"3"	-0.00986983417290398	-1.38034782416038	-0.875167336631567	-6.4964100059312	0.706785566248205	0.842623469569455	0.849623916343511	1282242.16607881	0.230769230769231	0.384615384615385	0.230769230769231	0.230769230769231	0.230769230769231
