"B.beta"	"C.beta"	"D.beta"	"E.beta"	"B.se"	"C.se"	"D.se"	"E.se"	"A.rate"	"B.rate"	"C.rate"	"D.rate"	"E.rate"
"187"	0.00629478555203096	0.0800392385296498	-0.0150155093526934	-0.445353759088863	0.693050576182773	0.323092221110126	0.50514825271825	1.46116285143153	0.230769230769231	0.384615384615385	0.384615384615385	0.384615384615385	0.230769230769231
