"B.beta"	"C.beta"	"D.beta"	"E.beta"	"B.se"	"C.se"	"D.se"	"E.se"	"A.rate"	"B.rate"	"C.rate"	"D.rate"	"E.rate"
"69"	-0.104387879279042	-0.44886799175459	-0.547009363142633	-0.605772521019611	0.363422324041543	0.596714663214435	0.841494089099613	0.741085641449938	0.230769230769231	0.384615384615385	0.384615384615385	0.230769230769231	0.230769230769231
