"B.beta"	"C.beta"	"D.beta"	"E.beta"	"B.se"	"C.se"	"D.se"	"E.se"	"A.rate"	"B.rate"	"C.rate"	"D.rate"	"E.rate"
"11"	-0.511357654115783	-0.130495776351325	0.481164969225562	-6.01041127172694	1.23631816900024	0.461239510220724	0.433023683135867	661723.697359628	0.230769230769231	0.384615384615385	0.230769230769231	0.230769230769231	0.230769230769231
