"B.beta"	"C.beta"	"D.beta"	"E.beta"	"B.se"	"C.se"	"D.se"	"E.se"	"A.rate"	"B.rate"	"C.rate"	"D.rate"	"E.rate"
"196"	0.00731323031940267	0.0350264298398042	-0.908286495796543	-0.512856198605937	0.574775518792407	0.345908833435164	0.745279132399259	0.452349587220621	0.230769230769231	0.384615384615385	0.384615384615385	0.230769230769231	0.230769230769231
