"B.beta"	"C.beta"	"D.beta"	"E.beta"	"B.se"	"C.se"	"D.se"	"E.se"	"A.rate"	"B.rate"	"C.rate"	"D.rate"	"E.rate"
"434"	-0.991003590684015	-0.0369333009426634	0.126193102051672	-0.169817806346743	1.46337200522214	0.495991170068734	0.471457573427151	0.907485046341253	0.230769230769231	0.384615384615385	0.384615384615385	0.384615384615385	0.230769230769231
