"B.beta"	"C.beta"	"D.beta"	"E.beta"	"B.se"	"C.se"	"D.se"	"E.se"	"A.rate"	"B.rate"	"C.rate"	"D.rate"	"E.rate"
"939"	-0.28619446560921	-0.295596163925367	-0.685011488603963	-0.415197731323755	0.397776354308802	0.746455588615507	2.49101544684624	0.419289397475622	0.230769230769231	0.384615384615385	0.384615384615385	0.384615384615385	0.230769230769231
