"B.beta"	"C.beta"	"D.beta"	"E.beta"	"B.se"	"C.se"	"D.se"	"E.se"	"A.rate"	"B.rate"	"C.rate"	"D.rate"	"E.rate"
"110"	-0.582137016310305	-0.717512052230052	-0.48705524782837	-0.0551387766369258	0.548399783402102	0.34335876165695	0.356506012785778	0.308021324065605	0.230769230769231	0.384615384615385	0.384615384615385	0.384615384615385	0.384615384615385
