"B.beta"	"C.beta"	"D.beta"	"E.beta"	"B.se"	"C.se"	"D.se"	"E.se"	"A.rate"	"B.rate"	"C.rate"	"D.rate"	"E.rate"
"533"	-0.643597644219313	-5.81294842184521	0.0692675477228335	0.264577361787053	1.08890066752688	508984.589006669	1.10727621235431	0.96652669033129	0.230769230769231	0.384615384615385	0.230769230769231	0.230769230769231	0.230769230769231
