"B.beta"	"C.beta"	"D.beta"	"E.beta"	"B.se"	"C.se"	"D.se"	"E.se"	"A.rate"	"B.rate"	"C.rate"	"D.rate"	"E.rate"
"506"	0.0294124941484589	-0.309173828580012	-0.96913724744858	-0.560634615626042	0.676484557144676	0.353397131995196	0.514245454845885	0.657425068898448	0.230769230769231	0.384615384615385	0.384615384615385	0.384615384615385	0.230769230769231
