"B.beta"	"C.beta"	"D.beta"	"E.beta"	"B.se"	"C.se"	"D.se"	"E.se"	"A.rate"	"B.rate"	"C.rate"	"D.rate"	"E.rate"
"485"	-0.413410787260687	-0.00722532461276218	-0.811272282978434	0.141446991371225	0.567753449413271	0.282702895861311	0.773671633589815	0.634025271393411	0.230769230769231	0.384615384615385	0.384615384615385	0.384615384615385	0.230769230769231
