"B.beta"	"C.beta"	"D.beta"	"E.beta"	"B.se"	"C.se"	"D.se"	"E.se"	"A.rate"	"B.rate"	"C.rate"	"D.rate"	"E.rate"
"109"	-0.568140710117001	-0.504110760191053	-0.0707825372185548	-0.756844784318052	0.716203119074132	1.60006763576865	0.258895917394966	1.33462604359591	0.230769230769231	0.384615384615385	0.384615384615385	0.384615384615385	0.384615384615385
