"B.beta"	"C.beta"	"D.beta"	"E.beta"	"B.se"	"C.se"	"D.se"	"E.se"	"A.rate"	"B.rate"	"C.rate"	"D.rate"	"E.rate"
"35"	-0.265449088510336	-0.226619979665046	0.0461779541398983	-0.451633429087172	0.488146237250514	0.602607654881423	0.310596781203554	0.74276202947572	0.230769230769231	0.384615384615385	0.230769230769231	0.384615384615385	0.230769230769231
