"B.beta"	"C.beta"	"D.beta"	"E.beta"	"B.se"	"C.se"	"D.se"	"E.se"	"A.rate"	"B.rate"	"C.rate"	"D.rate"	"E.rate"
"784"	-0.203662481358975	-0.659600547020363	-0.675084668973819	-0.35533844125646	0.810439410739023	0.467352080228312	0.495861555021504	0.675493085932241	0.230769230769231	0.384615384615385	0.230769230769231	0.230769230769231	0.230769230769231
