"B.beta"	"C.beta"	"D.beta"	"E.beta"	"B.se"	"C.se"	"D.se"	"E.se"	"A.rate"	"B.rate"	"C.rate"	"D.rate"	"E.rate"
"238"	-0.528719405831346	-0.698527168971981	-0.471125778995722	-0.0467145973988968	0.575889199935417	0.39906869063382	0.473474580440222	0.548878646120643	0.230769230769231	0.384615384615385	0.384615384615385	0.384615384615385	0.384615384615385
