"B.beta"	"C.beta"	"D.beta"	"E.beta"	"B.se"	"C.se"	"D.se"	"E.se"	"A.rate"	"B.rate"	"C.rate"	"D.rate"	"E.rate"
"473"	-0.0872631216268351	-0.372421848696837	0.0324398617871854	-0.31804846950025	0.574672954562449	0.301744503785465	0.437638840771171	0.483171007135186	0.230769230769231	0.384615384615385	0.384615384615385	0.230769230769231	0.230769230769231
