"B.beta"	"C.beta"	"D.beta"	"E.beta"	"B.se"	"C.se"	"D.se"	"E.se"	"A.rate"	"B.rate"	"C.rate"	"D.rate"	"E.rate"
"136"	-0.174514066042617	-0.176823653435246	-0.604528392882764	-0.568927112148182	0.380947438187792	1.03901475499087	0.484647795051836	0.786332925708391	0.230769230769231	0.384615384615385	0.384615384615385	0.230769230769231	0.230769230769231
