"B.beta"	"C.beta"	"D.beta"	"E.beta"	"B.se"	"C.se"	"D.se"	"E.se"	"A.rate"	"B.rate"	"C.rate"	"D.rate"	"E.rate"
"405"	0.634628880200505	-0.656925668969052	-0.811848204034962	-0.245679524673086	1.31984869201275	0.755510264301778	0.502550257131575	0.582603088107087	0.230769230769231	0.384615384615385	0.384615384615385	0.230769230769231	0.230769230769231
