"B.beta"	"C.beta"	"D.beta"	"E.beta"	"B.se"	"C.se"	"D.se"	"E.se"	"A.rate"	"B.rate"	"C.rate"	"D.rate"	"E.rate"
"202"	-0.254838946391573	-0.743895758190656	-0.812864330319837	-0.253810302710884	0.373330874436168	0.343212190520505	1.19844071351835	1.32572667409692	0.230769230769231	0.384615384615385	0.384615384615385	0.230769230769231	0.230769230769231
