"B.beta"	"C.beta"	"D.beta"	"E.beta"	"B.se"	"C.se"	"D.se"	"E.se"	"A.rate"	"B.rate"	"C.rate"	"D.rate"	"E.rate"
"367"	-0.708882314433557	-0.0599608639292018	-0.975592533670139	0.18270986720351	0.813555582122728	0.374460306099234	0.7688508690256	0.455918302922324	0.230769230769231	0.384615384615385	0.384615384615385	0.384615384615385	0.384615384615385
