"B.beta"	"C.beta"	"D.beta"	"E.beta"	"B.se"	"C.se"	"D.se"	"E.se"	"A.rate"	"B.rate"	"C.rate"	"D.rate"	"E.rate"
"899"	-0.342187030584212	0.066114383766355	-0.757608130054301	-1.03507242327202	0.398750190575472	0.611224939573257	1.3077048387766	0.609077565674157	0.230769230769231	0.384615384615385	0.384615384615385	0.230769230769231	0.230769230769231
