"B.beta"	"C.beta"	"D.beta"	"E.beta"	"B.se"	"C.se"	"D.se"	"E.se"	"A.rate"	"B.rate"	"C.rate"	"D.rate"	"E.rate"
"353"	-0.0650043859997511	0.404413600087101	-0.161164006211213	-0.0511417651895509	0.304706849354242	0.821706379766149	0.74819533780272	0.828036065121401	0.230769230769231	0.384615384615385	0.384615384615385	0.384615384615385	0.230769230769231
