"B.beta"	"C.beta"	"D.beta"	"E.beta"	"B.se"	"C.se"	"D.se"	"E.se"	"A.rate"	"B.rate"	"C.rate"	"D.rate"	"E.rate"
"731"	-0.0242111382350215	-0.828463704960264	-0.109257641122389	-0.757658074800459	0.300685192838814	0.348178667812972	0.608277694161703	1.29137193787134	0.230769230769231	0.384615384615385	0.384615384615385	0.230769230769231	0.230769230769231
