"B.beta"	"C.beta"	"D.beta"	"E.beta"	"B.se"	"C.se"	"D.se"	"E.se"	"A.rate"	"B.rate"	"C.rate"	"D.rate"	"E.rate"
"544"	-1.21654199462991	-6.52021673637963	-0.443577969098401	-0.380806074714508	0.498767624055706	1683853.79081994	0.332290496065449	0.990208983107569	0.230769230769231	0.384615384615385	0.230769230769231	0.384615384615385	0.230769230769231
