"B.beta"	"C.beta"	"D.beta"	"E.beta"	"B.se"	"C.se"	"D.se"	"E.se"	"A.rate"	"B.rate"	"C.rate"	"D.rate"	"E.rate"
"923"	-0.294062947438919	-0.0918487289871109	-0.407926926886372	-0.155529803539998	0.918397978090711	1.0537630189251	1.01870336606628	1.50280690475576	0.230769230769231	0.384615384615385	0.384615384615385	0.230769230769231	0.230769230769231
