"B.beta"	"C.beta"	"D.beta"	"E.beta"	"B.se"	"C.se"	"D.se"	"E.se"	"A.rate"	"B.rate"	"C.rate"	"D.rate"	"E.rate"
"108"	-0.0285980335076438	0.00391514649744983	-0.266369289028978	-0.597030078657155	1.21820724107467	0.452298996114066	1.51179665875502	0.610477584198855	0.230769230769231	0.384615384615385	0.384615384615385	0.384615384615385	0.384615384615385
