"B.beta"	"C.beta"	"D.beta"	"E.beta"	"B.se"	"C.se"	"D.se"	"E.se"	"A.rate"	"B.rate"	"C.rate"	"D.rate"	"E.rate"
"896"	-0.455567691973539	-0.234176802307013	-0.671397566711747	-0.524709380013729	0.540884765090886	0.380306576804964	0.476976048859936	1.63250016680289	0.230769230769231	0.384615384615385	0.384615384615385	0.230769230769231	0.230769230769231
