"B.beta"	"C.beta"	"D.beta"	"E.beta"	"B.se"	"C.se"	"D.se"	"E.se"	"A.rate"	"B.rate"	"C.rate"	"D.rate"	"E.rate"
"797"	-0.548554449279984	-0.166578215095041	-0.775220725370151	-0.679827571506478	0.383013709145864	0.70594384977113	0.89586106749611	0.291608746356662	0.230769230769231	0.384615384615385	0.230769230769231	0.230769230769231	0.384615384615385
