"B.beta"	"C.beta"	"D.beta"	"E.beta"	"B.se"	"C.se"	"D.se"	"E.se"	"A.rate"	"B.rate"	"C.rate"	"D.rate"	"E.rate"
"977"	-0.56056605634739	-0.481448609376153	-0.700924008196893	-0.304565829087954	0.34862574224369	0.309564866507368	0.812438319635014	0.713087679566008	0.230769230769231	0.384615384615385	0.384615384615385	0.230769230769231	0.230769230769231
