"B.beta"	"C.beta"	"D.beta"	"E.beta"	"B.se"	"C.se"	"D.se"	"E.se"	"A.rate"	"B.rate"	"C.rate"	"D.rate"	"E.rate"
"979"	-0.409319337155427	-1.05031753920606	-1.17599392358925	-1.37234275232047	0.386835747871903	0.838037714438574	0.992002308104698	0.648062185002638	0.230769230769231	0.384615384615385	0.384615384615385	0.230769230769231	0.230769230769231
