"B.beta"	"C.beta"	"D.beta"	"E.beta"	"B.se"	"C.se"	"D.se"	"E.se"	"A.rate"	"B.rate"	"C.rate"	"D.rate"	"E.rate"
"164"	-0.239025318651027	-0.571791659630256	-0.0675026615494672	0.293083462578852	0.378503000455967	1.22080284916808	0.433040934165915	0.382531531439232	0.230769230769231	0.384615384615385	0.384615384615385	0.384615384615385	0.230769230769231
