"B.beta"	"C.beta"	"D.beta"	"E.beta"	"B.se"	"C.se"	"D.se"	"E.se"	"A.rate"	"B.rate"	"C.rate"	"D.rate"	"E.rate"
"1019"	-0.354287076871535	-0.378758583253409	-0.437239120674984	0.0710332124454422	1.20197087324823	0.376003814603335	0.641117165078416	0.964434583502342	0.230769230769231	0.384615384615385	0.384615384615385	0.384615384615385	0.230769230769231
