"B.beta"	"C.beta"	"D.beta"	"E.beta"	"B.se"	"C.se"	"D.se"	"E.se"	"A.rate"	"B.rate"	"C.rate"	"D.rate"	"E.rate"
"882"	-0.462637636601244	-0.480331964164798	-0.174592612399874	-0.730119977128421	0.908420288205946	0.318245900721532	1.08111688527042	0.692943499486726	0.230769230769231	0.384615384615385	0.384615384615385	0.384615384615385	0.230769230769231
