"B.beta"	"C.beta"	"D.beta"	"E.beta"	"B.se"	"C.se"	"D.se"	"E.se"	"A.rate"	"B.rate"	"C.rate"	"D.rate"	"E.rate"
"414"	-0.593233642850955	-0.115025666775851	-0.121140321206755	-0.185869496947174	0.679999646249139	2.20529520457483	0.434142720706597	1.02201970456342	0.230769230769231	0.384615384615385	0.384615384615385	0.230769230769231	0.384615384615385
