"B.beta"	"C.beta"	"D.beta"	"E.beta"	"B.se"	"C.se"	"D.se"	"E.se"	"A.rate"	"B.rate"	"C.rate"	"D.rate"	"E.rate"
"819"	-0.650636064222624	-0.45422445718351	-0.205993192136454	0.118000865122146	1.49875524441778	0.916440688464162	0.389819440156115	0.720342911041414	0.230769230769231	0.384615384615385	0.230769230769231	0.384615384615385	0.230769230769231
