"B.beta"	"C.beta"	"D.beta"	"E.beta"	"B.se"	"C.se"	"D.se"	"E.se"	"A.rate"	"B.rate"	"C.rate"	"D.rate"	"E.rate"
"293"	-0.286915608770341	-0.903234521979529	0.285925457218784	-0.0452674322369779	0.336536910536392	0.779956710697824	0.278623108681513	0.457555127477877	0.230769230769231	0.384615384615385	0.230769230769231	0.384615384615385	0.230769230769231
