"B.beta"	"C.beta"	"D.beta"	"E.beta"	"B.se"	"C.se"	"D.se"	"E.se"	"A.rate"	"B.rate"	"C.rate"	"D.rate"	"E.rate"
"644"	-0.0637956892824615	-0.835296544414518	-0.366716259582754	-0.524131296941964	0.347191891346239	0.293360329636896	0.503709809612169	0.33669506814337	0.230769230769231	0.384615384615385	0.384615384615385	0.230769230769231	0.230769230769231
