"B.beta"	"C.beta"	"D.beta"	"E.beta"	"B.se"	"C.se"	"D.se"	"E.se"	"A.rate"	"B.rate"	"C.rate"	"D.rate"	"E.rate"
"836"	-0.214218803342643	0.417691587892554	-0.117975865047051	0.249529516065364	1.9007964463788	1.32036672463291	0.485715255678189	1.4179955840736	0.230769230769231	0.384615384615385	0.384615384615385	0.230769230769231	0.230769230769231
