"B.beta"	"C.beta"	"D.beta"	"E.beta"	"B.se"	"C.se"	"D.se"	"E.se"	"A.rate"	"B.rate"	"C.rate"	"D.rate"	"E.rate"
"461"	0.285204066330738	-0.437052071795194	0.314763880362145	-0.387764186461964	0.334458902244414	0.324700139756986	2.09075120138051	0.278087823789397	0.230769230769231	0.384615384615385	0.384615384615385	0.230769230769231	0.384615384615385
