"B.beta"	"C.beta"	"D.beta"	"E.beta"	"B.se"	"C.se"	"D.se"	"E.se"	"A.rate"	"B.rate"	"C.rate"	"D.rate"	"E.rate"
"73"	-0.723303382020231	-1.24671455055948	-1.02581133324237	-0.591881742600548	0.360941128311677	0.444012243433749	0.889379979263788	1.5441439408957	0.230769230769231	0.384615384615385	0.384615384615385	0.230769230769231	0.230769230769231
