"B.beta"	"C.beta"	"D.beta"	"E.beta"	"B.se"	"C.se"	"D.se"	"E.se"	"A.rate"	"B.rate"	"C.rate"	"D.rate"	"E.rate"
"656"	-0.343218380213264	-0.503554231943481	-0.747240066429973	-0.417764128560459	0.342493702828223	1.62522654827506	2.9765945788074	0.601076192878131	0.230769230769231	0.384615384615385	0.384615384615385	0.230769230769231	0.230769230769231
