"B.beta"	"C.beta"	"D.beta"	"E.beta"	"B.se"	"C.se"	"D.se"	"E.se"	"A.rate"	"B.rate"	"C.rate"	"D.rate"	"E.rate"
"432"	-0.531023559885023	-0.436253035217343	-0.172906008122947	-0.552908595338147	0.369303683232085	0.420877191240897	0.572208480287616	0.818443597776056	0.230769230769231	0.384615384615385	0.384615384615385	0.384615384615385	0.230769230769231
