"B.beta"	"C.beta"	"D.beta"	"E.beta"	"B.se"	"C.se"	"D.se"	"E.se"	"A.rate"	"B.rate"	"C.rate"	"D.rate"	"E.rate"
"277"	-0.763855053357118	-0.502048186655281	-0.384558699556983	-0.70821299603556	0.778073510478622	0.626982952546765	0.484699636586536	1.39552738643532	0.230769230769231	0.384615384615385	0.230769230769231	0.230769230769231	0.230769230769231
