"B.beta"	"C.beta"	"D.beta"	"E.beta"	"B.se"	"C.se"	"D.se"	"E.se"	"A.rate"	"B.rate"	"C.rate"	"D.rate"	"E.rate"
"798"	-0.208253134156768	-0.915467156154119	-1.07967653612438	-0.66229492603513	0.945464977583348	2.32267776262978	1.32288021565358	0.436749146805676	0.230769230769231	0.384615384615385	0.230769230769231	0.230769230769231	0.384615384615385
