"B.beta"	"C.beta"	"D.beta"	"E.beta"	"B.se"	"C.se"	"D.se"	"E.se"	"A.rate"	"B.rate"	"C.rate"	"D.rate"	"E.rate"
"852"	-0.0324876763589545	-0.573681538875736	-0.746921371208482	-0.190279888463075	0.58720103256459	0.487875923028805	0.97913115974213	0.554794086481402	0.230769230769231	0.384615384615385	0.384615384615385	0.230769230769231	0.230769230769231
