"B.beta"	"C.beta"	"D.beta"	"E.beta"	"B.se"	"C.se"	"D.se"	"E.se"	"A.rate"	"B.rate"	"C.rate"	"D.rate"	"E.rate"
"332"	-0.3580200599811	-0.15130854160696	-0.375938361904879	-0.250567154355702	0.343383788545108	0.330580577818546	0.505730188401452	0.614819405110295	0.230769230769231	0.384615384615385	0.384615384615385	0.230769230769231	0.384615384615385
