"B.beta"	"C.beta"	"D.beta"	"E.beta"	"B.se"	"C.se"	"D.se"	"E.se"	"A.rate"	"B.rate"	"C.rate"	"D.rate"	"E.rate"
"30"	-1.05435116143285	-1.29025832248332	-0.905188373182164	-0.0883745656191196	0.784113100540109	0.890792239293914	1.02579730026171	0.39033464734826	0.230769230769231	0.384615384615385	0.230769230769231	0.230769230769231	0.384615384615385
