"B.beta"	"C.beta"	"D.beta"	"E.beta"	"B.se"	"C.se"	"D.se"	"E.se"	"A.rate"	"B.rate"	"C.rate"	"D.rate"	"E.rate"
"469"	-0.787875054295586	-0.325874642154966	-0.221662826157613	-0.259060378033663	0.51295074651355	0.391479719669054	0.777197876906669	0.420320655879904	0.230769230769231	0.384615384615385	0.384615384615385	0.230769230769231	0.230769230769231
