"B.beta"	"C.beta"	"D.beta"	"E.beta"	"B.se"	"C.se"	"D.se"	"E.se"	"A.rate"	"B.rate"	"C.rate"	"D.rate"	"E.rate"
"101"	-0.12783941068071	-0.033503153774546	0.0637921566332719	-0.575403178501295	0.296269187230886	0.291337577883245	1.07889621969101	2.15002677852837	0.230769230769231	0.384615384615385	0.384615384615385	0.384615384615385	0.230769230769231
