"B.beta"	"C.beta"	"D.beta"	"E.beta"	"B.se"	"C.se"	"D.se"	"E.se"	"A.rate"	"B.rate"	"C.rate"	"D.rate"	"E.rate"
"924"	-0.011387643826823	-0.28070558910511	-0.69392583857888	-0.5485538252597	0.627095594604616	0.311329523298104	2.77524508626388	0.808812847713216	0.230769230769231	0.384615384615385	0.384615384615385	0.230769230769231	0.384615384615385
