"B.beta"	"C.beta"	"D.beta"	"E.beta"	"B.se"	"C.se"	"D.se"	"E.se"	"A.rate"	"B.rate"	"C.rate"	"D.rate"	"E.rate"
"827"	-0.0738467456433971	-0.799224455168093	-0.429140553305972	-1.41149682072821	0.506748458000189	0.761583856422664	0.998530495415721	1.10688897681928	0.230769230769231	0.384615384615385	0.230769230769231	0.384615384615385	0.230769230769231
