"B.beta"	"C.beta"	"D.beta"	"E.beta"	"B.se"	"C.se"	"D.se"	"E.se"	"A.rate"	"B.rate"	"C.rate"	"D.rate"	"E.rate"
"866"	-0.774214995984614	-0.19562113165111	-0.313264196953301	-0.18142682924326	0.569644900220003	0.304649187033334	0.454966861596917	0.423054216782216	0.230769230769231	0.384615384615385	0.384615384615385	0.384615384615385	0.230769230769231
