"B.beta"	"C.beta"	"D.beta"	"E.beta"	"B.se"	"C.se"	"D.se"	"E.se"	"A.rate"	"B.rate"	"C.rate"	"D.rate"	"E.rate"
"985"	-0.525020334935454	-0.454675074717309	-0.0250017715368471	-0.958217553046616	0.585922816578095	0.52507832808332	0.461989754016612	0.53317983268897	0.230769230769231	0.384615384615385	0.384615384615385	0.230769230769231	0.230769230769231
