"B.beta"	"C.beta"	"D.beta"	"E.beta"	"B.se"	"C.se"	"D.se"	"E.se"	"A.rate"	"B.rate"	"C.rate"	"D.rate"	"E.rate"
"163"	-0.296332580386738	-0.689070557286605	-0.572993829058892	-6.75438827638864	0.284687846284068	0.820958624934184	0.329462181500671	693360.361054904	0.230769230769231	0.384615384615385	0.384615384615385	0.384615384615385	0.230769230769231
