"B.beta"	"C.beta"	"D.beta"	"E.beta"	"B.se"	"C.se"	"D.se"	"E.se"	"A.rate"	"B.rate"	"C.rate"	"D.rate"	"E.rate"
"503"	-0.570663986936506	-0.546421418610537	-0.737483227152644	-1.03155421621917	1.32230542392192	1.23732790907362	0.422997001226195	0.879139596034767	0.230769230769231	0.384615384615385	0.384615384615385	0.384615384615385	0.230769230769231
