"B.beta"	"C.beta"	"D.beta"	"E.beta"	"B.se"	"C.se"	"D.se"	"E.se"	"A.rate"	"B.rate"	"C.rate"	"D.rate"	"E.rate"
"236"	-0.0767495402578235	-0.0510081151340684	-0.22733814870169	0.171411473697128	0.694937257904183	0.7997803576349	0.672632120337529	0.396029255535141	0.230769230769231	0.384615384615385	0.384615384615385	0.384615384615385	0.384615384615385
