"B.beta"	"C.beta"	"D.beta"	"E.beta"	"B.se"	"C.se"	"D.se"	"E.se"	"A.rate"	"B.rate"	"C.rate"	"D.rate"	"E.rate"
"615"	-0.542335168482145	-0.593677991644067	-0.713581578732855	-0.912969688491524	1.08000486337018	1.20993602970108	0.649438340359651	0.881936093327995	0.230769230769231	0.384615384615385	0.384615384615385	0.384615384615385	0.230769230769231
