"B.beta"	"C.beta"	"D.beta"	"E.beta"	"B.se"	"C.se"	"D.se"	"E.se"	"A.rate"	"B.rate"	"C.rate"	"D.rate"	"E.rate"
"547"	-1.00434838593006	-0.755721884526086	-0.477751043202492	-0.274210928147209	0.641347089681495	0.740942969100593	0.666980485143204	0.605486325126549	0.230769230769231	0.384615384615385	0.230769230769231	0.384615384615385	0.230769230769231
