"B.beta"	"C.beta"	"D.beta"	"E.beta"	"B.se"	"C.se"	"D.se"	"E.se"	"A.rate"	"B.rate"	"C.rate"	"D.rate"	"E.rate"
"451"	-0.629209416685801	-0.431402208354833	-0.501908509478042	-0.662438951868459	0.311333805087229	1.02872077889697	0.449742387583116	0.836666514637488	0.230769230769231	0.384615384615385	0.384615384615385	0.230769230769231	0.230769230769231
