"B.beta"	"C.beta"	"D.beta"	"E.beta"	"B.se"	"C.se"	"D.se"	"E.se"	"A.rate"	"B.rate"	"C.rate"	"D.rate"	"E.rate"
"786"	-0.216832189809309	-0.0912414557447703	-0.714209599661418	-1.18268893723103	0.429985097415627	0.492401046071791	0.631633245412354	0.650216097701955	0.230769230769231	0.384615384615385	0.230769230769231	0.230769230769231	0.230769230769231
