"B.beta"	"C.beta"	"D.beta"	"E.beta"	"B.se"	"C.se"	"D.se"	"E.se"	"A.rate"	"B.rate"	"C.rate"	"D.rate"	"E.rate"
"191"	-0.467037767429185	-0.872324252544713	-0.72169950145257	-0.0415706675578467	0.30797938456236	0.313887913290501	0.394838012670355	0.464140901810845	0.230769230769231	0.384615384615385	0.384615384615385	0.384615384615385	0.384615384615385
