"B.beta"	"C.beta"	"D.beta"	"E.beta"	"B.se"	"C.se"	"D.se"	"E.se"	"A.rate"	"B.rate"	"C.rate"	"D.rate"	"E.rate"
"714"	0.0955303239692508	-0.405844759451723	-0.283124926558025	-0.0693769200804861	0.312867338963941	1.73642932042556	0.807414442544067	0.421185015206713	0.230769230769231	0.384615384615385	0.384615384615385	0.230769230769231	0.230769230769231
