"B.beta"	"C.beta"	"D.beta"	"E.beta"	"B.se"	"C.se"	"D.se"	"E.se"	"A.rate"	"B.rate"	"C.rate"	"D.rate"	"E.rate"
"892"	-0.329865354543428	-0.472789163224605	0.177609287516349	-0.539088801348537	0.643449768460919	0.659151002893638	0.298175292847525	0.297584837961326	0.230769230769231	0.384615384615385	0.384615384615385	0.384615384615385	0.384615384615385
