"B.beta"	"C.beta"	"D.beta"	"E.beta"	"B.se"	"C.se"	"D.se"	"E.se"	"A.rate"	"B.rate"	"C.rate"	"D.rate"	"E.rate"
"564"	0.407909457629092	-0.741741418700895	-0.695969105835832	-0.745795862244934	0.495002817830199	1.43328286988022	0.797379281806898	0.497497003300901	0.230769230769231	0.384615384615385	0.230769230769231	0.384615384615385	0.230769230769231
