"B.beta"	"C.beta"	"D.beta"	"E.beta"	"B.se"	"C.se"	"D.se"	"E.se"	"A.rate"	"B.rate"	"C.rate"	"D.rate"	"E.rate"
"752"	-0.152735871456469	-0.638489640102217	-0.423611124276617	-0.0598550942993366	0.380835612447018	0.469163430240263	0.891117107194539	0.640563978563382	0.230769230769231	0.384615384615385	0.384615384615385	0.384615384615385	0.230769230769231
