"B.beta"	"C.beta"	"D.beta"	"E.beta"	"B.se"	"C.se"	"D.se"	"E.se"	"A.rate"	"B.rate"	"C.rate"	"D.rate"	"E.rate"
"508"	-0.448712499894063	-0.734197260968219	-0.463747357890464	0.18169856873506	0.385207141350741	0.668837252034498	0.702135240369393	0.240317166819065	0.230769230769231	0.384615384615385	0.384615384615385	0.384615384615385	0.384615384615385
