"B.beta"	"C.beta"	"D.beta"	"E.beta"	"B.se"	"C.se"	"D.se"	"E.se"	"A.rate"	"B.rate"	"C.rate"	"D.rate"	"E.rate"
"777"	-0.399033551616266	-0.413768608958579	-0.877754631307772	-0.811379778700775	0.280677551990707	0.963140694101426	0.838181192768029	0.646235992145859	0.230769230769231	0.384615384615385	0.230769230769231	0.230769230769231	0.230769230769231
