"B.beta"	"C.beta"	"D.beta"	"E.beta"	"B.se"	"C.se"	"D.se"	"E.se"	"A.rate"	"B.rate"	"C.rate"	"D.rate"	"E.rate"
"530"	0.144503482677599	-0.205250001242842	-0.175185984765397	-1.3298610959439	0.53757481078358	0.511780494440153	0.433341795034942	0.888761387820223	0.230769230769231	0.384615384615385	0.230769230769231	0.230769230769231	0.230769230769231
