"B.beta"	"C.beta"	"D.beta"	"E.beta"	"B.se"	"C.se"	"D.se"	"E.se"	"A.rate"	"B.rate"	"C.rate"	"D.rate"	"E.rate"
"996"	-0.589535490248758	-0.0848071197601576	-0.810974698644789	-0.158434499206725	1.93359860402911	0.585935446330201	0.476005929954418	0.405429429889424	0.230769230769231	0.384615384615385	0.384615384615385	0.384615384615385	0.230769230769231
