"B.beta"	"C.beta"	"D.beta"	"E.beta"	"B.se"	"C.se"	"D.se"	"E.se"	"A.rate"	"B.rate"	"C.rate"	"D.rate"	"E.rate"
"340"	-0.313476271336189	-1.28340343540593	-1.06098482303719	-0.903817851063452	0.893696044977079	1.25880961800744	0.533795870319277	2.68551173336103	0.230769230769231	0.384615384615385	0.384615384615385	0.230769230769231	0.230769230769231
