"B.beta"	"C.beta"	"D.beta"	"E.beta"	"B.se"	"C.se"	"D.se"	"E.se"	"A.rate"	"B.rate"	"C.rate"	"D.rate"	"E.rate"
"442"	0.592950247362835	0.0584868840728467	0.0882637130909081	-0.27035873935098	0.65166339831379	0.3569176919807	0.471877856130939	0.856894878391884	0.230769230769231	0.384615384615385	0.384615384615385	0.384615384615385	0.230769230769231
