"B.beta"	"C.beta"	"D.beta"	"E.beta"	"B.se"	"C.se"	"D.se"	"E.se"	"A.rate"	"B.rate"	"C.rate"	"D.rate"	"E.rate"
"441"	-0.557598478854382	-1.52217943287349	-1.16758064426003	-0.698554804660716	0.35713851622469	1.51104456481528	2.99008275551005	0.827766631954032	0.230769230769231	0.384615384615385	0.384615384615385	0.384615384615385	0.230769230769231
