"B.beta"	"C.beta"	"D.beta"	"E.beta"	"B.se"	"C.se"	"D.se"	"E.se"	"A.rate"	"B.rate"	"C.rate"	"D.rate"	"E.rate"
"93"	-0.349001141941186	-0.310276268338885	0.028908560195267	-0.284268449572202	0.315441171952192	0.91462020684755	0.60595652496492	0.317776529112832	0.230769230769231	0.384615384615385	0.384615384615385	0.230769230769231	0.384615384615385
