"B.beta"	"C.beta"	"D.beta"	"E.beta"	"B.se"	"C.se"	"D.se"	"E.se"	"A.rate"	"B.rate"	"C.rate"	"D.rate"	"E.rate"
"436"	-0.0292231408390821	-0.00829297129189476	-0.43043079835155	-0.11141101475978	0.394445346213152	0.545660151251314	0.613564208490591	0.319566641501742	0.230769230769231	0.384615384615385	0.384615384615385	0.384615384615385	0.230769230769231
