"B.beta"	"C.beta"	"D.beta"	"E.beta"	"B.se"	"C.se"	"D.se"	"E.se"	"A.rate"	"B.rate"	"C.rate"	"D.rate"	"E.rate"
"352"	-0.476297190278955	-0.532775847176673	-0.331613315627061	0.00252369913157119	0.451816633688928	0.288290226231312	0.49044755471831	0.752036604409111	0.230769230769231	0.384615384615385	0.384615384615385	0.384615384615385	0.230769230769231
