"B.beta"	"C.beta"	"D.beta"	"E.beta"	"B.se"	"C.se"	"D.se"	"E.se"	"A.rate"	"B.rate"	"C.rate"	"D.rate"	"E.rate"
"214"	-0.391562554002467	0.0498305959457307	-0.606124912481337	-1.46464680522473	0.625547055322316	0.739426867116373	0.906666424170673	1.03547429507325	0.230769230769231	0.384615384615385	0.384615384615385	0.230769230769231	0.230769230769231
