"B.beta"	"C.beta"	"D.beta"	"E.beta"	"B.se"	"C.se"	"D.se"	"E.se"	"A.rate"	"B.rate"	"C.rate"	"D.rate"	"E.rate"
"844"	-0.260848529950923	-0.244741525611722	-0.130876809794575	0.0215571461358325	0.290801261976751	0.358090692192862	0.485999811701833	0.395008516648051	0.230769230769231	0.384615384615385	0.384615384615385	0.230769230769231	0.384615384615385
