"B.beta"	"C.beta"	"D.beta"	"E.beta"	"B.se"	"C.se"	"D.se"	"E.se"	"A.rate"	"B.rate"	"C.rate"	"D.rate"	"E.rate"
"276"	-0.417628139104425	-0.624223127189381	-0.777293903162229	-0.692278672616026	0.717605993408366	2.31347077363245	0.822251815783312	1.02212722535172	0.230769230769231	0.384615384615385	0.230769230769231	0.230769230769231	0.230769230769231
