"B.beta"	"C.beta"	"D.beta"	"E.beta"	"B.se"	"C.se"	"D.se"	"E.se"	"A.rate"	"B.rate"	"C.rate"	"D.rate"	"E.rate"
"234"	-0.601535397558747	-0.961158550278695	-0.516239123564787	-0.591876886762987	0.243710999074706	0.262147433609707	0.265433978053474	0.570495427466616	0.230769230769231	0.384615384615385	0.384615384615385	0.384615384615385	0.230769230769231
