"B.beta"	"C.beta"	"D.beta"	"E.beta"	"B.se"	"C.se"	"D.se"	"E.se"	"A.rate"	"B.rate"	"C.rate"	"D.rate"	"E.rate"
"356"	-0.562954299621791	-0.824155842573759	-1.06284702805283	-1.30619297371469	1.00647007766121	0.43497571291735	0.621879218816873	1.6252752834342	0.230769230769231	0.384615384615385	0.384615384615385	0.384615384615385	0.230769230769231
