"B.beta"	"C.beta"	"D.beta"	"E.beta"	"B.se"	"C.se"	"D.se"	"E.se"	"A.rate"	"B.rate"	"C.rate"	"D.rate"	"E.rate"
"382"	-0.63715357230647	-0.833227569418601	-0.430016756749215	-0.134438574595034	0.86693109136685	0.532556331059759	0.428936220503217	0.624021690537905	0.230769230769231	0.384615384615385	0.384615384615385	0.384615384615385	0.384615384615385
