"B.beta"	"C.beta"	"D.beta"	"E.beta"	"B.se"	"C.se"	"D.se"	"E.se"	"A.rate"	"B.rate"	"C.rate"	"D.rate"	"E.rate"
"437"	-0.547275262447924	-0.584190244166746	-1.20142771940317	-0.411408359384968	0.913829159503445	0.575060105058056	0.464897108266193	0.871249147009247	0.230769230769231	0.384615384615385	0.384615384615385	0.384615384615385	0.230769230769231
