"B.beta"	"C.beta"	"D.beta"	"E.beta"	"B.se"	"C.se"	"D.se"	"E.se"	"A.rate"	"B.rate"	"C.rate"	"D.rate"	"E.rate"
"878"	-0.238539328483912	-0.839846756860284	0.0276557650294107	0.250837235956755	0.427107947373531	0.773334225209979	0.343659820050834	0.817262272911844	0.230769230769231	0.384615384615385	0.384615384615385	0.384615384615385	0.384615384615385
