"B.beta"	"C.beta"	"D.beta"	"E.beta"	"B.se"	"C.se"	"D.se"	"E.se"	"A.rate"	"B.rate"	"C.rate"	"D.rate"	"E.rate"
"171"	-0.455334535186844	-0.260966288817423	-0.249296684234606	-0.421491945155574	0.264574908963577	0.275136260520397	0.478773899245967	0.476581567657762	0.230769230769231	0.384615384615385	0.384615384615385	0.384615384615385	0.230769230769231
