"B.beta"	"C.beta"	"D.beta"	"E.beta"	"B.se"	"C.se"	"D.se"	"E.se"	"A.rate"	"B.rate"	"C.rate"	"D.rate"	"E.rate"
"74"	-0.0255491449452203	-0.325540176809173	-0.561561410927652	-6.25109606989116	0.471654426865557	0.378101517754963	1.29540676860589	780292.620422207	0.230769230769231	0.384615384615385	0.384615384615385	0.230769230769231	0.230769230769231
