"B.beta"	"C.beta"	"D.beta"	"E.beta"	"B.se"	"C.se"	"D.se"	"E.se"	"A.rate"	"B.rate"	"C.rate"	"D.rate"	"E.rate"
"1003"	0.103806168312567	0.26443646825032	-0.720579215057303	-0.777538809848879	0.522544617148525	0.458306420593242	0.395574149353996	0.739489257319839	0.230769230769231	0.384615384615385	0.384615384615385	0.384615384615385	0.230769230769231
