"B.beta"	"C.beta"	"D.beta"	"E.beta"	"B.se"	"C.se"	"D.se"	"E.se"	"A.rate"	"B.rate"	"C.rate"	"D.rate"	"E.rate"
"347"	-0.651905390015735	-0.234671472006232	-0.759462999666504	-0.731633319847925	1.34758263650189	0.479076615532698	2.15340822210855	1.27658509974152	0.230769230769231	0.384615384615385	0.384615384615385	0.230769230769231	0.230769230769231
