"B.beta"	"C.beta"	"D.beta"	"E.beta"	"B.se"	"C.se"	"D.se"	"E.se"	"A.rate"	"B.rate"	"C.rate"	"D.rate"	"E.rate"
"289"	-0.393873633549875	-0.920896192733458	-0.280054476438247	0.112820248385924	0.487901266282574	0.820056791475441	0.364978914151458	0.625734716404581	0.230769230769231	0.384615384615385	0.230769230769231	0.384615384615385	0.230769230769231
