"B.beta"	"C.beta"	"D.beta"	"E.beta"	"B.se"	"C.se"	"D.se"	"E.se"	"A.rate"	"B.rate"	"C.rate"	"D.rate"	"E.rate"
"169"	-0.439581723113698	-0.817753834177022	-0.791745793232334	-1.104881035857	0.354425047318203	0.655447945270546	1.40429481858314	1.98257807914075	0.230769230769231	0.384615384615385	0.384615384615385	0.384615384615385	0.230769230769231
