"B.beta"	"C.beta"	"D.beta"	"E.beta"	"B.se"	"C.se"	"D.se"	"E.se"	"A.rate"	"B.rate"	"C.rate"	"D.rate"	"E.rate"
"864"	-0.49974698849718	0.275344234131866	-0.367770790958476	-0.965509951660384	0.421358455620974	0.358227852989622	0.530197565925205	1.2286563751697	0.230769230769231	0.384615384615385	0.384615384615385	0.384615384615385	0.230769230769231
