"B.beta"	"C.beta"	"D.beta"	"E.beta"	"B.se"	"C.se"	"D.se"	"E.se"	"A.rate"	"B.rate"	"C.rate"	"D.rate"	"E.rate"
"841"	0.0442461493929889	-0.164910813304086	-0.295869618779777	-0.458287004493078	0.351256880823236	0.274838017726629	0.463679728320882	0.467326963977159	0.230769230769231	0.384615384615385	0.384615384615385	0.230769230769231	0.230769230769231
