"B.beta"	"C.beta"	"D.beta"	"E.beta"	"B.se"	"C.se"	"D.se"	"E.se"	"A.rate"	"B.rate"	"C.rate"	"D.rate"	"E.rate"
"45"	-0.126223710279956	-0.477199056219672	-0.260179833694867	-1.30349507537573	0.593913998746703	0.518824498495922	0.579008401146234	0.87840571929005	0.230769230769231	0.384615384615385	0.230769230769231	0.384615384615385	0.384615384615385
