"B.beta"	"C.beta"	"D.beta"	"E.beta"	"B.se"	"C.se"	"D.se"	"E.se"	"A.rate"	"B.rate"	"C.rate"	"D.rate"	"E.rate"
"408"	-0.34695646385816	-0.339746250185961	-0.37191785741581	-0.709604143757412	0.55606712657037	0.964721338429057	0.412148250269103	0.570882334723816	0.230769230769231	0.384615384615385	0.384615384615385	0.230769230769231	0.230769230769231
