"B.beta"	"C.beta"	"D.beta"	"E.beta"	"B.se"	"C.se"	"D.se"	"E.se"	"A.rate"	"B.rate"	"C.rate"	"D.rate"	"E.rate"
"557"	-1.05153808208974	-0.768834939609447	0.168712555937763	-0.107881812759587	0.51597401643298	0.846378422033357	0.789768808254637	0.572525709463924	0.230769230769231	0.384615384615385	0.230769230769231	0.384615384615385	0.384615384615385
