"B.beta"	"C.beta"	"D.beta"	"E.beta"	"B.se"	"C.se"	"D.se"	"E.se"	"A.rate"	"B.rate"	"C.rate"	"D.rate"	"E.rate"
"738"	-0.222286430819755	-0.615019763891131	-0.385904740205134	0.105759116218055	0.467363059710254	0.421663235639046	0.449713360687717	0.632547951379007	0.230769230769231	0.384615384615385	0.384615384615385	0.384615384615385	0.230769230769231
