"B.beta"	"C.beta"	"D.beta"	"E.beta"	"B.se"	"C.se"	"D.se"	"E.se"	"A.rate"	"B.rate"	"C.rate"	"D.rate"	"E.rate"
"771"	-0.434546954724574	-0.52385788683449	-0.761988764942455	0.0209688863973028	0.489157064726484	0.552979972065052	0.838182318156222	0.490667813318095	0.230769230769231	0.384615384615385	0.230769230769231	0.230769230769231	0.230769230769231
