"B.beta"	"C.beta"	"D.beta"	"E.beta"	"B.se"	"C.se"	"D.se"	"E.se"	"A.rate"	"B.rate"	"C.rate"	"D.rate"	"E.rate"
"427"	-0.659074230606458	-0.46682394009459	-0.416823779108365	-0.163177818847392	0.352859839614768	1.09519506411622	0.290406002963511	0.565738568262805	0.230769230769231	0.384615384615385	0.384615384615385	0.384615384615385	0.230769230769231
