"B.beta"	"C.beta"	"D.beta"	"E.beta"	"B.se"	"C.se"	"D.se"	"E.se"	"A.rate"	"B.rate"	"C.rate"	"D.rate"	"E.rate"
"609"	-0.374783092683001	-0.997302329465804	-0.360237617143873	-1.34007315584768	0.480618348466689	0.473327526050624	1.01157550417288	1.09464400115415	0.230769230769231	0.384615384615385	0.384615384615385	0.384615384615385	0.230769230769231
