"B.beta"	"C.beta"	"D.beta"	"E.beta"	"B.se"	"C.se"	"D.se"	"E.se"	"A.rate"	"B.rate"	"C.rate"	"D.rate"	"E.rate"
"1018"	-0.387153121259028	-0.306373240780701	-0.240855244345867	-0.918763391387246	0.376484247624464	0.61840778091222	0.85002059980196	1.3040729442169	0.230769230769231	0.384615384615385	0.384615384615385	0.384615384615385	0.230769230769231
