"B.beta"	"C.beta"	"D.beta"	"E.beta"	"B.se"	"C.se"	"D.se"	"E.se"	"A.rate"	"B.rate"	"C.rate"	"D.rate"	"E.rate"
"642"	-0.767048815979054	-0.53531959596395	-0.64522441682926	-0.0173864088010325	0.553593438981744	0.785247726232271	1.19201641941634	0.468497483834558	0.230769230769231	0.384615384615385	0.384615384615385	0.230769230769231	0.230769230769231
