"B.beta"	"C.beta"	"D.beta"	"E.beta"	"B.se"	"C.se"	"D.se"	"E.se"	"A.rate"	"B.rate"	"C.rate"	"D.rate"	"E.rate"
"925"	-0.297129308692754	-0.516986049167916	-1.5261152600617	-0.702977796387991	1.25231866310603	2.1705763167076	1.21482555926924	0.439828728784421	0.230769230769231	0.384615384615385	0.384615384615385	0.230769230769231	0.384615384615385
