"B.beta"	"C.beta"	"D.beta"	"E.beta"	"B.se"	"C.se"	"D.se"	"E.se"	"A.rate"	"B.rate"	"C.rate"	"D.rate"	"E.rate"
"707"	-0.329591264672334	-0.152911085765199	-0.258162335428654	-0.298440088804869	0.540594934140548	0.740070932367448	0.411235652387953	0.776058471841639	0.230769230769231	0.384615384615385	0.384615384615385	0.230769230769231	0.230769230769231
