"B.beta"	"C.beta"	"D.beta"	"E.beta"	"B.se"	"C.se"	"D.se"	"E.se"	"A.rate"	"B.rate"	"C.rate"	"D.rate"	"E.rate"
"359"	-0.537781658317109	-0.601496376245509	-1.0242443874894	-0.676814071128776	0.833491020481688	0.37770319902591	1.44421404014535	0.876470130114643	0.230769230769231	0.384615384615385	0.384615384615385	0.384615384615385	0.230769230769231
