"B.beta"	"C.beta"	"D.beta"	"E.beta"	"B.se"	"C.se"	"D.se"	"E.se"	"A.rate"	"B.rate"	"C.rate"	"D.rate"	"E.rate"
"143"	-0.406560584471073	-0.380119055660811	-0.25594277839336	-0.608754188731735	0.712389654469527	0.566274292771199	0.991083581347228	0.711163324978797	0.230769230769231	0.384615384615385	0.384615384615385	0.230769230769231	0.384615384615385
