"B.beta"	"C.beta"	"D.beta"	"E.beta"	"B.se"	"C.se"	"D.se"	"E.se"	"A.rate"	"B.rate"	"C.rate"	"D.rate"	"E.rate"
"855"	-0.444843255047918	-0.536110330735259	0.240977664298328	-5.63801910375015	0.315953466374424	0.391554275773062	0.490229870425353	864322.701926128	0.230769230769231	0.384615384615385	0.384615384615385	0.230769230769231	0.230769230769231
