"B.beta"	"C.beta"	"D.beta"	"E.beta"	"B.se"	"C.se"	"D.se"	"E.se"	"A.rate"	"B.rate"	"C.rate"	"D.rate"	"E.rate"
"300"	-0.817792801493345	-0.8422658561615	-0.667648067465958	-0.761406854550309	0.363764529278938	0.973987192882265	0.418501516421187	0.606908080106041	0.230769230769231	0.384615384615385	0.230769230769231	0.384615384615385	0.384615384615385
