"B.beta"	"C.beta"	"D.beta"	"E.beta"	"B.se"	"C.se"	"D.se"	"E.se"	"A.rate"	"B.rate"	"C.rate"	"D.rate"	"E.rate"
"24"	-0.535943249861199	-0.187558151921589	-0.634454900720118	-0.416886623910179	0.391202989815805	2.53807162397443	0.763162718345163	0.450879648828178	0.230769230769231	0.384615384615385	0.230769230769231	0.230769230769231	0.230769230769231
