"B.beta"	"C.beta"	"D.beta"	"E.beta"	"B.se"	"C.se"	"D.se"	"E.se"	"A.rate"	"B.rate"	"C.rate"	"D.rate"	"E.rate"
"7"	-0.588669744241759	-0.120522612470797	-0.376541824947294	-0.519038237753012	0.753695963835745	0.65482178298679	2.02192650366441	1.09335469954351	0.230769230769231	0.384615384615385	0.230769230769231	0.230769230769231	0.230769230769231
