"B.beta"	"C.beta"	"D.beta"	"E.beta"	"B.se"	"C.se"	"D.se"	"E.se"	"A.rate"	"B.rate"	"C.rate"	"D.rate"	"E.rate"
"443"	-0.460607129648532	-0.706683621404911	-0.484467770134624	-0.426845624032509	0.926725293325466	0.566823606499765	0.282646263283172	0.948952687376091	0.230769230769231	0.384615384615385	0.384615384615385	0.384615384615385	0.230769230769231
