"B.beta"	"C.beta"	"D.beta"	"E.beta"	"B.se"	"C.se"	"D.se"	"E.se"	"A.rate"	"B.rate"	"C.rate"	"D.rate"	"E.rate"
"389"	-0.607947268112153	-0.0699133317685672	-0.57249767368568	-0.186393785528334	0.34092180498252	0.337101088160607	1.41424481631539	0.953002898911098	0.230769230769231	0.384615384615385	0.384615384615385	0.230769230769231	0.230769230769231
