"B.beta"	"C.beta"	"D.beta"	"E.beta"	"B.se"	"C.se"	"D.se"	"E.se"	"A.rate"	"B.rate"	"C.rate"	"D.rate"	"E.rate"
"742"	0.361113929759477	-0.0665451460486749	-0.0198820047669255	-0.415479786597436	0.382348167917479	0.359115921208442	0.514657005364141	0.465642222182981	0.230769230769231	0.384615384615385	0.384615384615385	0.384615384615385	0.230769230769231
