"B.beta"	"C.beta"	"D.beta"	"E.beta"	"B.se"	"C.se"	"D.se"	"E.se"	"A.rate"	"B.rate"	"C.rate"	"D.rate"	"E.rate"
"447"	-0.029213548568544	-0.380147982228743	-0.681851380759813	-0.494458304268435	0.329972614886393	0.30000618244891	0.705278097181018	0.303560692888263	0.230769230769231	0.384615384615385	0.384615384615385	0.384615384615385	0.384615384615385
