"B.beta"	"C.beta"	"D.beta"	"E.beta"	"B.se"	"C.se"	"D.se"	"E.se"	"A.rate"	"B.rate"	"C.rate"	"D.rate"	"E.rate"
"614"	-0.758065963666643	-0.0401776071352253	-0.583675467418185	0.406708671268505	0.772167814531551	0.350927749434012	0.402597492637067	0.609852139911624	0.230769230769231	0.384615384615385	0.384615384615385	0.384615384615385	0.230769230769231
