"B.beta"	"C.beta"	"D.beta"	"E.beta"	"B.se"	"C.se"	"D.se"	"E.se"	"A.rate"	"B.rate"	"C.rate"	"D.rate"	"E.rate"
"709"	-0.00159586761559761	-0.816525795429164	-0.153538645621383	-0.977200105697688	1.25244339390865	0.372965485641437	0.725339143950764	0.74208914859348	0.230769230769231	0.384615384615385	0.384615384615385	0.230769230769231	0.230769230769231
