"B.beta"	"C.beta"	"D.beta"	"E.beta"	"B.se"	"C.se"	"D.se"	"E.se"	"A.rate"	"B.rate"	"C.rate"	"D.rate"	"E.rate"
"431"	0.146199176303674	-0.378990247662339	-0.440558014079814	0.314254379924728	1.13529963893735	0.574125671665212	0.334485799060653	0.719605695729356	0.230769230769231	0.384615384615385	0.384615384615385	0.384615384615385	0.384615384615385
