"B.beta"	"C.beta"	"D.beta"	"E.beta"	"B.se"	"C.se"	"D.se"	"E.se"	"A.rate"	"B.rate"	"C.rate"	"D.rate"	"E.rate"
"337"	-0.165030957475117	0.250258676068929	-0.0369318798146536	-0.363270719401905	0.768400535269093	0.646106244536298	0.632984351140188	0.694909823320838	0.230769230769231	0.384615384615385	0.384615384615385	0.230769230769231	0.230769230769231
