"B.beta"	"C.beta"	"D.beta"	"E.beta"	"B.se"	"C.se"	"D.se"	"E.se"	"A.rate"	"B.rate"	"C.rate"	"D.rate"	"E.rate"
"658"	-0.93156024276449	-1.07221396411381	-0.796205837993636	-0.599569438349653	0.365649773052182	1.07546268036983	0.99533838875331	0.512145657774219	0.230769230769231	0.384615384615385	0.384615384615385	0.230769230769231	0.230769230769231
