"B.beta"	"C.beta"	"D.beta"	"E.beta"	"B.se"	"C.se"	"D.se"	"E.se"	"A.rate"	"B.rate"	"C.rate"	"D.rate"	"E.rate"
"521"	0.539024689283089	-0.426219878704191	0.262304215288683	-0.384062924618476	0.389265151969114	2.25680982570464	0.84843495559408	0.428457116675338	0.230769230769231	0.384615384615385	0.230769230769231	0.230769230769231	0.230769230769231
