"B.beta"	"C.beta"	"D.beta"	"E.beta"	"B.se"	"C.se"	"D.se"	"E.se"	"A.rate"	"B.rate"	"C.rate"	"D.rate"	"E.rate"
"422"	-0.643840676487237	-0.362713855863219	-0.395489600506518	-0.0793687241757502	0.429915871444983	1.00139167274808	0.33632371617185	0.544613050467701	0.230769230769231	0.384615384615385	0.384615384615385	0.384615384615385	0.230769230769231
