"B.beta"	"C.beta"	"D.beta"	"E.beta"	"B.se"	"C.se"	"D.se"	"E.se"	"A.rate"	"B.rate"	"C.rate"	"D.rate"	"E.rate"
"814"	0.110314879842006	-1.22794806246433	-0.498855346823704	-0.081236919331229	0.428588090607649	1.44096614868732	0.633707112071024	0.294381216828846	0.230769230769231	0.384615384615385	0.230769230769231	0.384615384615385	0.384615384615385
