"B.beta"	"C.beta"	"D.beta"	"E.beta"	"B.se"	"C.se"	"D.se"	"E.se"	"A.rate"	"B.rate"	"C.rate"	"D.rate"	"E.rate"
"946"	-0.96485375655347	-0.0633722880469094	-0.0324798791835925	-0.730108079118324	0.466134323008716	0.511857068806979	0.465318438436182	0.930119416725277	0.230769230769231	0.384615384615385	0.384615384615385	0.384615384615385	0.230769230769231
