"B.beta"	"C.beta"	"D.beta"	"E.beta"	"B.se"	"C.se"	"D.se"	"E.se"	"A.rate"	"B.rate"	"C.rate"	"D.rate"	"E.rate"
"739"	0.184212774431513	-0.1730032905443	-0.204273564985681	-0.732526182575385	0.627658153543307	0.273956930029564	0.481201240733193	0.554947681597734	0.230769230769231	0.384615384615385	0.384615384615385	0.384615384615385	0.230769230769231
