"B.beta"	"C.beta"	"D.beta"	"E.beta"	"B.se"	"C.se"	"D.se"	"E.se"	"A.rate"	"B.rate"	"C.rate"	"D.rate"	"E.rate"
"392"	-0.393332810219975	0.0641610061934489	-6.23131829667403	-0.553742102012266	0.302109674340018	0.406994433714755	630080.895010953	0.580543603149902	0.230769230769231	0.384615384615385	0.384615384615385	0.230769230769231	0.230769230769231
