"B.beta"	"C.beta"	"D.beta"	"E.beta"	"B.se"	"C.se"	"D.se"	"E.se"	"A.rate"	"B.rate"	"C.rate"	"D.rate"	"E.rate"
"450"	-0.286853261221138	-0.329433157694978	-0.263252670990223	-0.24781632782641	0.963153428077527	0.37139160185827	0.835416173223954	0.411111721718885	0.230769230769231	0.384615384615385	0.384615384615385	0.230769230769231	0.230769230769231
