"B.beta"	"C.beta"	"D.beta"	"E.beta"	"B.se"	"C.se"	"D.se"	"E.se"	"A.rate"	"B.rate"	"C.rate"	"D.rate"	"E.rate"
"842"	-0.182390148834288	-0.462395880480863	-1.64049100038011	-1.27917400806039	0.611130559882649	1.40342685754424	1.5713162586239	0.643944779932268	0.230769230769231	0.384615384615385	0.384615384615385	0.230769230769231	0.230769230769231
