"B.beta"	"C.beta"	"D.beta"	"E.beta"	"B.se"	"C.se"	"D.se"	"E.se"	"A.rate"	"B.rate"	"C.rate"	"D.rate"	"E.rate"
"588"	0.0718475941730752	-0.3095688104979	-0.695434415325611	-0.159099385563505	0.826856307882011	0.667637393235665	0.754698937001243	0.520903634878242	0.230769230769231	0.384615384615385	0.384615384615385	0.230769230769231	0.384615384615385
