"B.beta"	"C.beta"	"D.beta"	"E.beta"	"B.se"	"C.se"	"D.se"	"E.se"	"A.rate"	"B.rate"	"C.rate"	"D.rate"	"E.rate"
"818"	-0.174264484388315	-0.878738876990341	-0.669544544488839	-0.171818301290457	0.481963057725083	0.687028046899148	0.515732180485635	0.983173909174671	0.230769230769231	0.384615384615385	0.230769230769231	0.384615384615385	0.230769230769231
