"B.beta"	"C.beta"	"D.beta"	"E.beta"	"B.se"	"C.se"	"D.se"	"E.se"	"A.rate"	"B.rate"	"C.rate"	"D.rate"	"E.rate"
"170"	-0.0157620396246284	-0.714388740161261	-0.253483325762139	-0.22708768754056	1.19992958247504	0.488495161475769	0.727413769971659	1.23960338955934	0.230769230769231	0.384615384615385	0.384615384615385	0.384615384615385	0.230769230769231
