"B.beta"	"C.beta"	"D.beta"	"E.beta"	"B.se"	"C.se"	"D.se"	"E.se"	"A.rate"	"B.rate"	"C.rate"	"D.rate"	"E.rate"
"203"	-0.289808784811347	-0.825070529674353	-0.575326469038735	-0.737753996007574	0.443199691589791	0.428922577803682	0.506103935847771	1.57496626390397	0.230769230769231	0.384615384615385	0.384615384615385	0.230769230769231	0.230769230769231
