"B.beta"	"C.beta"	"D.beta"	"E.beta"	"B.se"	"C.se"	"D.se"	"E.se"	"A.rate"	"B.rate"	"C.rate"	"D.rate"	"E.rate"
"206"	-0.309924459891682	-0.499485311828866	-0.489018335453498	-0.416395708906458	0.433534441388386	0.486541110412536	2.31756386401582	0.625774610698968	0.230769230769231	0.384615384615385	0.384615384615385	0.230769230769231	0.384615384615385
