"B.beta"	"C.beta"	"D.beta"	"E.beta"	"B.se"	"C.se"	"D.se"	"E.se"	"A.rate"	"B.rate"	"C.rate"	"D.rate"	"E.rate"
"156"	-0.137385426042926	-0.148129837728301	0.0655239648857823	-0.312964244574844	0.839042361074412	1.35295057503019	1.12439044007887	0.581031819024898	0.230769230769231	0.384615384615385	0.384615384615385	0.230769230769231	0.384615384615385
