"B.beta"	"C.beta"	"D.beta"	"E.beta"	"B.se"	"C.se"	"D.se"	"E.se"	"A.rate"	"B.rate"	"C.rate"	"D.rate"	"E.rate"
"480"	-0.168596215208259	0.46309762744804	-0.291299682506001	-0.707037909150557	0.383086953854375	0.842044595265191	0.449326648590061	0.716456544602055	0.230769230769231	0.384615384615385	0.384615384615385	0.384615384615385	0.230769230769231
