"B.beta"	"C.beta"	"D.beta"	"E.beta"	"B.se"	"C.se"	"D.se"	"E.se"	"A.rate"	"B.rate"	"C.rate"	"D.rate"	"E.rate"
"759"	-0.598897537323897	-0.825180638223629	-0.0858098796020001	0.00632511229055477	0.331870929709803	0.299464784577299	0.437726671641685	0.518272230558463	0.230769230769231	0.384615384615385	0.384615384615385	0.384615384615385	0.230769230769231
