"B.beta"	"C.beta"	"D.beta"	"E.beta"	"B.se"	"C.se"	"D.se"	"E.se"	"A.rate"	"B.rate"	"C.rate"	"D.rate"	"E.rate"
"245"	-0.0184699532768315	-1.0278877320414	-0.444582243729307	-0.111879661869381	0.562222910826849	1.54752389364825	0.776117896449671	0.392703920076329	0.230769230769231	0.384615384615385	0.384615384615385	0.384615384615385	0.230769230769231
