"B.beta"	"C.beta"	"D.beta"	"E.beta"	"B.se"	"C.se"	"D.se"	"E.se"	"A.rate"	"B.rate"	"C.rate"	"D.rate"	"E.rate"
"740"	0.0395892584632353	-0.795104477517862	-0.854626275096809	-0.652398282871438	0.361398803343334	0.492616821263941	0.830831444910809	0.614213778768069	0.230769230769231	0.384615384615385	0.384615384615385	0.384615384615385	0.230769230769231
