"B.beta"	"C.beta"	"D.beta"	"E.beta"	"B.se"	"C.se"	"D.se"	"E.se"	"A.rate"	"B.rate"	"C.rate"	"D.rate"	"E.rate"
"805"	-0.342226592490586	-0.493874281117363	-0.646426177035738	-0.947887718738891	0.417483622641942	0.432450792478431	0.475062070904933	1.99022812197367	0.230769230769231	0.384615384615385	0.230769230769231	0.384615384615385	0.230769230769231
