"B.beta"	"C.beta"	"D.beta"	"E.beta"	"B.se"	"C.se"	"D.se"	"E.se"	"A.rate"	"B.rate"	"C.rate"	"D.rate"	"E.rate"
"248"	0.192372632866677	-0.356371805689733	-0.386545619662194	-0.14618987409854	0.335910619173412	0.572960792808585	1.04510546673416	0.34103943266424	0.230769230769231	0.384615384615385	0.384615384615385	0.384615384615385	0.230769230769231
