"B.beta"	"C.beta"	"D.beta"	"E.beta"	"B.se"	"C.se"	"D.se"	"E.se"	"A.rate"	"B.rate"	"C.rate"	"D.rate"	"E.rate"
"949"	0.0306327681340269	-0.040190246598875	-0.476189042871049	-0.20483721757108	0.742689213815057	0.826822149728518	0.366023895774985	0.664828142068807	0.230769230769231	0.384615384615385	0.384615384615385	0.384615384615385	0.230769230769231
