"B.beta"	"C.beta"	"D.beta"	"E.beta"	"B.se"	"C.se"	"D.se"	"E.se"	"A.rate"	"B.rate"	"C.rate"	"D.rate"	"E.rate"
"859"	-0.165905584241517	-0.951778192444898	-0.113391375614828	-0.543169583936954	0.33840472530449	0.430184952659241	0.795007622318881	0.65349110526341	0.230769230769231	0.384615384615385	0.384615384615385	0.230769230769231	0.230769230769231
