"B.beta"	"C.beta"	"D.beta"	"E.beta"	"B.se"	"C.se"	"D.se"	"E.se"	"A.rate"	"B.rate"	"C.rate"	"D.rate"	"E.rate"
"637"	-0.945031644392119	-0.114672742681671	-0.987246178832806	-0.0362828172451207	0.301499752442016	0.786059765264423	0.903173883532235	0.753291607194856	0.230769230769231	0.384615384615385	0.384615384615385	0.384615384615385	0.384615384615385
