"B.beta"	"C.beta"	"D.beta"	"E.beta"	"B.se"	"C.se"	"D.se"	"E.se"	"A.rate"	"B.rate"	"C.rate"	"D.rate"	"E.rate"
"652"	-0.304087608645489	-0.436071437976095	-0.617824564308568	-0.422196046509419	0.320518422625913	1.10714318571165	0.622100084166776	0.328665152506841	0.230769230769231	0.384615384615385	0.384615384615385	0.230769230769231	0.384615384615385
