"B.beta"	"C.beta"	"D.beta"	"E.beta"	"B.se"	"C.se"	"D.se"	"E.se"	"A.rate"	"B.rate"	"C.rate"	"D.rate"	"E.rate"
"794"	-0.937612096917611	-1.06035675049658	-0.533994770415232	-0.97679080425591	2.17528096416186	1.35144190471534	0.749454726462357	0.670012725770893	0.230769230769231	0.384615384615385	0.230769230769231	0.230769230769231	0.230769230769231
