"B.beta"	"C.beta"	"D.beta"	"E.beta"	"B.se"	"C.se"	"D.se"	"E.se"	"A.rate"	"B.rate"	"C.rate"	"D.rate"	"E.rate"
"364"	-0.363382509494579	-0.408787292447634	-0.275919949590407	-0.255601029045275	0.52706893674737	0.529133356357951	0.438632206168526	0.363880507140908	0.230769230769231	0.384615384615385	0.384615384615385	0.384615384615385	0.384615384615385
