"B.beta"	"C.beta"	"D.beta"	"E.beta"	"B.se"	"C.se"	"D.se"	"E.se"	"A.rate"	"B.rate"	"C.rate"	"D.rate"	"E.rate"
"174"	-0.273382141135309	-0.664229316879339	-0.300569101013212	-0.291192808055938	0.392370556080206	0.56638057499514	0.382968646732653	1.3727879663262	0.230769230769231	0.384615384615385	0.384615384615385	0.384615384615385	0.384615384615385
