"B.beta"	"C.beta"	"D.beta"	"E.beta"	"B.se"	"C.se"	"D.se"	"E.se"	"A.rate"	"B.rate"	"C.rate"	"D.rate"	"E.rate"
"1011"	-0.503472867145695	-0.106145078405137	0.275656983719494	-0.24167148316279	2.27488117336916	1.26602312012148	0.322778409433485	0.44394184576071	0.230769230769231	0.384615384615385	0.384615384615385	0.384615384615385	0.230769230769231
