"B.beta"	"C.beta"	"D.beta"	"E.beta"	"B.se"	"C.se"	"D.se"	"E.se"	"A.rate"	"B.rate"	"C.rate"	"D.rate"	"E.rate"
"159"	-0.0356625485428268	0.070889025269203	-0.205771860810656	0.0889299546731171	0.350369139422396	0.468936974986234	0.411286285907801	0.438310194459123	0.230769230769231	0.384615384615385	0.384615384615385	0.230769230769231	0.384615384615385
