"B.beta"	"C.beta"	"D.beta"	"E.beta"	"B.se"	"C.se"	"D.se"	"E.se"	"A.rate"	"B.rate"	"C.rate"	"D.rate"	"E.rate"
"412"	-0.761520030507352	-0.577514043830781	-0.383206456328074	-0.488647918147941	1.30533059508965	1.433521959796	1.60708290134288	0.966754777645903	0.230769230769231	0.384615384615385	0.384615384615385	0.230769230769231	0.384615384615385
