"B.beta"	"C.beta"	"D.beta"	"E.beta"	"B.se"	"C.se"	"D.se"	"E.se"	"A.rate"	"B.rate"	"C.rate"	"D.rate"	"E.rate"
"362"	-0.154844230152926	-0.29442817794633	0.0600712724375867	-0.47888752788007	0.393253582286955	0.601426882271132	2.07619174889373	0.747685766368554	0.230769230769231	0.384615384615385	0.384615384615385	0.384615384615385	0.230769230769231
