"B.beta"	"C.beta"	"D.beta"	"E.beta"	"B.se"	"C.se"	"D.se"	"E.se"	"A.rate"	"B.rate"	"C.rate"	"D.rate"	"E.rate"
"612"	0.170172587920067	-1.2447951695425	-0.473068541088384	-0.097091270341084	0.398193075986981	0.422021669925631	0.916118703108523	0.425799168020195	0.230769230769231	0.384615384615385	0.384615384615385	0.384615384615385	0.230769230769231
