"B.beta"	"C.beta"	"D.beta"	"E.beta"	"B.se"	"C.se"	"D.se"	"E.se"	"A.rate"	"B.rate"	"C.rate"	"D.rate"	"E.rate"
"861"	-0.751241841129293	0.241688912580978	-0.326878166757081	0.0423340310831133	0.300186637316364	0.341328640905365	0.549264132588388	0.48832356928787	0.230769230769231	0.384615384615385	0.384615384615385	0.230769230769231	0.384615384615385
