"B.beta"	"C.beta"	"D.beta"	"E.beta"	"B.se"	"C.se"	"D.se"	"E.se"	"A.rate"	"B.rate"	"C.rate"	"D.rate"	"E.rate"
"741"	-0.258535622557705	-0.0175280869980435	-0.492329502481314	-0.00207809725127675	0.788732898431122	0.907116663267916	0.417295131304229	0.385512448182184	0.230769230769231	0.384615384615385	0.384615384615385	0.384615384615385	0.230769230769231
