"B.beta"	"C.beta"	"D.beta"	"E.beta"	"B.se"	"C.se"	"D.se"	"E.se"	"A.rate"	"B.rate"	"C.rate"	"D.rate"	"E.rate"
"582"	-0.143309569447138	-0.705638998163212	-0.300558335300907	-0.414265615320391	0.297190226947932	0.466564648768062	0.622322265832438	0.536025806853351	0.230769230769231	0.384615384615385	0.384615384615385	0.230769230769231	0.230769230769231
