"B.beta"	"C.beta"	"D.beta"	"E.beta"	"B.se"	"C.se"	"D.se"	"E.se"	"A.rate"	"B.rate"	"C.rate"	"D.rate"	"E.rate"
"736"	-0.638624751206442	-0.355127574496693	-0.986806636362185	-6.35819359689133	0.409670534894268	0.991137107081726	0.855041838950871	660127.530875911	0.230769230769231	0.384615384615385	0.384615384615385	0.384615384615385	0.230769230769231
