"B.beta"	"C.beta"	"D.beta"	"E.beta"	"B.se"	"C.se"	"D.se"	"E.se"	"A.rate"	"B.rate"	"C.rate"	"D.rate"	"E.rate"
"785"	-0.759809211172137	-0.0207813905225031	-0.301497383247188	-0.580262630268222	0.683905764101788	0.717988875776048	0.567339321757609	0.571662377059168	0.230769230769231	0.384615384615385	0.230769230769231	0.230769230769231	0.230769230769231
