"B.beta"	"C.beta"	"D.beta"	"E.beta"	"B.se"	"C.se"	"D.se"	"E.se"	"A.rate"	"B.rate"	"C.rate"	"D.rate"	"E.rate"
"776"	-0.181304975725034	-0.93556044914803	-0.570169026059496	-0.840426531716508	1.14062266784657	1.22637741225683	1.25112815763893	0.951121745329284	0.230769230769231	0.384615384615385	0.230769230769231	0.230769230769231	0.230769230769231
