"B.beta"	"C.beta"	"D.beta"	"E.beta"	"B.se"	"C.se"	"D.se"	"E.se"	"A.rate"	"B.rate"	"C.rate"	"D.rate"	"E.rate"
"634"	-0.562681525354948	-0.45623769014722	-0.598945149479196	-0.590391667555376	0.684702805210059	0.350332021187145	0.431474565055596	0.675148342393758	0.230769230769231	0.384615384615385	0.384615384615385	0.384615384615385	0.230769230769231
