"B.beta"	"C.beta"	"D.beta"	"E.beta"	"B.se"	"C.se"	"D.se"	"E.se"	"A.rate"	"B.rate"	"C.rate"	"D.rate"	"E.rate"
"243"	-0.75397917958141	0.0932880861128842	-0.601729379147066	-0.367051839677076	0.38509054688525	0.553950355719386	0.378009061030752	0.554162509471388	0.230769230769231	0.384615384615385	0.384615384615385	0.384615384615385	0.230769230769231
