"B.beta"	"C.beta"	"D.beta"	"E.beta"	"B.se"	"C.se"	"D.se"	"E.se"	"A.rate"	"B.rate"	"C.rate"	"D.rate"	"E.rate"
"597"	-0.965802103679801	0.300905090699561	-0.900485150159134	-0.39569897042254	0.40536252012787	0.365878526503127	1.73015933425216	0.410543098840107	0.230769230769231	0.384615384615385	0.384615384615385	0.230769230769231	0.230769230769231
