"B.beta"	"C.beta"	"D.beta"	"E.beta"	"B.se"	"C.se"	"D.se"	"E.se"	"A.rate"	"B.rate"	"C.rate"	"D.rate"	"E.rate"
"883"	0.120514427109806	-0.521662928402286	-0.126893328027421	-0.435128069970594	0.307600847573206	0.362219415626217	0.354807206954222	1.12485673483875	0.230769230769231	0.384615384615385	0.384615384615385	0.384615384615385	0.230769230769231
