"B.beta"	"C.beta"	"D.beta"	"E.beta"	"B.se"	"C.se"	"D.se"	"E.se"	"A.rate"	"B.rate"	"C.rate"	"D.rate"	"E.rate"
"746"	-0.582249240414975	-0.712438446628398	-0.593333998399639	-0.775830955219182	1.28084287326936	1.41788443295008	0.887099472027992	0.961700645653763	0.230769230769231	0.384615384615385	0.384615384615385	0.384615384615385	0.230769230769231
