"B.beta"	"C.beta"	"D.beta"	"E.beta"	"B.se"	"C.se"	"D.se"	"E.se"	"A.rate"	"B.rate"	"C.rate"	"D.rate"	"E.rate"
"908"	-0.619391417812573	-0.627621611017304	-0.867054620184244	-0.296797583498286	0.427232302423509	0.449941826823108	1.46471910228765	0.26143157302865	0.230769230769231	0.384615384615385	0.384615384615385	0.230769230769231	0.384615384615385
