"B.beta"	"C.beta"	"D.beta"	"E.beta"	"B.se"	"C.se"	"D.se"	"E.se"	"A.rate"	"B.rate"	"C.rate"	"D.rate"	"E.rate"
"477"	0.210038184040059	-0.328309359122773	-0.278397867871954	-0.165498512503717	0.357857792981337	0.283558370865127	0.577461330329621	0.47567290799037	0.230769230769231	0.384615384615385	0.384615384615385	0.230769230769231	0.384615384615385
