"B.beta"	"C.beta"	"D.beta"	"E.beta"	"B.se"	"C.se"	"D.se"	"E.se"	"A.rate"	"B.rate"	"C.rate"	"D.rate"	"E.rate"
"99"	-0.363291573610761	-0.0162161075121598	-0.242208514059672	-0.460263050020537	0.36829485822272	0.524304158524527	0.483034155831655	1.40769772161702	0.230769230769231	0.384615384615385	0.384615384615385	0.384615384615385	0.230769230769231
