"B.beta"	"C.beta"	"D.beta"	"E.beta"	"B.se"	"C.se"	"D.se"	"E.se"	"A.rate"	"B.rate"	"C.rate"	"D.rate"	"E.rate"
"720"	-0.221726780978773	0.124100950952108	-0.264588798006742	-0.868766220794347	0.808843280789432	0.407555539188701	0.981867876746443	0.680983059265351	0.230769230769231	0.384615384615385	0.384615384615385	0.230769230769231	0.230769230769231
