"B.beta"	"C.beta"	"D.beta"	"E.beta"	"B.se"	"C.se"	"D.se"	"E.se"	"A.rate"	"B.rate"	"C.rate"	"D.rate"	"E.rate"
"155"	-0.210952599252512	-0.277017195936145	-1.14203431732864	-0.0415583899383743	1.2325373542262	0.321316659728369	1.89658071383593	0.480599930182388	0.230769230769231	0.384615384615385	0.384615384615385	0.230769230769231	0.230769230769231
