"B.beta"	"C.beta"	"D.beta"	"E.beta"	"B.se"	"C.se"	"D.se"	"E.se"	"A.rate"	"B.rate"	"C.rate"	"D.rate"	"E.rate"
"139"	-1.04772262583647	-0.744470171144868	-0.23002143718814	-1.02565959186522	2.52693674653712	1.29734217531074	0.672390794439979	1.38894004493041	0.230769230769231	0.384615384615385	0.384615384615385	0.230769230769231	0.230769230769231
