"B.beta"	"C.beta"	"D.beta"	"E.beta"	"B.se"	"C.se"	"D.se"	"E.se"	"A.rate"	"B.rate"	"C.rate"	"D.rate"	"E.rate"
"358"	-0.159309355816619	-0.690392773493461	-0.381470416015655	-0.599556296156371	0.444766303912078	0.43382893836636	0.419166134176011	0.51605552086827	0.230769230769231	0.384615384615385	0.384615384615385	0.384615384615385	0.230769230769231
