"B.beta"	"C.beta"	"D.beta"	"E.beta"	"B.se"	"C.se"	"D.se"	"E.se"	"A.rate"	"B.rate"	"C.rate"	"D.rate"	"E.rate"
"103"	-0.388639150269294	-0.534297039883272	-0.398418563123066	-0.220200742232446	0.380264402327819	0.363688312444524	0.634476512328155	0.544635548108049	0.230769230769231	0.384615384615385	0.384615384615385	0.384615384615385	0.230769230769231
