"B.beta"	"C.beta"	"D.beta"	"E.beta"	"B.se"	"C.se"	"D.se"	"E.se"	"A.rate"	"B.rate"	"C.rate"	"D.rate"	"E.rate"
"536"	-0.298212583683473	-0.294822942884185	0.0814610734126212	-1.15631964918696	0.834797160965333	0.544640693381239	0.545293763092941	0.956249830505039	0.230769230769231	0.384615384615385	0.230769230769231	0.230769230769231	0.230769230769231
