"B.beta"	"C.beta"	"D.beta"	"E.beta"	"B.se"	"C.se"	"D.se"	"E.se"	"A.rate"	"B.rate"	"C.rate"	"D.rate"	"E.rate"
"560"	-0.485157978144371	-0.921529418553864	-0.204300434375685	-1.11931315184878	0.545719231594662	0.505629495544506	0.407388429346608	1.18366859675633	0.230769230769231	0.384615384615385	0.230769230769231	0.384615384615385	0.230769230769231
