"B.beta"	"C.beta"	"D.beta"	"E.beta"	"B.se"	"C.se"	"D.se"	"E.se"	"A.rate"	"B.rate"	"C.rate"	"D.rate"	"E.rate"
"635"	-0.176166009805959	-0.705069689693842	-0.664725621263378	-0.613987079331533	0.339401327526226	0.490426436135942	0.312882133224514	0.447785900936545	0.230769230769231	0.384615384615385	0.384615384615385	0.384615384615385	0.230769230769231
