"B.beta"	"C.beta"	"D.beta"	"E.beta"	"B.se"	"C.se"	"D.se"	"E.se"	"A.rate"	"B.rate"	"C.rate"	"D.rate"	"E.rate"
"773"	-0.116179340367586	-0.571745217671334	-0.532256239416288	-0.899759367546009	0.545494435778332	0.602999231798145	1.27272840709589	1.99551473329812	0.230769230769231	0.384615384615385	0.230769230769231	0.230769230769231	0.230769230769231
