"B.beta"	"C.beta"	"D.beta"	"E.beta"	"B.se"	"C.se"	"D.se"	"E.se"	"A.rate"	"B.rate"	"C.rate"	"D.rate"	"E.rate"
"284"	0.100783264067623	-0.903756941932946	-0.607306337674226	-0.987476011698609	0.494827849272365	1.00193686616172	0.788145300709169	1.2946347364718	0.230769230769231	0.384615384615385	0.230769230769231	0.230769230769231	0.384615384615385
