"B.beta"	"C.beta"	"D.beta"	"E.beta"	"B.se"	"C.se"	"D.se"	"E.se"	"A.rate"	"B.rate"	"C.rate"	"D.rate"	"E.rate"
"498"	-0.235354248017687	-0.279229372782838	-0.197499344209297	-0.877765581281035	0.620522297201178	0.369271531098617	0.261170135719039	1.22834763339895	0.230769230769231	0.384615384615385	0.384615384615385	0.384615384615385	0.230769230769231
