"B.beta"	"C.beta"	"D.beta"	"E.beta"	"B.se"	"C.se"	"D.se"	"E.se"	"A.rate"	"B.rate"	"C.rate"	"D.rate"	"E.rate"
"580"	-0.732841002383268	-0.223416529864509	-0.445382097823021	-0.202251531163606	1.31773303664123	1.16703807991509	0.866497311219131	0.427843538966718	0.230769230769231	0.384615384615385	0.384615384615385	0.230769230769231	0.230769230769231
