"B.beta"	"C.beta"	"D.beta"	"E.beta"	"B.se"	"C.se"	"D.se"	"E.se"	"A.rate"	"B.rate"	"C.rate"	"D.rate"	"E.rate"
"713"	-0.176538277687458	-0.620803845246777	-0.937042323236313	-0.445228418942925	0.317216681116324	0.341115604564517	0.783847146641373	0.530961940384677	0.230769230769231	0.384615384615385	0.384615384615385	0.230769230769231	0.230769230769231
