"B.beta"	"C.beta"	"D.beta"	"E.beta"	"B.se"	"C.se"	"D.se"	"E.se"	"A.rate"	"B.rate"	"C.rate"	"D.rate"	"E.rate"
"147"	-0.653361966741018	-0.268643669473904	-0.921699747513378	-0.905478657174523	0.356314366985121	0.464017269137967	2.19364779456181	0.538402491305159	0.230769230769231	0.384615384615385	0.384615384615385	0.230769230769231	0.230769230769231
