"B.beta"	"C.beta"	"D.beta"	"E.beta"	"B.se"	"C.se"	"D.se"	"E.se"	"A.rate"	"B.rate"	"C.rate"	"D.rate"	"E.rate"
"583"	-0.523322681062243	-0.214576573757852	-0.425822877526444	-0.605637844445785	1.75585652646756	0.376010488614983	0.67017167024503	2.75511138562417	0.230769230769231	0.384615384615385	0.384615384615385	0.230769230769231	0.230769230769231
