"B.beta"	"C.beta"	"D.beta"	"E.beta"	"B.se"	"C.se"	"D.se"	"E.se"	"A.rate"	"B.rate"	"C.rate"	"D.rate"	"E.rate"
"678"	0.0765527931809456	-0.742791251565048	-0.308503715213299	-0.481235229042661	0.356714379526179	0.339492702161637	0.392873893651824	0.463102466750512	0.230769230769231	0.384615384615385	0.384615384615385	0.384615384615385	0.230769230769231
