"B.beta"	"C.beta"	"D.beta"	"E.beta"	"B.se"	"C.se"	"D.se"	"E.se"	"A.rate"	"B.rate"	"C.rate"	"D.rate"	"E.rate"
"573"	-0.799784458034041	-1.56713468527262	-0.54651119222409	-0.715646235203158	0.392034499774723	1.28352370117082	1.2270715423828	0.545933044971915	0.230769230769231	0.384615384615385	0.230769230769231	0.384615384615385	0.384615384615385
