"B.beta"	"C.beta"	"D.beta"	"E.beta"	"B.se"	"C.se"	"D.se"	"E.se"	"A.rate"	"B.rate"	"C.rate"	"D.rate"	"E.rate"
"754"	0.487419251484339	-0.626274779633286	-0.340302627150604	-0.203114372075666	0.397977917538441	0.636075596923146	0.966920764411279	0.527434652378999	0.230769230769231	0.384615384615385	0.384615384615385	0.384615384615385	0.230769230769231
