"B.beta"	"C.beta"	"D.beta"	"E.beta"	"B.se"	"C.se"	"D.se"	"E.se"	"A.rate"	"B.rate"	"C.rate"	"D.rate"	"E.rate"
"75"	-0.768370567818116	-0.560708805253453	-0.714640404038102	-1.08088339167541	1.33597272778279	0.439022306503504	0.841771057185799	4.01786646717643	0.230769230769231	0.384615384615385	0.384615384615385	0.230769230769231	0.230769230769231
