"B.beta"	"C.beta"	"D.beta"	"E.beta"	"B.se"	"C.se"	"D.se"	"E.se"	"A.rate"	"B.rate"	"C.rate"	"D.rate"	"E.rate"
"887"	-0.405949975461666	-0.663455465634502	-0.451884357785541	-0.846103241319558	0.417669913292259	0.388675208451066	0.486932681992406	1.19654056576478	0.230769230769231	0.384615384615385	0.384615384615385	0.384615384615385	0.230769230769231
