"B.beta"	"C.beta"	"D.beta"	"E.beta"	"B.se"	"C.se"	"D.se"	"E.se"	"A.rate"	"B.rate"	"C.rate"	"D.rate"	"E.rate"
"426"	-0.100877390380067	-0.201904573042782	-0.294458444181399	-0.770750544960061	0.458269743410324	0.505348188073869	0.602542794379406	0.437823838550794	0.230769230769231	0.384615384615385	0.384615384615385	0.384615384615385	0.230769230769231
