"B.beta"	"C.beta"	"D.beta"	"E.beta"	"B.se"	"C.se"	"D.se"	"E.se"	"A.rate"	"B.rate"	"C.rate"	"D.rate"	"E.rate"
"418"	-0.414265101948602	-0.653777659947655	-0.0044071682033203	-0.97452878991039	0.26008239495126	0.855487356629989	0.292436508842742	0.50007576280827	0.230769230769231	0.384615384615385	0.384615384615385	0.384615384615385	0.230769230769231
