"B.beta"	"C.beta"	"D.beta"	"E.beta"	"B.se"	"C.se"	"D.se"	"E.se"	"A.rate"	"B.rate"	"C.rate"	"D.rate"	"E.rate"
"129"	-0.53989695334775	-0.248198488294141	-0.0611567218343671	-0.733765923901793	0.435319917881467	0.911507292371102	0.627248418486417	0.49157891722232	0.230769230769231	0.384615384615385	0.384615384615385	0.230769230769231	0.230769230769231
