"B.beta"	"C.beta"	"D.beta"	"E.beta"	"B.se"	"C.se"	"D.se"	"E.se"	"A.rate"	"B.rate"	"C.rate"	"D.rate"	"E.rate"
"744"	-0.251749172569112	-0.289864278417179	-0.313120842100415	-0.312903720013574	0.455181429704933	0.707619056595608	0.290865406824342	0.34297912799309	0.230769230769231	0.384615384615385	0.384615384615385	0.384615384615385	0.230769230769231
