"B.beta"	"C.beta"	"D.beta"	"E.beta"	"B.se"	"C.se"	"D.se"	"E.se"	"A.rate"	"B.rate"	"C.rate"	"D.rate"	"E.rate"
"838"	-0.0101085338508799	-0.174478078095749	-0.651758475965662	-0.206124993548946	0.340391728771275	0.932588501814919	0.495828742344519	1.00514573195852	0.230769230769231	0.384615384615385	0.384615384615385	0.230769230769231	0.230769230769231
