"B.beta"	"C.beta"	"D.beta"	"E.beta"	"B.se"	"C.se"	"D.se"	"E.se"	"A.rate"	"B.rate"	"C.rate"	"D.rate"	"E.rate"
"937"	-1.11902152181035	-0.404587968380012	-0.0457285779038548	-0.830650668328198	1.19248667370692	0.594974160851593	1.36632890017858	0.799253084384932	0.230769230769231	0.384615384615385	0.384615384615385	0.384615384615385	0.230769230769231
