"B.beta"	"C.beta"	"D.beta"	"E.beta"	"B.se"	"C.se"	"D.se"	"E.se"	"A.rate"	"B.rate"	"C.rate"	"D.rate"	"E.rate"
"133"	-0.134576250824599	-0.00908774191191541	-0.106157119687676	-0.47762885042752	0.334510527499694	0.467584846791567	0.415627169621974	0.771527099809648	0.230769230769231	0.384615384615385	0.384615384615385	0.230769230769231	0.230769230769231
