"B.beta"	"C.beta"	"D.beta"	"E.beta"	"B.se"	"C.se"	"D.se"	"E.se"	"A.rate"	"B.rate"	"C.rate"	"D.rate"	"E.rate"
"499"	-0.0808188448665791	-0.485086563338273	-0.374334953794936	-0.266535159963735	0.566328983753915	0.272811696792929	0.628745034235131	0.621300115150875	0.230769230769231	0.384615384615385	0.384615384615385	0.384615384615385	0.230769230769231
