"B.beta"	"C.beta"	"D.beta"	"E.beta"	"B.se"	"C.se"	"D.se"	"E.se"	"A.rate"	"B.rate"	"C.rate"	"D.rate"	"E.rate"
"85"	-0.0623126752772427	-0.435403433029598	-0.921620865224262	-0.649971854514377	0.334675138905407	1.40855139045546	1.34317352514272	0.982434898805758	0.230769230769231	0.384615384615385	0.384615384615385	0.230769230769231	0.230769230769231
