"B.beta"	"C.beta"	"D.beta"	"E.beta"	"B.se"	"C.se"	"D.se"	"E.se"	"A.rate"	"B.rate"	"C.rate"	"D.rate"	"E.rate"
"204"	-0.980255518838291	0.0580918566840803	-0.868687152846282	-0.176915843007169	0.866103390085945	0.48176510939448	0.621134377800554	0.347033541115617	0.230769230769231	0.384615384615385	0.384615384615385	0.230769230769231	0.384615384615385
