"B.beta"	"C.beta"	"D.beta"	"E.beta"	"B.se"	"C.se"	"D.se"	"E.se"	"A.rate"	"B.rate"	"C.rate"	"D.rate"	"E.rate"
"993"	-0.373933809452859	-0.664338258062291	-0.825778350530741	-0.189008229693669	0.353324694345901	0.354429583727984	0.99341375709276	1.29543288752663	0.230769230769231	0.384615384615385	0.384615384615385	0.384615384615385	0.230769230769231
