"B.beta"	"C.beta"	"D.beta"	"E.beta"	"B.se"	"C.se"	"D.se"	"E.se"	"A.rate"	"B.rate"	"C.rate"	"D.rate"	"E.rate"
"496"	-0.881322406195948	-0.318272793495212	-0.505307568156241	-0.500015366820134	2.08048772185083	0.354888816321576	1.23089585851039	1.85677435967428	0.230769230769231	0.384615384615385	0.384615384615385	0.384615384615385	0.230769230769231
