"B.beta"	"C.beta"	"D.beta"	"E.beta"	"B.se"	"C.se"	"D.se"	"E.se"	"A.rate"	"B.rate"	"C.rate"	"D.rate"	"E.rate"
"576"	-0.379889566799746	-0.19610790492104	-1.03903241270548	-0.675976271195927	0.780803774621684	0.294029294736566	0.917922638280102	0.613654951937383	0.230769230769231	0.384615384615385	0.384615384615385	0.230769230769231	0.230769230769231
