"B.beta"	"C.beta"	"D.beta"	"E.beta"	"B.se"	"C.se"	"D.se"	"E.se"	"A.rate"	"B.rate"	"C.rate"	"D.rate"	"E.rate"
"960"	-0.0363534699821332	-0.937256594055718	-0.713104260238442	-1.14316862461168	0.807634537748894	0.525548565328754	1.07293074825828	0.65490989771776	0.230769230769231	0.384615384615385	0.384615384615385	0.230769230769231	0.230769230769231
