"B.beta"	"C.beta"	"D.beta"	"E.beta"	"B.se"	"C.se"	"D.se"	"E.se"	"A.rate"	"B.rate"	"C.rate"	"D.rate"	"E.rate"
"593"	-0.959285973753778	-0.362104257191404	-0.326447798842792	-0.249812958532137	1.20745176869481	0.915327335193752	0.35971227653868	0.636876677490722	0.230769230769231	0.384615384615385	0.384615384615385	0.230769230769231	0.230769230769231
