"B.beta"	"C.beta"	"D.beta"	"E.beta"	"B.se"	"C.se"	"D.se"	"E.se"	"A.rate"	"B.rate"	"C.rate"	"D.rate"	"E.rate"
"271"	-0.849156242316624	-1.12560133668421	-1.11092838595607	-0.250704299987034	2.52530683976621	1.1709173358974	2.22143743326485	0.71297650418661	0.230769230769231	0.384615384615385	0.230769230769231	0.230769230769231	0.384615384615385
