"B.beta"	"C.beta"	"D.beta"	"E.beta"	"B.se"	"C.se"	"D.se"	"E.se"	"A.rate"	"B.rate"	"C.rate"	"D.rate"	"E.rate"
"584"	0.272027723899167	-0.0737577129072449	-0.669443504834191	-0.388744904544753	1.17234382128995	0.683071858701603	0.72632502452283	0.528460954424981	0.230769230769231	0.384615384615385	0.384615384615385	0.230769230769231	0.230769230769231
