"B.beta"	"C.beta"	"D.beta"	"E.beta"	"B.se"	"C.se"	"D.se"	"E.se"	"A.rate"	"B.rate"	"C.rate"	"D.rate"	"E.rate"
"104"	-0.847546710622498	-0.309869582331326	-0.0107668362494456	-1.41480136176288	0.85042122133824	0.368743298229767	0.564215397550735	1.02659601551041	0.230769230769231	0.384615384615385	0.384615384615385	0.384615384615385	0.230769230769231
