"B.beta"	"C.beta"	"D.beta"	"E.beta"	"B.se"	"C.se"	"D.se"	"E.se"	"A.rate"	"B.rate"	"C.rate"	"D.rate"	"E.rate"
"554"	-0.643874153989697	-0.527328169880698	-0.200469457347096	-0.582222668512084	1.75460558631176	0.598335128481046	0.376026070031185	0.59483245172709	0.230769230769231	0.384615384615385	0.230769230769231	0.384615384615385	0.230769230769231
