"B.beta"	"C.beta"	"D.beta"	"E.beta"	"B.se"	"C.se"	"D.se"	"E.se"	"A.rate"	"B.rate"	"C.rate"	"D.rate"	"E.rate"
"688"	-0.436335044045789	-0.938763772228968	-0.596561730722282	0.109409269331086	0.589014571852823	0.558748754527931	1.41910870176595	0.381895004886948	0.230769230769231	0.384615384615385	0.384615384615385	0.384615384615385	0.230769230769231
