"B.beta"	"C.beta"	"D.beta"	"E.beta"	"B.se"	"C.se"	"D.se"	"E.se"	"A.rate"	"B.rate"	"C.rate"	"D.rate"	"E.rate"
"115"	0.456753110619302	-0.299059740216267	-0.202420665270092	-0.122810217909452	0.62531514605036	0.621334346620234	1.36370290408905	0.857600793831747	0.230769230769231	0.384615384615385	0.384615384615385	0.384615384615385	0.230769230769231
