"B.beta"	"C.beta"	"D.beta"	"E.beta"	"B.se"	"C.se"	"D.se"	"E.se"	"A.rate"	"B.rate"	"C.rate"	"D.rate"	"E.rate"
"862"	-0.0498142726337626	-0.147385048389832	-0.385456310592089	0.0147269900502178	0.437044907105161	0.354305248305344	0.553049745491668	0.430337653295717	0.230769230769231	0.384615384615385	0.384615384615385	0.230769230769231	0.384615384615385
