"B.beta"	"C.beta"	"D.beta"	"E.beta"	"B.se"	"C.se"	"D.se"	"E.se"	"A.rate"	"B.rate"	"C.rate"	"D.rate"	"E.rate"
"56"	-0.734054768549379	-6.23161920739698	-0.101850386401658	-0.441732566762943	1.26429255695328	944610.697254084	0.672923901606061	1.28766859772108	0.230769230769231	0.384615384615385	0.230769230769231	0.384615384615385	0.230769230769231
