"B.beta"	"C.beta"	"D.beta"	"E.beta"	"B.se"	"C.se"	"D.se"	"E.se"	"A.rate"	"B.rate"	"C.rate"	"D.rate"	"E.rate"
"84"	0.105049387169042	-0.600827976426579	-0.329687604470241	-0.671963389664656	0.608123282064586	0.495450380678611	0.454950089253457	1.70238536189899	0.230769230769231	0.384615384615385	0.384615384615385	0.230769230769231	0.230769230769231
