"B.beta"	"C.beta"	"D.beta"	"E.beta"	"B.se"	"C.se"	"D.se"	"E.se"	"A.rate"	"B.rate"	"C.rate"	"D.rate"	"E.rate"
"865"	-0.352750912440837	-0.263892388930086	-0.842715866028475	-0.471664233666768	1.62866001843108	0.482185451138786	0.364373645482239	0.753398945756231	0.230769230769231	0.384615384615385	0.384615384615385	0.384615384615385	0.230769230769231
