"B.beta"	"C.beta"	"D.beta"	"E.beta"	"B.se"	"C.se"	"D.se"	"E.se"	"A.rate"	"B.rate"	"C.rate"	"D.rate"	"E.rate"
"421"	-0.536454531379879	-0.4494802811143	-0.753013212024777	-0.702366731179358	0.48041605335968	0.368440473751527	0.765854955045515	0.885941016913911	0.230769230769231	0.384615384615385	0.384615384615385	0.384615384615385	0.230769230769231
