"B.beta"	"C.beta"	"D.beta"	"E.beta"	"B.se"	"C.se"	"D.se"	"E.se"	"A.rate"	"B.rate"	"C.rate"	"D.rate"	"E.rate"
"20"	0.23826818591436	-0.476505731740169	-0.665774538072535	-0.744579874295801	0.305251303163751	0.447888909556035	0.697495710856076	0.586386183726563	0.230769230769231	0.384615384615385	0.230769230769231	0.230769230769231	0.230769230769231
