"B.beta"	"C.beta"	"D.beta"	"E.beta"	"B.se"	"C.se"	"D.se"	"E.se"	"A.rate"	"B.rate"	"C.rate"	"D.rate"	"E.rate"
"917"	-0.860027089825905	-0.591568681516957	-0.14574071597411	-1.13535260671555	0.606314445601242	0.674169321192142	0.391770144995628	1.71905313245197	0.230769230769231	0.384615384615385	0.384615384615385	0.230769230769231	0.230769230769231
