"B.beta"	"C.beta"	"D.beta"	"E.beta"	"B.se"	"C.se"	"D.se"	"E.se"	"A.rate"	"B.rate"	"C.rate"	"D.rate"	"E.rate"
"663"	-0.635713192218019	-0.789559853138625	-5.81956103115781	-1.08830030677548	2.36634648868679	0.397290420913319	711947.17801422	0.711211190271777	0.230769230769231	0.384615384615385	0.384615384615385	0.230769230769231	0.230769230769231
