"B.beta"	"C.beta"	"D.beta"	"E.beta"	"B.se"	"C.se"	"D.se"	"E.se"	"A.rate"	"B.rate"	"C.rate"	"D.rate"	"E.rate"
"57"	-0.271779183168185	-1.15633657668407	-0.381411061382835	-0.691408692979987	0.736104358624777	0.593337428236154	0.49859823104511	0.519763812753716	0.230769230769231	0.384615384615385	0.230769230769231	0.384615384615385	0.230769230769231
