"B.beta"	"C.beta"	"D.beta"	"E.beta"	"B.se"	"C.se"	"D.se"	"E.se"	"A.rate"	"B.rate"	"C.rate"	"D.rate"	"E.rate"
"100"	-0.484050799826571	-0.658912689077532	-0.91262157807154	-0.523807639173247	0.521310780245879	0.825094000840232	0.463539055519434	1.17020317869225	0.230769230769231	0.384615384615385	0.384615384615385	0.384615384615385	0.230769230769231
