"B.beta"	"C.beta"	"D.beta"	"E.beta"	"B.se"	"C.se"	"D.se"	"E.se"	"A.rate"	"B.rate"	"C.rate"	"D.rate"	"E.rate"
"455"	-0.358161023106083	-0.587286072447026	-6.0899372837497	-0.511542713237968	0.32356152004585	0.876240099027976	786657.213742445	0.777268776209463	0.230769230769231	0.384615384615385	0.384615384615385	0.230769230769231	0.230769230769231
