"B.beta"	"C.beta"	"D.beta"	"E.beta"	"B.se"	"C.se"	"D.se"	"E.se"	"A.rate"	"B.rate"	"C.rate"	"D.rate"	"E.rate"
"454"	-1.40368876391583	-0.745785325350693	-1.39987733866663	-0.878413064060271	0.581519537539571	0.982316717062227	1.12205752428528	1.50025665520775	0.230769230769231	0.384615384615385	0.384615384615385	0.230769230769231	0.230769230769231
