"B.beta"	"C.beta"	"D.beta"	"E.beta"	"B.se"	"C.se"	"D.se"	"E.se"	"A.rate"	"B.rate"	"C.rate"	"D.rate"	"E.rate"
"894"	-0.91701052955552	-0.748587877672461	-0.59975072808706	-0.82149513358541	0.542523837018205	0.423340659508558	0.516101040810022	0.887138328668227	0.230769230769231	0.384615384615385	0.384615384615385	0.384615384615385	0.384615384615385
