"B.beta"	"C.beta"	"D.beta"	"E.beta"	"B.se"	"C.se"	"D.se"	"E.se"	"A.rate"	"B.rate"	"C.rate"	"D.rate"	"E.rate"
"968"	-0.964589307000391	-0.183287315708093	-0.796475564877393	-0.166412454147125	0.916197482035509	1.0351381054894	0.776320215085938	1.29231616440681	0.230769230769231	0.384615384615385	0.384615384615385	0.230769230769231	0.230769230769231
