"B.beta"	"C.beta"	"D.beta"	"E.beta"	"B.se"	"C.se"	"D.se"	"E.se"	"A.rate"	"B.rate"	"C.rate"	"D.rate"	"E.rate"
"8"	-0.437023385106479	-0.268970110994519	-0.371425993269537	-0.965378145161167	0.254950777245789	1.25548730280643	0.331229407687939	2.2919194803994	0.230769230769231	0.384615384615385	0.230769230769231	0.230769230769231	0.230769230769231
