"B.beta"	"C.beta"	"D.beta"	"E.beta"	"B.se"	"C.se"	"D.se"	"E.se"	"A.rate"	"B.rate"	"C.rate"	"D.rate"	"E.rate"
"168"	0.544157205399836	-0.239519591225445	-1.26347587502427	-0.514837707263184	0.544443152890622	1.0511838509279	0.71908531125786	1.58301073374559	0.230769230769231	0.384615384615385	0.384615384615385	0.384615384615385	0.230769230769231
