"B.beta"	"C.beta"	"D.beta"	"E.beta"	"B.se"	"C.se"	"D.se"	"E.se"	"A.rate"	"B.rate"	"C.rate"	"D.rate"	"E.rate"
"457"	-0.956938174768523	0.0525657102941445	-0.635020601771728	-0.0172151090423902	0.83876375188653	0.355876975947994	0.620544724231843	0.989121365071333	0.230769230769231	0.384615384615385	0.384615384615385	0.230769230769231	0.230769230769231
