"B.beta"	"C.beta"	"D.beta"	"E.beta"	"B.se"	"C.se"	"D.se"	"E.se"	"A.rate"	"B.rate"	"C.rate"	"D.rate"	"E.rate"
"58"	-0.509031953800617	-0.549909399854285	0.183571189821786	-0.289486436489192	0.563998538124818	0.604176561102236	0.326500371278966	0.872770470849717	0.230769230769231	0.384615384615385	0.230769230769231	0.384615384615385	0.230769230769231
