"B.beta"	"C.beta"	"D.beta"	"E.beta"	"B.se"	"C.se"	"D.se"	"E.se"	"A.rate"	"B.rate"	"C.rate"	"D.rate"	"E.rate"
"890"	-0.554110637457928	0.108913530138699	-0.492599129766098	-0.576218463288411	0.935428475852496	0.954991715276098	0.943796575634949	0.479415263021343	0.230769230769231	0.384615384615385	0.384615384615385	0.384615384615385	0.230769230769231
