"B.beta"	"C.beta"	"D.beta"	"E.beta"	"B.se"	"C.se"	"D.se"	"E.se"	"A.rate"	"B.rate"	"C.rate"	"D.rate"	"E.rate"
"965"	0.0121238957218478	-0.456967209395849	-1.28129514724343	0.0033677152928562	0.996700391985155	1.0892526496636	1.32043110167655	1.86488378607618	0.230769230769231	0.384615384615385	0.384615384615385	0.230769230769231	0.230769230769231
