"B.beta"	"C.beta"	"D.beta"	"E.beta"	"B.se"	"C.se"	"D.se"	"E.se"	"A.rate"	"B.rate"	"C.rate"	"D.rate"	"E.rate"
"368"	-0.0403296610394361	-0.121540339247715	-0.28617573560492	-1.27570576187137	0.445481163722135	0.912486962187295	0.708806991291826	1.39867497592847	0.230769230769231	0.384615384615385	0.384615384615385	0.384615384615385	0.230769230769231
