"B.beta"	"C.beta"	"D.beta"	"E.beta"	"B.se"	"C.se"	"D.se"	"E.se"	"A.rate"	"B.rate"	"C.rate"	"D.rate"	"E.rate"
"91"	-0.156165815616144	-0.509019519684509	-0.911367991548669	-1.13670595918687	0.290437293678906	0.313768128725858	0.752541026924125	1.28300066661819	0.230769230769231	0.384615384615385	0.384615384615385	0.230769230769231	0.230769230769231
