"B.beta"	"C.beta"	"D.beta"	"E.beta"	"B.se"	"C.se"	"D.se"	"E.se"	"A.rate"	"B.rate"	"C.rate"	"D.rate"	"E.rate"
"175"	-0.598306467383066	0.130289199134229	-0.136449955315725	-0.661972207758535	0.701471835438744	0.56824253311368	0.537559461002454	1.60061741702448	0.230769230769231	0.384615384615385	0.384615384615385	0.384615384615385	0.384615384615385
