"B.beta"	"C.beta"	"D.beta"	"E.beta"	"B.se"	"C.se"	"D.se"	"E.se"	"A.rate"	"B.rate"	"C.rate"	"D.rate"	"E.rate"
"331"	0.0950666124514994	-0.342328099030659	0.158614735964738	-6.13365718154923	0.935152735387749	0.862894468583363	0.372936201462236	716264.774919902	0.230769230769231	0.384615384615385	0.384615384615385	0.230769230769231	0.230769230769231
