"B.beta"	"C.beta"	"D.beta"	"E.beta"	"B.se"	"C.se"	"D.se"	"E.se"	"A.rate"	"B.rate"	"C.rate"	"D.rate"	"E.rate"
"181"	-0.462166459741798	-0.083907695658448	-0.106846996825869	-0.282541701465855	0.554197320547953	0.515628185027783	0.346001506901931	0.72488051850504	0.230769230769231	0.384615384615385	0.384615384615385	0.384615384615385	0.230769230769231
