"B.beta"	"C.beta"	"D.beta"	"E.beta"	"B.se"	"C.se"	"D.se"	"E.se"	"A.rate"	"B.rate"	"C.rate"	"D.rate"	"E.rate"
"141"	-0.529672691225962	-0.181667121470659	-0.939365760250522	-0.346249855644202	0.575176662413559	0.338394496057365	0.524613303203136	0.354876751609021	0.230769230769231	0.384615384615385	0.384615384615385	0.230769230769231	0.384615384615385
