"B.beta"	"C.beta"	"D.beta"	"E.beta"	"B.se"	"C.se"	"D.se"	"E.se"	"A.rate"	"B.rate"	"C.rate"	"D.rate"	"E.rate"
"1004"	-0.363272236070105	-0.524115889714168	-0.116888765759721	-0.3246296806215	0.386571014127624	0.73871283930928	0.390091146479822	0.381874642278708	0.230769230769231	0.384615384615385	0.384615384615385	0.384615384615385	0.384615384615385
