"B.beta"	"C.beta"	"D.beta"	"E.beta"	"B.se"	"C.se"	"D.se"	"E.se"	"A.rate"	"B.rate"	"C.rate"	"D.rate"	"E.rate"
"41"	-0.00429795711625522	-0.741633990618582	0.108488862508352	-0.267644267276672	0.901320936594704	0.605104487301979	1.07350671951874	0.498062023316582	0.230769230769231	0.384615384615385	0.230769230769231	0.384615384615385	0.230769230769231
