"B.beta"	"C.beta"	"D.beta"	"E.beta"	"B.se"	"C.se"	"D.se"	"E.se"	"A.rate"	"B.rate"	"C.rate"	"D.rate"	"E.rate"
"822"	-0.484475903296527	-0.351452591363604	-0.551898658974325	-1.01802250446156	0.879948016760772	0.370922332292558	0.480397513716257	1.06258122720817	0.230769230769231	0.384615384615385	0.230769230769231	0.384615384615385	0.230769230769231
