"B.beta"	"C.beta"	"D.beta"	"E.beta"	"B.se"	"C.se"	"D.se"	"E.se"	"A.rate"	"B.rate"	"C.rate"	"D.rate"	"E.rate"
"874"	-0.730908430329259	-0.297640033993306	-0.108570298422572	0.366800816675823	0.516964486364961	0.536366501893592	0.704883544244957	0.392214817726463	0.230769230769231	0.384615384615385	0.384615384615385	0.384615384615385	0.230769230769231
