"B.beta"	"C.beta"	"D.beta"	"E.beta"	"B.se"	"C.se"	"D.se"	"E.se"	"A.rate"	"B.rate"	"C.rate"	"D.rate"	"E.rate"
"886"	-0.984365589258827	-0.337951216433273	-0.341402362550279	-5.79506198983226	0.592063311564431	0.562654570741052	0.443892872259067	855035.755130142	0.230769230769231	0.384615384615385	0.384615384615385	0.384615384615385	0.230769230769231
