"B.beta"	"C.beta"	"D.beta"	"E.beta"	"B.se"	"C.se"	"D.se"	"E.se"	"A.rate"	"B.rate"	"C.rate"	"D.rate"	"E.rate"
"951"	-0.815665780819203	-0.335352856748161	-0.564186173191619	-0.615502096943821	0.315205723755924	1.20848302275962	0.596584055736787	0.762552242311824	0.230769230769231	0.384615384615385	0.384615384615385	0.384615384615385	0.230769230769231
