"B.beta"	"C.beta"	"D.beta"	"E.beta"	"B.se"	"C.se"	"D.se"	"E.se"	"A.rate"	"B.rate"	"C.rate"	"D.rate"	"E.rate"
"149"	0.0619630019518402	-0.737556197131452	-0.986599081009359	-1.21085173613336	0.308921912536675	0.409390038812425	0.713403069628869	1.23649558131375	0.230769230769231	0.384615384615385	0.384615384615385	0.230769230769231	0.230769230769231
