"B.beta"	"C.beta"	"D.beta"	"E.beta"	"B.se"	"C.se"	"D.se"	"E.se"	"A.rate"	"B.rate"	"C.rate"	"D.rate"	"E.rate"
"991"	-0.596801796738395	-0.282930048971626	-0.362185618972819	-0.648570232901347	0.342969683210825	0.335469294231531	1.38860661584894	0.355307621843842	0.230769230769231	0.384615384615385	0.384615384615385	0.230769230769231	0.384615384615385
