"B.beta"	"C.beta"	"D.beta"	"E.beta"	"B.se"	"C.se"	"D.se"	"E.se"	"A.rate"	"B.rate"	"C.rate"	"D.rate"	"E.rate"
"945"	-0.280796868366569	-0.47662221029322	-1.03968710664677	-0.755047882099872	0.841075540418981	0.295527441821467	3.14721832267628	0.615920886019429	0.230769230769231	0.384615384615385	0.384615384615385	0.384615384615385	0.230769230769231
