"B.beta"	"C.beta"	"D.beta"	"E.beta"	"B.se"	"C.se"	"D.se"	"E.se"	"A.rate"	"B.rate"	"C.rate"	"D.rate"	"E.rate"
"72"	-1.35087790001983	-0.719947996031105	-0.539046006637891	-1.00590651642361	0.468342334868784	0.633669553316967	0.849364512512717	1.71427305425148	0.230769230769231	0.384615384615385	0.384615384615385	0.230769230769231	0.230769230769231
