"B.beta"	"C.beta"	"D.beta"	"E.beta"	"B.se"	"C.se"	"D.se"	"E.se"	"A.rate"	"B.rate"	"C.rate"	"D.rate"	"E.rate"
"706"	0.0589281048219967	0.408117616987858	-0.680394638668883	-0.451512551444876	0.362388416972968	0.332302936544128	0.897627425448891	0.402485453885399	0.230769230769231	0.384615384615385	0.384615384615385	0.230769230769231	0.230769230769231
