"B.beta"	"C.beta"	"D.beta"	"E.beta"	"B.se"	"C.se"	"D.se"	"E.se"	"A.rate"	"B.rate"	"C.rate"	"D.rate"	"E.rate"
"25"	0.223893433398952	-0.369239902843729	-0.586552564451754	-0.193119615740212	0.454356785963915	0.452069855466472	0.90111622733034	0.632561336821237	0.230769230769231	0.384615384615385	0.230769230769231	0.230769230769231	0.230769230769231
