"B.beta"	"C.beta"	"D.beta"	"E.beta"	"B.se"	"C.se"	"D.se"	"E.se"	"A.rate"	"B.rate"	"C.rate"	"D.rate"	"E.rate"
"813"	-0.429308622076039	-0.62307347776852	-0.918068556961628	-0.136460918872327	0.334742209151556	1.06956271813501	0.65704888386396	0.729059818612713	0.230769230769231	0.384615384615385	0.230769230769231	0.384615384615385	0.384615384615385
