"B.beta"	"C.beta"	"D.beta"	"E.beta"	"B.se"	"C.se"	"D.se"	"E.se"	"A.rate"	"B.rate"	"C.rate"	"D.rate"	"E.rate"
"885"	-0.057267918177962	-0.557443301908018	-0.233443027862288	-0.334333767905209	0.265949197770976	0.315782923654034	0.713707740576272	0.569038835330324	0.230769230769231	0.384615384615385	0.384615384615385	0.384615384615385	0.230769230769231
