"B.beta"	"C.beta"	"D.beta"	"E.beta"	"B.se"	"C.se"	"D.se"	"E.se"	"A.rate"	"B.rate"	"C.rate"	"D.rate"	"E.rate"
"482"	-0.11944646802202	-0.457002545183482	-0.525643356488743	-0.416293486578101	0.279443179354492	0.395632031042846	0.500379215218986	0.968637888945218	0.230769230769231	0.384615384615385	0.384615384615385	0.384615384615385	0.230769230769231
