"B.beta"	"C.beta"	"D.beta"	"E.beta"	"B.se"	"C.se"	"D.se"	"E.se"	"A.rate"	"B.rate"	"C.rate"	"D.rate"	"E.rate"
"32"	-0.542287570588155	-0.542505909814732	-0.0323793474514162	-0.309968829011837	0.398164636392445	0.610366393252068	0.639568253983421	0.570912312000981	0.230769230769231	0.384615384615385	0.230769230769231	0.384615384615385	0.230769230769231
