"B.beta"	"C.beta"	"D.beta"	"E.beta"	"B.se"	"C.se"	"D.se"	"E.se"	"A.rate"	"B.rate"	"C.rate"	"D.rate"	"E.rate"
"1006"	0.405413058374368	-0.415766606747983	0.30773941882347	-0.392127070357939	0.317295370678633	0.430476830698834	0.484654430451026	1.25398189613957	0.230769230769231	0.384615384615385	0.384615384615385	0.384615384615385	0.384615384615385
