"B.beta"	"C.beta"	"D.beta"	"E.beta"	"B.se"	"C.se"	"D.se"	"E.se"	"A.rate"	"B.rate"	"C.rate"	"D.rate"	"E.rate"
"351"	-0.869463728568486	-0.411725175152788	-0.0266645953091914	-0.777249307833286	2.0816460142121	0.407268765367715	0.419074726597676	0.447801991181676	0.230769230769231	0.384615384615385	0.384615384615385	0.230769230769231	0.384615384615385
