"B.beta"	"C.beta"	"D.beta"	"E.beta"	"B.se"	"C.se"	"D.se"	"E.se"	"A.rate"	"B.rate"	"C.rate"	"D.rate"	"E.rate"
"460"	-0.161942261856446	-0.534123106616266	0.00484378976333187	-0.792360592794787	0.552720092911782	0.447587182887473	0.405410063356774	0.627672814486546	0.230769230769231	0.384615384615385	0.384615384615385	0.230769230769231	0.384615384615385
