"B.beta"	"C.beta"	"D.beta"	"E.beta"	"B.se"	"C.se"	"D.se"	"E.se"	"A.rate"	"B.rate"	"C.rate"	"D.rate"	"E.rate"
"730"	-0.29278820308395	-1.4076607514203	-0.717884205014148	-0.750486673959993	0.774873149000211	0.631675376952385	0.946361749523007	0.759936262752357	0.230769230769231	0.384615384615385	0.384615384615385	0.230769230769231	0.230769230769231
