"B.beta"	"C.beta"	"D.beta"	"E.beta"	"B.se"	"C.se"	"D.se"	"E.se"	"A.rate"	"B.rate"	"C.rate"	"D.rate"	"E.rate"
"643"	-0.0665780123469449	-0.228114092714416	-0.859475548354162	-0.328629683872621	0.558316656925227	0.304332063027037	0.616753891781365	0.552322640608227	0.230769230769231	0.384615384615385	0.384615384615385	0.230769230769231	0.230769230769231
