"B.beta"	"C.beta"	"D.beta"	"E.beta"	"B.se"	"C.se"	"D.se"	"E.se"	"A.rate"	"B.rate"	"C.rate"	"D.rate"	"E.rate"
"185"	-0.338251497496468	-0.482352439387132	-0.432197281193734	-0.382364545424561	0.305363881957904	0.425733828611389	0.347626582822344	0.877822286340906	0.230769230769231	0.384615384615385	0.384615384615385	0.384615384615385	0.230769230769231
