"B.beta"	"C.beta"	"D.beta"	"E.beta"	"B.se"	"C.se"	"D.se"	"E.se"	"A.rate"	"B.rate"	"C.rate"	"D.rate"	"E.rate"
"247"	0.260310590456625	-0.469168190789964	-1.33506461062319	-0.931493445419804	0.633049258595912	0.493282763644234	2.32633628789412	2.6648752317642	0.230769230769231	0.384615384615385	0.384615384615385	0.384615384615385	0.230769230769231
