"B.beta"	"C.beta"	"D.beta"	"E.beta"	"B.se"	"C.se"	"D.se"	"E.se"	"A.rate"	"B.rate"	"C.rate"	"D.rate"	"E.rate"
"489"	-0.301698907065023	-0.731826979061417	-0.620740179077527	-0.208107752214124	0.296206336879639	0.641749354414058	0.339133008370903	1.42448363360351	0.230769230769231	0.384615384615385	0.384615384615385	0.384615384615385	0.230769230769231
