"B.beta"	"C.beta"	"D.beta"	"E.beta"	"B.se"	"C.se"	"D.se"	"E.se"	"A.rate"	"B.rate"	"C.rate"	"D.rate"	"E.rate"
"938"	-0.292383324209831	-0.506972787810942	-1.07742005550064	-0.686858916360715	0.300703212313989	0.472370299847879	0.547690668510128	1.22177310726048	0.230769230769231	0.384615384615385	0.384615384615385	0.384615384615385	0.230769230769231
