"B.beta"	"C.beta"	"D.beta"	"E.beta"	"B.se"	"C.se"	"D.se"	"E.se"	"A.rate"	"B.rate"	"C.rate"	"D.rate"	"E.rate"
"1015"	-0.598035086452628	-0.259870039451732	-0.231111644269063	0.0963893491646069	0.565985928420287	0.303927125647616	0.562887966782793	0.513970440204032	0.230769230769231	0.384615384615385	0.384615384615385	0.384615384615385	0.230769230769231
