"B.beta"	"C.beta"	"D.beta"	"E.beta"	"B.se"	"C.se"	"D.se"	"E.se"	"A.rate"	"B.rate"	"C.rate"	"D.rate"	"E.rate"
"157"	-0.20852344894739	-0.317798745962312	-0.473677788319158	-0.320259239060555	0.807742706930942	0.300560325319117	2.21260425032109	0.710705797867421	0.230769230769231	0.384615384615385	0.384615384615385	0.230769230769231	0.384615384615385
