"B.beta"	"C.beta"	"D.beta"	"E.beta"	"B.se"	"C.se"	"D.se"	"E.se"	"A.rate"	"B.rate"	"C.rate"	"D.rate"	"E.rate"
"188"	-0.314100270090844	-0.253768112803888	-0.380215357150104	0.0371180297489606	0.504054572984045	0.370241260978664	1.3637689628045	0.6408041835059	0.230769230769231	0.384615384615385	0.384615384615385	0.384615384615385	0.384615384615385
