"B.beta"	"C.beta"	"D.beta"	"E.beta"	"B.se"	"C.se"	"D.se"	"E.se"	"A.rate"	"B.rate"	"C.rate"	"D.rate"	"E.rate"
"775"	-1.21723021497372	-0.598196768634667	-1.22222036660926	-0.396402792552206	0.877884838997238	1.24132819106837	2.06337944181478	0.895439663788807	0.230769230769231	0.384615384615385	0.230769230769231	0.230769230769231	0.230769230769231
