"B.beta"	"C.beta"	"D.beta"	"E.beta"	"B.se"	"C.se"	"D.se"	"E.se"	"A.rate"	"B.rate"	"C.rate"	"D.rate"	"E.rate"
"901"	-0.0353836965572077	0.0813959186977273	-0.0716381720413976	-0.343882050886449	0.297486212081506	0.287235529164717	0.594041086013792	0.434407029344165	0.230769230769231	0.384615384615385	0.384615384615385	0.230769230769231	0.230769230769231
