"B.beta"	"C.beta"	"D.beta"	"E.beta"	"B.se"	"C.se"	"D.se"	"E.se"	"A.rate"	"B.rate"	"C.rate"	"D.rate"	"E.rate"
"504"	0.486982390668179	-0.412032020148831	-0.117151215906922	-0.834660225165491	0.691734058810354	0.633976734587632	0.537939198059732	0.524633891604369	0.230769230769231	0.384615384615385	0.384615384615385	0.384615384615385	0.230769230769231
