"B.beta"	"C.beta"	"D.beta"	"E.beta"	"B.se"	"C.se"	"D.se"	"E.se"	"A.rate"	"B.rate"	"C.rate"	"D.rate"	"E.rate"
"624"	-0.565217437349158	-0.497113463292862	-0.814395399859767	-0.127812024819532	0.558167538999349	0.521748788154549	0.949783400759004	0.468815805518719	0.230769230769231	0.384615384615385	0.384615384615385	0.384615384615385	0.230769230769231
