"B.beta"	"C.beta"	"D.beta"	"E.beta"	"B.se"	"C.se"	"D.se"	"E.se"	"A.rate"	"B.rate"	"C.rate"	"D.rate"	"E.rate"
"317"	-0.20168036755696	0.00936786567734182	-0.581065774822497	-0.789915921884908	0.364635063454607	0.991241581009067	0.439856145297105	0.483642521870145	0.230769230769231	0.384615384615385	0.230769230769231	0.384615384615385	0.384615384615385
