"B.beta"	"C.beta"	"D.beta"	"E.beta"	"B.se"	"C.se"	"D.se"	"E.se"	"A.rate"	"B.rate"	"C.rate"	"D.rate"	"E.rate"
"17"	-0.40530841515599	-0.872120591893118	-0.910148254529639	-0.57321032202342	0.386228068575224	0.665814533813325	1.21341678203975	1.53323130815173	0.230769230769231	0.384615384615385	0.230769230769231	0.230769230769231	0.230769230769231
