"B.beta"	"C.beta"	"D.beta"	"E.beta"	"B.se"	"C.se"	"D.se"	"E.se"	"A.rate"	"B.rate"	"C.rate"	"D.rate"	"E.rate"
"950"	-0.461417556875719	-0.909103389296944	-0.21918773656469	-0.682736831249418	0.611928347792629	1.33839084907305	0.354567164902515	0.850458536286181	0.230769230769231	0.384615384615385	0.384615384615385	0.384615384615385	0.230769230769231
