"B.beta"	"C.beta"	"D.beta"	"E.beta"	"B.se"	"C.se"	"D.se"	"E.se"	"A.rate"	"B.rate"	"C.rate"	"D.rate"	"E.rate"
"675"	0.307687837141971	-0.511311880582937	-0.192101539309708	-0.123025104422564	0.421440127322324	0.882877402600216	0.297864240304519	0.402424117794726	0.230769230769231	0.384615384615385	0.384615384615385	0.384615384615385	0.230769230769231
