"B.beta"	"C.beta"	"D.beta"	"E.beta"	"B.se"	"C.se"	"D.se"	"E.se"	"A.rate"	"B.rate"	"C.rate"	"D.rate"	"E.rate"
"444"	-1.24965216260166	-0.418363417301627	-0.87762862983193	-0.777916441993664	1.37914683036919	0.474414049092063	0.613859684547854	0.570150523766427	0.230769230769231	0.384615384615385	0.384615384615385	0.384615384615385	0.384615384615385
