"B.beta"	"C.beta"	"D.beta"	"E.beta"	"B.se"	"C.se"	"D.se"	"E.se"	"A.rate"	"B.rate"	"C.rate"	"D.rate"	"E.rate"
"88"	-0.64080402248171	-0.265908011510151	-0.600139028948571	-0.745114834755226	0.673703144077686	0.597760470096438	0.494146211025971	0.897753179439875	0.230769230769231	0.384615384615385	0.384615384615385	0.230769230769231	0.230769230769231
