"B.beta"	"C.beta"	"D.beta"	"E.beta"	"B.se"	"C.se"	"D.se"	"E.se"	"A.rate"	"B.rate"	"C.rate"	"D.rate"	"E.rate"
"1007"	-0.491407822378264	-0.937839045022848	0.161903398730005	-0.153247246569909	0.400280052636464	0.874414141680356	0.392209930383176	0.932889950050456	0.230769230769231	0.384615384615385	0.384615384615385	0.384615384615385	0.384615384615385
