"B.beta"	"C.beta"	"D.beta"	"E.beta"	"B.se"	"C.se"	"D.se"	"E.se"	"A.rate"	"B.rate"	"C.rate"	"D.rate"	"E.rate"
"803"	-0.170125507479982	-0.619894706886345	-0.837129102413315	-0.303312542612153	0.595453397045166	0.847127115330943	1.161915367465	1.05577031868862	0.230769230769231	0.384615384615385	0.230769230769231	0.384615384615385	0.230769230769231
