"B.beta"	"C.beta"	"D.beta"	"E.beta"	"B.se"	"C.se"	"D.se"	"E.se"	"A.rate"	"B.rate"	"C.rate"	"D.rate"	"E.rate"
"233"	-0.587636502831509	-0.0160460194322352	-0.26876040055986	-0.0839494555906812	0.597040469060758	0.788207208561421	0.393034506986484	1.25975016752235	0.230769230769231	0.384615384615385	0.384615384615385	0.384615384615385	0.230769230769231
