"B.beta"	"C.beta"	"D.beta"	"E.beta"	"B.se"	"C.se"	"D.se"	"E.se"	"A.rate"	"B.rate"	"C.rate"	"D.rate"	"E.rate"
"708"	-0.442476054953684	-0.42285031917012	-0.329878557424835	-0.8315383614726	0.760883613860079	1.24593056457461	1.94463364266802	0.873280715998761	0.230769230769231	0.384615384615385	0.384615384615385	0.230769230769231	0.230769230769231
