"B.beta"	"C.beta"	"D.beta"	"E.beta"	"B.se"	"C.se"	"D.se"	"E.se"	"A.rate"	"B.rate"	"C.rate"	"D.rate"	"E.rate"
"338"	-0.327035501793514	-0.420975071653877	-1.07931576171986	-0.826363310105328	0.582863091161311	0.553226734341283	0.487261454640212	3.25349594267275	0.230769230769231	0.384615384615385	0.384615384615385	0.230769230769231	0.230769230769231
