"B.beta"	"C.beta"	"D.beta"	"E.beta"	"B.se"	"C.se"	"D.se"	"E.se"	"A.rate"	"B.rate"	"C.rate"	"D.rate"	"E.rate"
"792"	-0.672130410674747	0.0769524909124556	-0.128738446628435	-11.8374151224744	0.81431543581027	0.678269261804673	0.374566774938637	1864323.87210627	0.230769230769231	0.384615384615385	0.230769230769231	0.230769230769231	0.230769230769231
