"B.beta"	"C.beta"	"D.beta"	"E.beta"	"B.se"	"C.se"	"D.se"	"E.se"	"A.rate"	"B.rate"	"C.rate"	"D.rate"	"E.rate"
"876"	-0.233951430457043	-0.715131253555624	-0.492936061111879	0.227549215993365	0.293610910767838	0.341262295992533	0.281356131859543	0.395786079757111	0.230769230769231	0.384615384615385	0.384615384615385	0.384615384615385	0.384615384615385
