"B.beta"	"C.beta"	"D.beta"	"E.beta"	"B.se"	"C.se"	"D.se"	"E.se"	"A.rate"	"B.rate"	"C.rate"	"D.rate"	"E.rate"
"403"	-0.806895031567292	-0.204778119058903	-0.175871266386874	-0.535615735536192	0.570172802109431	0.692097403946632	0.777777239024552	1.16747430183539	0.230769230769231	0.384615384615385	0.384615384615385	0.230769230769231	0.230769230769231
