"B.beta"	"C.beta"	"D.beta"	"E.beta"	"B.se"	"C.se"	"D.se"	"E.se"	"A.rate"	"B.rate"	"C.rate"	"D.rate"	"E.rate"
"250"	0.0446349036480193	-0.276805000645602	-0.119361909829557	-0.601980517471278	0.344865283732479	0.244641468596218	0.257823882440515	0.886517116377712	0.230769230769231	0.384615384615385	0.384615384615385	0.384615384615385	0.230769230769231
