"B.beta"	"C.beta"	"D.beta"	"E.beta"	"B.se"	"C.se"	"D.se"	"E.se"	"A.rate"	"B.rate"	"C.rate"	"D.rate"	"E.rate"
"127"	-0.75339219143741	-0.117450411876988	0.107094134080743	-0.027123803721954	1.1256950786949	0.848365340274401	0.390989450695771	0.315372982736579	0.230769230769231	0.384615384615385	0.384615384615385	0.384615384615385	0.384615384615385
