"B.beta"	"C.beta"	"D.beta"	"E.beta"	"B.se"	"C.se"	"D.se"	"E.se"	"A.rate"	"B.rate"	"C.rate"	"D.rate"	"E.rate"
"622"	-0.674211688437082	-0.643795862982874	-0.40628266804592	-0.922614028717439	0.849401516424414	1.10281519459983	0.506414318762167	0.455383638684886	0.230769230769231	0.384615384615385	0.384615384615385	0.384615384615385	0.384615384615385
