"B.beta"	"C.beta"	"D.beta"	"E.beta"	"B.se"	"C.se"	"D.se"	"E.se"	"A.rate"	"B.rate"	"C.rate"	"D.rate"	"E.rate"
"715"	-0.472664773484877	-0.49403044097597	-0.676287150954467	-0.443922016558897	0.939231448759424	0.409690366014896	0.529619840265782	0.609220045882677	0.230769230769231	0.384615384615385	0.384615384615385	0.230769230769231	0.230769230769231
