"B.beta"	"C.beta"	"D.beta"	"E.beta"	"B.se"	"C.se"	"D.se"	"E.se"	"A.rate"	"B.rate"	"C.rate"	"D.rate"	"E.rate"
"734"	-0.499900107439235	-0.179586937410789	-0.467702551050434	-0.158961408353136	0.318379462160465	0.300526530152288	0.935101022747112	0.379928069167681	0.230769230769231	0.384615384615385	0.384615384615385	0.230769230769231	0.384615384615385
