"B.beta"	"C.beta"	"D.beta"	"E.beta"	"B.se"	"C.se"	"D.se"	"E.se"	"A.rate"	"B.rate"	"C.rate"	"D.rate"	"E.rate"
"329"	-0.910359524089786	0.0568468957911437	-0.450400404981656	-0.772615045386855	1.54771419094864	0.815838057535039	1.83576563012806	0.905470540611151	0.230769230769231	0.384615384615385	0.384615384615385	0.230769230769231	0.230769230769231
