"B.beta"	"C.beta"	"D.beta"	"E.beta"	"B.se"	"C.se"	"D.se"	"E.se"	"A.rate"	"B.rate"	"C.rate"	"D.rate"	"E.rate"
"879"	-0.764650865789971	0.0951487428608707	-0.931439152321545	-0.298747191258762	0.529235331169564	0.875024280979114	0.630445917757958	0.589288880609635	0.230769230769231	0.384615384615385	0.384615384615385	0.384615384615385	0.384615384615385
