"B.beta"	"C.beta"	"D.beta"	"E.beta"	"B.se"	"C.se"	"D.se"	"E.se"	"A.rate"	"B.rate"	"C.rate"	"D.rate"	"E.rate"
"621"	-0.806566331777363	-0.361988172297883	-0.209388323968824	-0.317112905156975	0.633170565509415	0.429048022649704	0.521544428642838	0.675340385993526	0.230769230769231	0.384615384615385	0.384615384615385	0.384615384615385	0.384615384615385
