"B.beta"	"C.beta"	"D.beta"	"E.beta"	"B.se"	"C.se"	"D.se"	"E.se"	"A.rate"	"B.rate"	"C.rate"	"D.rate"	"E.rate"
"158"	-0.374994626024891	-0.562568814613421	-1.33037945053327	-0.458472219888484	0.860037343568676	0.548117951855949	1.39793903611756	0.750110700993419	0.230769230769231	0.384615384615385	0.384615384615385	0.230769230769231	0.384615384615385
