"B.beta"	"C.beta"	"D.beta"	"E.beta"	"B.se"	"C.se"	"D.se"	"E.se"	"A.rate"	"B.rate"	"C.rate"	"D.rate"	"E.rate"
"493"	0.121190982544835	-0.433583822491609	0.0338707863362883	-0.123895497474691	0.445287923009832	0.437892314530289	0.358610554299403	1.13828846414416	0.230769230769231	0.384615384615385	0.384615384615385	0.384615384615385	0.384615384615385
