"B.beta"	"C.beta"	"D.beta"	"E.beta"	"B.se"	"C.se"	"D.se"	"E.se"	"A.rate"	"B.rate"	"C.rate"	"D.rate"	"E.rate"
"34"	-0.970085302509863	0.341322550703653	-0.641586047001023	0.07294594487859	0.379490649247538	0.551223600717187	0.456381376497418	0.379939740052586	0.230769230769231	0.384615384615385	0.230769230769231	0.384615384615385	0.230769230769231
