"B.beta"	"C.beta"	"D.beta"	"E.beta"	"B.se"	"C.se"	"D.se"	"E.se"	"A.rate"	"B.rate"	"C.rate"	"D.rate"	"E.rate"
"905"	-1.14552942573806	-0.460428028331489	-0.260748545011216	-0.580401761205753	2.72327666965528	0.793900854969868	0.531744756950942	0.924603839453464	0.230769230769231	0.384615384615385	0.384615384615385	0.230769230769231	0.230769230769231
