"B.beta"	"C.beta"	"D.beta"	"E.beta"	"B.se"	"C.se"	"D.se"	"E.se"	"A.rate"	"B.rate"	"C.rate"	"D.rate"	"E.rate"
"305"	-0.545197806579139	-6.97671627318386	-0.249582129862118	-0.227535433644891	1.28701588949699	1464150.42495856	0.729601032563613	1.14377805379189	0.230769230769231	0.384615384615385	0.230769230769231	0.384615384615385	0.230769230769231
