"B.beta"	"C.beta"	"D.beta"	"E.beta"	"B.se"	"C.se"	"D.se"	"E.se"	"A.rate"	"B.rate"	"C.rate"	"D.rate"	"E.rate"
"750"	-0.593400064641607	-0.523012873905539	-0.382142342792324	-0.457965634931794	0.353490743910959	0.610775694250027	0.342676995091748	0.360306442534054	0.230769230769231	0.384615384615385	0.384615384615385	0.384615384615385	0.384615384615385
