"B.beta"	"C.beta"	"D.beta"	"E.beta"	"B.se"	"C.se"	"D.se"	"E.se"	"A.rate"	"B.rate"	"C.rate"	"D.rate"	"E.rate"
"474"	-0.44085482303332	-0.241413420833662	-0.340430631519036	0.280454835826555	0.83687107488974	0.64844599132235	0.476173629917717	0.482892497270224	0.230769230769231	0.384615384615385	0.384615384615385	0.230769230769231	0.230769230769231
