"B.beta"	"C.beta"	"D.beta"	"E.beta"	"B.se"	"C.se"	"D.se"	"E.se"	"A.rate"	"B.rate"	"C.rate"	"D.rate"	"E.rate"
"941"	-0.743386999804423	-0.0495964650797312	-0.444579722427016	-0.483848133457427	0.3397729388705	0.534165976742921	0.282830770239688	0.265686318216354	0.230769230769231	0.384615384615385	0.384615384615385	0.384615384615385	0.384615384615385
