"B.beta"	"C.beta"	"D.beta"	"E.beta"	"B.se"	"C.se"	"D.se"	"E.se"	"A.rate"	"B.rate"	"C.rate"	"D.rate"	"E.rate"
"769"	-0.755299653357871	-0.724789784342802	-0.777847930315467	-0.515755894485031	0.383879396860274	0.465995750650829	0.695215854025656	0.901226664647952	0.230769230769231	0.384615384615385	0.230769230769231	0.230769230769231	0.230769230769231
