"B.beta"	"C.beta"	"D.beta"	"E.beta"	"B.se"	"C.se"	"D.se"	"E.se"	"A.rate"	"B.rate"	"C.rate"	"D.rate"	"E.rate"
"26"	-0.494564725798959	-1.07144650914364	-0.438853600040584	-1.47878293846896	1.21165755871045	0.849823867926431	0.790472174821053	1.57741006379949	0.230769230769231	0.384615384615385	0.230769230769231	0.230769230769231	0.230769230769231
