"B.beta"	"C.beta"	"D.beta"	"E.beta"	"B.se"	"C.se"	"D.se"	"E.se"	"A.rate"	"B.rate"	"C.rate"	"D.rate"	"E.rate"
"198"	-0.345830407967744	-0.22434131910647	-0.613383188057255	-6.04039654771674	0.4787098367975	0.752757357810319	0.864323262689443	722998.513275163	0.230769230769231	0.384615384615385	0.384615384615385	0.230769230769231	0.230769230769231
