"B.beta"	"C.beta"	"D.beta"	"E.beta"	"B.se"	"C.se"	"D.se"	"E.se"	"A.rate"	"B.rate"	"C.rate"	"D.rate"	"E.rate"
"999"	-0.354224690625796	-0.178869228666071	-0.537836523386327	-0.800267441308578	0.395969891832779	0.840428316468553	0.489003230782634	1.03871290433544	0.230769230769231	0.384615384615385	0.384615384615385	0.384615384615385	0.230769230769231
