"B.beta"	"C.beta"	"D.beta"	"E.beta"	"B.se"	"C.se"	"D.se"	"E.se"	"A.rate"	"B.rate"	"C.rate"	"D.rate"	"E.rate"
"909"	-0.218839993021462	-0.505729361581163	-0.163506228562744	0.506589823353239	0.437947295078482	0.4208413973988	0.469687363814199	0.583223528301104	0.230769230769231	0.384615384615385	0.384615384615385	0.230769230769231	0.384615384615385
