"B.beta"	"C.beta"	"D.beta"	"E.beta"	"B.se"	"C.se"	"D.se"	"E.se"	"A.rate"	"B.rate"	"C.rate"	"D.rate"	"E.rate"
"273"	-0.468042536161991	-0.0941972546314532	-0.41161877411402	-0.26344152387615	0.439475662861083	0.394272121900201	0.523769793705714	1.03919979810334	0.230769230769231	0.384615384615385	0.230769230769231	0.230769230769231	0.230769230769231
