"B.beta"	"C.beta"	"D.beta"	"E.beta"	"B.se"	"C.se"	"D.se"	"E.se"	"A.rate"	"B.rate"	"C.rate"	"D.rate"	"E.rate"
"687"	-0.441393870467693	-0.653277763334445	-0.388114155894995	-0.608905149351288	0.343756999282345	0.764103682696725	0.420750830496373	0.543903258814795	0.230769230769231	0.384615384615385	0.384615384615385	0.384615384615385	0.384615384615385
