"B.beta"	"C.beta"	"D.beta"	"E.beta"	"B.se"	"C.se"	"D.se"	"E.se"	"A.rate"	"B.rate"	"C.rate"	"D.rate"	"E.rate"
"659"	-0.406263927555595	-0.250912223513178	-0.139025352547371	-0.711859084607794	0.731531885817432	0.345674300717278	0.730521395524335	0.775778180687661	0.230769230769231	0.384615384615385	0.384615384615385	0.230769230769231	0.230769230769231
