"B.beta"	"C.beta"	"D.beta"	"E.beta"	"B.se"	"C.se"	"D.se"	"E.se"	"A.rate"	"B.rate"	"C.rate"	"D.rate"	"E.rate"
"55"	-1.7096234720825	0.20698261025728	-1.03364527339742	0.0890829594971052	0.489560642699352	0.456826754653582	3.09185064550158	0.420126905017901	0.230769230769231	0.384615384615385	0.230769230769231	0.384615384615385	0.230769230769231
