"B.beta"	"C.beta"	"D.beta"	"E.beta"	"B.se"	"C.se"	"D.se"	"E.se"	"A.rate"	"B.rate"	"C.rate"	"D.rate"	"E.rate"
"681"	-0.393861876041282	-0.0291735214458465	-0.351571172133046	-0.000538038532830747	0.240227876679577	0.385488463622529	0.261111720508279	0.564610745346064	0.230769230769231	0.384615384615385	0.384615384615385	0.384615384615385	0.230769230769231
