"B.beta"	"C.beta"	"D.beta"	"E.beta"	"B.se"	"C.se"	"D.se"	"E.se"	"A.rate"	"B.rate"	"C.rate"	"D.rate"	"E.rate"
"758"	0.0347454223251259	-1.18336433396893	-0.448397877123029	-0.141607242519808	0.266458469067666	0.408700541694742	0.292097174199448	0.93555794140978	0.230769230769231	0.384615384615385	0.384615384615385	0.384615384615385	0.230769230769231
