"B.beta"	"C.beta"	"D.beta"	"E.beta"	"B.se"	"C.se"	"D.se"	"E.se"	"A.rate"	"B.rate"	"C.rate"	"D.rate"	"E.rate"
"782"	-0.44798766585315	-0.0461769541139882	-0.593984836849389	-0.398937536436627	0.360508999923776	0.460071305873539	0.509219202916043	0.513524729627375	0.230769230769231	0.384615384615385	0.230769230769231	0.230769230769231	0.384615384615385
