"B.beta"	"C.beta"	"D.beta"	"E.beta"	"B.se"	"C.se"	"D.se"	"E.se"	"A.rate"	"B.rate"	"C.rate"	"D.rate"	"E.rate"
"9"	-0.427032744040023	-0.482077917776559	-0.326353421292351	-0.886294559891199	0.31258697557411	1.2392703334163	0.811707996894182	0.630938018049819	0.230769230769231	0.384615384615385	0.230769230769231	0.230769230769231	0.230769230769231
