"B.beta"	"C.beta"	"D.beta"	"E.beta"	"B.se"	"C.se"	"D.se"	"E.se"	"A.rate"	"B.rate"	"C.rate"	"D.rate"	"E.rate"
"898"	-0.942980957758194	-0.408279042890765	-0.721414166509772	-0.913339831335578	0.552442506177741	0.321525312425263	0.804432135158808	0.596348556301702	0.230769230769231	0.384615384615385	0.384615384615385	0.230769230769231	0.230769230769231
