"B.beta"	"C.beta"	"D.beta"	"E.beta"	"B.se"	"C.se"	"D.se"	"E.se"	"A.rate"	"B.rate"	"C.rate"	"D.rate"	"E.rate"
"558"	-1.55174532197645	-0.346101830102982	0.239587654593335	0.160699685165479	1.94747937653457	1.26833393460021	0.420898213805116	0.485773906545511	0.230769230769231	0.384615384615385	0.230769230769231	0.384615384615385	0.384615384615385
