"B.beta"	"C.beta"	"D.beta"	"E.beta"	"B.se"	"C.se"	"D.se"	"E.se"	"A.rate"	"B.rate"	"C.rate"	"D.rate"	"E.rate"
"729"	-6.41754893410743	-6.61792184350797	-1.38996959715552	-0.763227303982666	3367352.29052432	2887972.62442479	3.67318201115303	3.083599852899	0.230769230769231	0.384615384615385	0.384615384615385	0.230769230769231	0.230769230769231
