"B.beta"	"C.beta"	"D.beta"	"E.beta"	"B.se"	"C.se"	"D.se"	"E.se"	"A.rate"	"B.rate"	"C.rate"	"D.rate"	"E.rate"
"376"	0.173853729614862	-0.511902178778925	-0.239379561246277	-1.18114833081027	0.383789440243412	0.718296548590854	0.342525994579411	1.33525925932946	0.230769230769231	0.384615384615385	0.384615384615385	0.384615384615385	0.230769230769231
