"B.beta"	"C.beta"	"D.beta"	"E.beta"	"B.se"	"C.se"	"D.se"	"E.se"	"A.rate"	"B.rate"	"C.rate"	"D.rate"	"E.rate"
"145"	-1.00474243527365	-0.339905265192089	-0.751369385373198	-0.811984147395766	1.44988817174412	0.32316574604995	2.06239639090199	0.675509264378072	0.230769230769231	0.384615384615385	0.384615384615385	0.230769230769231	0.230769230769231
