"B.beta"	"C.beta"	"D.beta"	"E.beta"	"B.se"	"C.se"	"D.se"	"E.se"	"A.rate"	"B.rate"	"C.rate"	"D.rate"	"E.rate"
"679"	-0.0275324854307123	-0.400115464051056	-0.371850573041877	-0.627138678589825	0.602488969885799	0.477922599124347	1.19077785369323	1.75876986859431	0.230769230769231	0.384615384615385	0.384615384615385	0.384615384615385	0.230769230769231
