"B.beta"	"C.beta"	"D.beta"	"E.beta"	"B.se"	"C.se"	"D.se"	"E.se"	"A.rate"	"B.rate"	"C.rate"	"D.rate"	"E.rate"
"967"	-0.479976499547274	-0.108953392688501	-0.692373745677939	-0.855043340267454	0.493740737294315	0.370455612992347	1.04250614014665	1.00862844471985	0.230769230769231	0.384615384615385	0.384615384615385	0.230769230769231	0.230769230769231
