"B.beta"	"C.beta"	"D.beta"	"E.beta"	"B.se"	"C.se"	"D.se"	"E.se"	"A.rate"	"B.rate"	"C.rate"	"D.rate"	"E.rate"
"304"	0.085712614886186	-0.784206417693143	0.0864994728363951	-0.621658780692229	0.251257810038474	0.938408534833884	0.439818140928207	0.90407101419688	0.230769230769231	0.384615384615385	0.230769230769231	0.384615384615385	0.230769230769231
