"B.beta"	"C.beta"	"D.beta"	"E.beta"	"B.se"	"C.se"	"D.se"	"E.se"	"A.rate"	"B.rate"	"C.rate"	"D.rate"	"E.rate"
"255"	-0.215942849249038	-0.68820829649709	-0.294435601526687	-0.199215075042708	0.891740427489173	0.307262388610856	0.811453709369619	0.662097868247709	0.230769230769231	0.384615384615385	0.384615384615385	0.384615384615385	0.384615384615385
