"B.beta"	"C.beta"	"D.beta"	"E.beta"	"B.se"	"C.se"	"D.se"	"E.se"	"A.rate"	"B.rate"	"C.rate"	"D.rate"	"E.rate"
"528"	-0.461735884709516	-0.825984431145028	-0.281757637793234	0.0563844643711875	0.33119237328846	0.861743016833652	0.640138006058052	0.767794243329473	0.230769230769231	0.384615384615385	0.230769230769231	0.230769230769231	0.230769230769231
