"B.beta"	"C.beta"	"D.beta"	"E.beta"	"B.se"	"C.se"	"D.se"	"E.se"	"A.rate"	"B.rate"	"C.rate"	"D.rate"	"E.rate"
"46"	-0.505573411095063	-0.327878273402181	-0.686485437934904	0.00200963582359127	0.612491956416606	0.496375483939732	0.711833169779068	0.743919980056837	0.230769230769231	0.384615384615385	0.230769230769231	0.384615384615385	0.384615384615385
