"B.beta"	"C.beta"	"D.beta"	"E.beta"	"B.se"	"C.se"	"D.se"	"E.se"	"A.rate"	"B.rate"	"C.rate"	"D.rate"	"E.rate"
"374"	-0.987560704956315	-0.662972984977356	-0.286362216966479	-0.590315241791751	0.424443429612555	0.501973207665813	0.773940576134061	0.679455826633294	0.230769230769231	0.384615384615385	0.384615384615385	0.384615384615385	0.230769230769231
