"B.beta"	"C.beta"	"D.beta"	"E.beta"	"B.se"	"C.se"	"D.se"	"E.se"	"A.rate"	"B.rate"	"C.rate"	"D.rate"	"E.rate"
"677"	-0.444117420397468	0.20978234257176	-0.703757337783178	0.177696892753505	0.305313758316669	0.312039057687381	0.681059748473646	0.425254770053042	0.230769230769231	0.384615384615385	0.384615384615385	0.384615384615385	0.230769230769231
