"B.beta"	"C.beta"	"D.beta"	"E.beta"	"B.se"	"C.se"	"D.se"	"E.se"	"A.rate"	"B.rate"	"C.rate"	"D.rate"	"E.rate"
"229"	-0.436948200276024	-0.725581005778997	-0.68578009604867	-6.27975789134473	1.03889798189772	0.318117953576769	0.469422743340878	652539.651098919	0.230769230769231	0.384615384615385	0.384615384615385	0.384615384615385	0.230769230769231
