"B.beta"	"C.beta"	"D.beta"	"E.beta"	"B.se"	"C.se"	"D.se"	"E.se"	"A.rate"	"B.rate"	"C.rate"	"D.rate"	"E.rate"
"430"	-0.393406350019612	-0.474054186003028	-0.694994591733425	-0.283553532090811	0.764077730857033	0.51461908727596	0.55088225029815	0.457876258739548	0.230769230769231	0.384615384615385	0.384615384615385	0.384615384615385	0.384615384615385
