"B.beta"	"C.beta"	"D.beta"	"E.beta"	"B.se"	"C.se"	"D.se"	"E.se"	"A.rate"	"B.rate"	"C.rate"	"D.rate"	"E.rate"
"161"	-0.417399003183688	-0.327993040339626	-0.226239326134518	-1.02627235735389	0.840744424785845	2.5443105061659	0.590234084972025	1.96394621760912	0.230769230769231	0.384615384615385	0.384615384615385	0.384615384615385	0.230769230769231
