"B.beta"	"C.beta"	"D.beta"	"E.beta"	"B.se"	"C.se"	"D.se"	"E.se"	"A.rate"	"B.rate"	"C.rate"	"D.rate"	"E.rate"
"397"	-0.793768132997799	-0.759324411645534	-0.85339385773484	-1.18256562170517	0.443909364497285	0.352018319667847	2.00037361688122	2.88633624870324	0.230769230769231	0.384615384615385	0.384615384615385	0.230769230769231	0.384615384615385
