"B.beta"	"C.beta"	"D.beta"	"E.beta"	"B.se"	"C.se"	"D.se"	"E.se"	"A.rate"	"B.rate"	"C.rate"	"D.rate"	"E.rate"
"80"	-0.39549896195629	-0.483924177055981	-0.578722598816739	-0.347492260670323	0.997379522535247	0.823926346499283	0.411028029001002	0.806400473456839	0.230769230769231	0.384615384615385	0.384615384615385	0.230769230769231	0.230769230769231
