"B.beta"	"C.beta"	"D.beta"	"E.beta"	"B.se"	"C.se"	"D.se"	"E.se"	"A.rate"	"B.rate"	"C.rate"	"D.rate"	"E.rate"
"165"	-0.696012073939979	0.159544506476484	-0.759327700628118	-0.450340629151003	0.463501663416725	0.371929874574102	0.377693166607788	1.07729540732748	0.230769230769231	0.384615384615385	0.384615384615385	0.384615384615385	0.230769230769231
