"B.beta"	"C.beta"	"D.beta"	"E.beta"	"B.se"	"C.se"	"D.se"	"E.se"	"A.rate"	"B.rate"	"C.rate"	"D.rate"	"E.rate"
"475"	-0.379080509794372	-0.221937084113724	-0.148887079206081	-0.681720750943443	0.706722448676959	0.486018557908197	0.606882374971573	1.01890058629754	0.230769230769231	0.384615384615385	0.384615384615385	0.230769230769231	0.230769230769231
