"B.beta"	"C.beta"	"D.beta"	"E.beta"	"B.se"	"C.se"	"D.se"	"E.se"	"A.rate"	"B.rate"	"C.rate"	"D.rate"	"E.rate"
"831"	-0.369019032286023	-1.00550122177352	-0.162964828879245	-0.145064260885272	0.281341410321131	0.731420192103613	0.508971114332103	0.343795917850061	0.230769230769231	0.384615384615385	0.230769230769231	0.384615384615385	0.384615384615385
