"B.beta"	"C.beta"	"D.beta"	"E.beta"	"B.se"	"C.se"	"D.se"	"E.se"	"A.rate"	"B.rate"	"C.rate"	"D.rate"	"E.rate"
"79"	-0.73559601648753	-0.342351106876223	-0.43322022344037	-0.0481570353720032	0.960672368949091	0.420953543556216	0.670762612004641	0.35765774847841	0.230769230769231	0.384615384615385	0.384615384615385	0.230769230769231	0.384615384615385
