"B.beta"	"C.beta"	"D.beta"	"E.beta"	"B.se"	"C.se"	"D.se"	"E.se"	"A.rate"	"B.rate"	"C.rate"	"D.rate"	"E.rate"
"48"	-0.321605507932374	-0.368716203146356	-0.773204880184485	-0.351770611087973	0.524964951611406	0.552396210386925	0.468902645332679	1.28390129299748	0.230769230769231	0.384615384615385	0.230769230769231	0.384615384615385	0.230769230769231
