"B.beta"	"C.beta"	"D.beta"	"E.beta"	"B.se"	"C.se"	"D.se"	"E.se"	"A.rate"	"B.rate"	"C.rate"	"D.rate"	"E.rate"
"721"	-0.425612432976465	-0.0923914556981996	-0.790413366817325	-0.267623249266174	0.519506424796007	0.672460263667101	1.23021621876359	0.996119055427328	0.230769230769231	0.384615384615385	0.384615384615385	0.230769230769231	0.230769230769231
