"B.beta"	"C.beta"	"D.beta"	"E.beta"	"B.se"	"C.se"	"D.se"	"E.se"	"A.rate"	"B.rate"	"C.rate"	"D.rate"	"E.rate"
"50"	-0.912576890686684	-0.361078077026067	-0.478692773516127	-0.59867752026346	0.3327040125492	0.78264983983837	0.508423510026425	0.638475164638468	0.230769230769231	0.384615384615385	0.230769230769231	0.384615384615385	0.230769230769231
