"B.beta"	"C.beta"	"D.beta"	"E.beta"	"B.se"	"C.se"	"D.se"	"E.se"	"A.rate"	"B.rate"	"C.rate"	"D.rate"	"E.rate"
"684"	-0.726443556381766	-0.597915495710417	-0.383791651849223	-0.640881453058514	0.781389074596096	1.77520643795315	0.368426359264124	0.489034571648953	0.230769230769231	0.384615384615385	0.384615384615385	0.384615384615385	0.384615384615385
