"B.beta"	"C.beta"	"D.beta"	"E.beta"	"B.se"	"C.se"	"D.se"	"E.se"	"A.rate"	"B.rate"	"C.rate"	"D.rate"	"E.rate"
"565"	-0.353815793181922	-0.736427159348953	-0.0584919320766754	-0.286127996050608	0.509146720359756	0.505112492094675	0.708453252900323	0.663183151563286	0.230769230769231	0.384615384615385	0.230769230769231	0.384615384615385	0.230769230769231
