"B.beta"	"C.beta"	"D.beta"	"E.beta"	"B.se"	"C.se"	"D.se"	"E.se"	"A.rate"	"B.rate"	"C.rate"	"D.rate"	"E.rate"
"893"	-0.804024222138264	-0.557079354132914	0.0261099183200788	-0.672795458810796	0.34385834396469	0.878636478766198	0.383579197471155	0.527715617671171	0.230769230769231	0.384615384615385	0.384615384615385	0.384615384615385	0.384615384615385
