"B.beta"	"C.beta"	"D.beta"	"E.beta"	"B.se"	"C.se"	"D.se"	"E.se"	"A.rate"	"B.rate"	"C.rate"	"D.rate"	"E.rate"
"14"	-0.300437576056374	-0.452040338323474	-0.275541345919378	-0.496978899199496	0.808155279044829	0.76479543129274	1.73796990281435	0.510501539543524	0.230769230769231	0.384615384615385	0.230769230769231	0.230769230769231	0.384615384615385
