"B.beta"	"C.beta"	"D.beta"	"E.beta"	"B.se"	"C.se"	"D.se"	"E.se"	"A.rate"	"B.rate"	"C.rate"	"D.rate"	"E.rate"
"252"	-0.78094434391108	-0.527974218283651	-0.42834456061972	-0.28328865333716	0.360995010030217	1.57298037450196	0.5367335846715	1.45425576678316	0.230769230769231	0.384615384615385	0.384615384615385	0.384615384615385	0.384615384615385
