"B.beta"	"C.beta"	"D.beta"	"E.beta"	"B.se"	"C.se"	"D.se"	"E.se"	"A.rate"	"B.rate"	"C.rate"	"D.rate"	"E.rate"
"726"	-0.70270526340835	-0.598131808747121	-0.142361629594692	-0.611407962206712	0.372436504652147	0.540769450526082	1.03850546684571	0.610506000166927	0.230769230769231	0.384615384615385	0.384615384615385	0.230769230769231	0.230769230769231
