"B.beta"	"C.beta"	"D.beta"	"E.beta"	"B.se"	"C.se"	"D.se"	"E.se"	"A.rate"	"B.rate"	"C.rate"	"D.rate"	"E.rate"
"68"	-0.0383612546202766	-0.846236685513778	-0.458086627215141	-0.803888976849567	1.0566566743253	0.610761687462908	0.590324281713547	1.06877726631374	0.230769230769231	0.384615384615385	0.384615384615385	0.230769230769231	0.230769230769231
