"B.beta"	"C.beta"	"D.beta"	"E.beta"	"B.se"	"C.se"	"D.se"	"E.se"	"A.rate"	"B.rate"	"C.rate"	"D.rate"	"E.rate"
"335"	-0.463070007659562	-0.159663469149128	-0.521846545476294	-0.830834543181071	0.853282515596842	0.82634545823009	0.823445997184864	1.0110609570563	0.230769230769231	0.384615384615385	0.384615384615385	0.230769230769231	0.384615384615385
