"B.beta"	"C.beta"	"D.beta"	"E.beta"	"B.se"	"C.se"	"D.se"	"E.se"	"A.rate"	"B.rate"	"C.rate"	"D.rate"	"E.rate"
"747"	-0.576319255324323	-0.186409535486032	-0.0181061038820387	-0.420386507509365	0.348797820383307	0.405608724941311	0.477854016129267	0.822109177376965	0.230769230769231	0.384615384615385	0.384615384615385	0.384615384615385	0.230769230769231
