"B.beta"	"C.beta"	"D.beta"	"E.beta"	"B.se"	"C.se"	"D.se"	"E.se"	"A.rate"	"B.rate"	"C.rate"	"D.rate"	"E.rate"
"287"	-0.411888876328695	0.00372936579910945	-0.323411602384178	-0.787370268676245	0.331435340688295	0.453087080419211	0.561341047589338	0.857016677523867	0.230769230769231	0.384615384615385	0.230769230769231	0.230769230769231	0.384615384615385
