"B.beta"	"C.beta"	"D.beta"	"E.beta"	"B.se"	"C.se"	"D.se"	"E.se"	"A.rate"	"B.rate"	"C.rate"	"D.rate"	"E.rate"
"320"	-0.625299907481423	-0.449243346316915	-0.708537598492365	-1.08544105735309	0.409597366976975	0.671812198730684	1.3720640329805	0.477587810405231	0.230769230769231	0.384615384615385	0.384615384615385	0.230769230769231	0.230769230769231
