"B.beta"	"C.beta"	"D.beta"	"E.beta"	"B.se"	"C.se"	"D.se"	"E.se"	"A.rate"	"B.rate"	"C.rate"	"D.rate"	"E.rate"
"673"	-0.902264226753821	-0.603587993415646	-0.870887740429101	-1.19772612104856	0.547615092462492	0.670543670553664	0.979989681955293	0.998359736503708	0.230769230769231	0.384615384615385	0.384615384615385	0.384615384615385	0.230769230769231
