"B.beta"	"C.beta"	"D.beta"	"E.beta"	"B.se"	"C.se"	"D.se"	"E.se"	"A.rate"	"B.rate"	"C.rate"	"D.rate"	"E.rate"
"311"	-0.157086678845106	-0.971321337044755	-0.586461357241081	-0.840626240223263	0.294990710767058	1.74922986706649	1.0691066992945	0.65948970584619	0.230769230769231	0.384615384615385	0.230769230769231	0.384615384615385	0.230769230769231
