"B.beta"	"C.beta"	"D.beta"	"E.beta"	"B.se"	"C.se"	"D.se"	"E.se"	"A.rate"	"B.rate"	"C.rate"	"D.rate"	"E.rate"
"555"	-0.567806341807973	-0.510378423670156	-0.719164820217382	-0.233152991813955	0.332529123870394	0.487592162201188	0.738470510950588	0.556018064665637	0.230769230769231	0.384615384615385	0.230769230769231	0.384615384615385	0.230769230769231
