"B.beta"	"C.beta"	"D.beta"	"E.beta"	"B.se"	"C.se"	"D.se"	"E.se"	"A.rate"	"B.rate"	"C.rate"	"D.rate"	"E.rate"
"821"	-0.839931558130047	0.0812755482146419	-0.826852299432902	-0.247592343020174	1.22889565752526	1.08689766424775	1.79996718556664	0.791881858368705	0.230769230769231	0.384615384615385	0.230769230769231	0.384615384615385	0.230769230769231
