"B.beta"	"C.beta"	"D.beta"	"E.beta"	"B.se"	"C.se"	"D.se"	"E.se"	"A.rate"	"B.rate"	"C.rate"	"D.rate"	"E.rate"
"727"	-0.0387361386048387	-1.09629586721784	-1.04400998542834	-0.901131432950348	0.422516918997495	0.502113106924635	1.7969140539359	1.78160432239421	0.230769230769231	0.384615384615385	0.384615384615385	0.230769230769231	0.230769230769231
