"B.beta"	"C.beta"	"D.beta"	"E.beta"	"B.se"	"C.se"	"D.se"	"E.se"	"A.rate"	"B.rate"	"C.rate"	"D.rate"	"E.rate"
"756"	0.128418384298304	0.0125463397881494	-0.840500394470092	0.0110245710503325	0.375838473353573	0.379594541478666	0.423403269213161	0.422068251824064	0.230769230769231	0.384615384615385	0.384615384615385	0.384615384615385	0.230769230769231
