"B.beta"	"C.beta"	"D.beta"	"E.beta"	"B.se"	"C.se"	"D.se"	"E.se"	"A.rate"	"B.rate"	"C.rate"	"D.rate"	"E.rate"
"686"	-0.317299749949922	-0.399752280373514	-0.340919775206819	-0.494153733282802	0.296905561577349	0.645606348147329	0.825532973375191	0.732093463985418	0.230769230769231	0.384615384615385	0.384615384615385	0.384615384615385	0.384615384615385
