"B.beta"	"C.beta"	"D.beta"	"E.beta"	"B.se"	"C.se"	"D.se"	"E.se"	"A.rate"	"B.rate"	"C.rate"	"D.rate"	"E.rate"
"801"	0.367092181677449	-0.571288746840585	-0.118945745446688	-0.22032954879417	0.478740778482386	1.14103897104652	0.31817074489145	0.402141926283111	0.230769230769231	0.384615384615385	0.230769230769231	0.384615384615385	0.230769230769231
