"B.beta"	"C.beta"	"D.beta"	"E.beta"	"B.se"	"C.se"	"D.se"	"E.se"	"A.rate"	"B.rate"	"C.rate"	"D.rate"	"E.rate"
"661"	-0.249754605003735	-0.0794905192740932	-1.16604730279659	-0.27297021974546	0.357335125765042	0.367219873293548	2.43263306614043	0.583963580434754	0.230769230769231	0.384615384615385	0.384615384615385	0.230769230769231	0.230769230769231
