"B.beta"	"C.beta"	"D.beta"	"E.beta"	"B.se"	"C.se"	"D.se"	"E.se"	"A.rate"	"B.rate"	"C.rate"	"D.rate"	"E.rate"
"370"	-0.475889075845012	-0.555377991273338	-0.246350701817048	-0.483105511983934	0.870457572705284	0.665716765790175	0.292682265486057	1.12001974385568	0.230769230769231	0.384615384615385	0.384615384615385	0.384615384615385	0.230769230769231
