"B.beta"	"C.beta"	"D.beta"	"E.beta"	"B.se"	"C.se"	"D.se"	"E.se"	"A.rate"	"B.rate"	"C.rate"	"D.rate"	"E.rate"
"553"	0.29262828250657	-0.477581098501162	-0.458546895081114	-0.466095652658872	0.598660326038516	0.39891829638795	0.645912090696815	0.530476814755882	0.230769230769231	0.384615384615385	0.230769230769231	0.384615384615385	0.230769230769231
