"B.beta"	"C.beta"	"D.beta"	"E.beta"	"B.se"	"C.se"	"D.se"	"E.se"	"A.rate"	"B.rate"	"C.rate"	"D.rate"	"E.rate"
"733"	-0.729871797130571	0.0512117743752699	-0.671342169557057	-0.662459006112424	0.320099270779488	0.272777425573523	1.54377753749082	0.809727998214556	0.230769230769231	0.384615384615385	0.384615384615385	0.230769230769231	0.384615384615385
