"B.beta"	"C.beta"	"D.beta"	"E.beta"	"B.se"	"C.se"	"D.se"	"E.se"	"A.rate"	"B.rate"	"C.rate"	"D.rate"	"E.rate"
"552"	-0.255436844583237	-1.09039971093894	0.0686803067451248	-0.76484467968196	1.0134826967773	0.767950886498781	0.38800225174768	2.3428922311587	0.230769230769231	0.384615384615385	0.230769230769231	0.384615384615385	0.230769230769231
