"B.beta"	"C.beta"	"D.beta"	"E.beta"	"B.se"	"C.se"	"D.se"	"E.se"	"A.rate"	"B.rate"	"C.rate"	"D.rate"	"E.rate"
"471"	-0.560831051874852	-0.752646012580427	-0.140827269547242	-0.148150624468838	0.332298874518833	0.612132685051272	0.636025975072431	0.903914859207205	0.230769230769231	0.384615384615385	0.384615384615385	0.230769230769231	0.230769230769231
