"B.beta"	"C.beta"	"D.beta"	"E.beta"	"B.se"	"C.se"	"D.se"	"E.se"	"A.rate"	"B.rate"	"C.rate"	"D.rate"	"E.rate"
"87"	-0.723533916381134	-0.473640809192225	-1.39165588293766	-1.31214686175893	0.437392550072041	0.329742517522869	0.685584296258006	0.741081447839746	0.230769230769231	0.384615384615385	0.384615384615385	0.230769230769231	0.230769230769231
