"B.beta"	"C.beta"	"D.beta"	"E.beta"	"B.se"	"C.se"	"D.se"	"E.se"	"A.rate"	"B.rate"	"C.rate"	"D.rate"	"E.rate"
"595"	-0.373429375091792	0.0477711570379388	-0.1083845062101	-6.01440283095896	0.397340876333968	0.379679002130737	0.457810411126558	659915.563593514	0.230769230769231	0.384615384615385	0.384615384615385	0.230769230769231	0.230769230769231
