"B.beta"	"C.beta"	"D.beta"	"E.beta"	"B.se"	"C.se"	"D.se"	"E.se"	"A.rate"	"B.rate"	"C.rate"	"D.rate"	"E.rate"
"210"	-0.389954015122022	-0.430437873482291	-0.167377918296481	-0.805348470036575	0.568944017629422	0.360391972861181	0.860606027610818	2.12599280539307	0.230769230769231	0.384615384615385	0.384615384615385	0.230769230769231	0.230769230769231
