"B.beta"	"C.beta"	"D.beta"	"E.beta"	"B.se"	"C.se"	"D.se"	"E.se"	"A.rate"	"B.rate"	"C.rate"	"D.rate"	"E.rate"
"302"	0.0827665159059563	-0.796878230265502	-0.473023852741731	0.170095612428128	0.54664850550683	1.1242626728116	0.297282138874778	0.430020782609571	0.230769230769231	0.384615384615385	0.230769230769231	0.384615384615385	0.384615384615385
