"B.beta"	"C.beta"	"D.beta"	"E.beta"	"B.se"	"C.se"	"D.se"	"E.se"	"A.rate"	"B.rate"	"C.rate"	"D.rate"	"E.rate"
"383"	-0.27690678353458	-0.038638299417743	-0.624532379809164	-0.180602766432169	0.344499152198639	0.325214953510403	0.509209659647204	0.518489712565253	0.230769230769231	0.384615384615385	0.384615384615385	0.384615384615385	0.384615384615385
