"B.beta"	"C.beta"	"D.beta"	"E.beta"	"B.se"	"C.se"	"D.se"	"E.se"	"A.rate"	"B.rate"	"C.rate"	"D.rate"	"E.rate"
"112"	-0.576466244113253	-0.125737649253094	-0.445314869972987	-0.471006030448484	0.650949659226269	0.282310763145989	0.424313082489606	2.84109278350831	0.230769230769231	0.384615384615385	0.384615384615385	0.384615384615385	0.230769230769231
