"B.beta"	"C.beta"	"D.beta"	"E.beta"	"B.se"	"C.se"	"D.se"	"E.se"	"A.rate"	"B.rate"	"C.rate"	"D.rate"	"E.rate"
"854"	0.227540300272115	-0.141562566873979	-0.291267104456577	-0.412893460452082	0.395198857307834	0.296353294602615	0.856890050360629	1.03422655036604	0.230769230769231	0.384615384615385	0.384615384615385	0.230769230769231	0.230769230769231
