"B.beta"	"C.beta"	"D.beta"	"E.beta"	"B.se"	"C.se"	"D.se"	"E.se"	"A.rate"	"B.rate"	"C.rate"	"D.rate"	"E.rate"
"452"	0.00106222411036152	-0.27670858295668	-5.90855470835947	-1.16400332249837	0.532524215107406	1.00712433678975	925516.813471748	1.81691594122858	0.230769230769231	0.384615384615385	0.384615384615385	0.230769230769231	0.230769230769231
