"B.beta"	"C.beta"	"D.beta"	"E.beta"	"B.se"	"C.se"	"D.se"	"E.se"	"A.rate"	"B.rate"	"C.rate"	"D.rate"	"E.rate"
"990"	-0.164920975857576	-0.535780730818143	-0.625019267581022	-0.493231519223532	0.266822338990755	0.620358816594808	0.996095652454753	1.62826724035939	0.230769230769231	0.384615384615385	0.384615384615385	0.230769230769231	0.384615384615385
