"B.beta"	"C.beta"	"D.beta"	"E.beta"	"B.se"	"C.se"	"D.se"	"E.se"	"A.rate"	"B.rate"	"C.rate"	"D.rate"	"E.rate"
"221"	-0.409343453775218	-0.227301891150694	-0.523109363211655	-0.161426961069341	0.991983724144149	0.464229864859428	1.51169867966939	1.02500006604942	0.230769230769231	0.384615384615385	0.384615384615385	0.230769230769231	0.384615384615385
