"B.beta"	"C.beta"	"D.beta"	"E.beta"	"B.se"	"C.se"	"D.se"	"E.se"	"A.rate"	"B.rate"	"C.rate"	"D.rate"	"E.rate"
"213"	-0.463258379668987	-0.750504713180251	-0.342431552707116	-0.369504969108039	1.42941000641817	0.719181309720091	0.653851463633883	1.9674725080458	0.230769230769231	0.384615384615385	0.384615384615385	0.230769230769231	0.230769230769231
