"B.beta"	"C.beta"	"D.beta"	"E.beta"	"B.se"	"C.se"	"D.se"	"E.se"	"A.rate"	"B.rate"	"C.rate"	"D.rate"	"E.rate"
"97"	-0.122570261091402	-0.893861789042207	0.139437347593517	-0.534343904220444	0.285212008859141	0.412154897578416	0.537896096232809	1.40984832043081	0.230769230769231	0.384615384615385	0.384615384615385	0.384615384615385	0.230769230769231
