"B.beta"	"C.beta"	"D.beta"	"E.beta"	"B.se"	"C.se"	"D.se"	"E.se"	"A.rate"	"B.rate"	"C.rate"	"D.rate"	"E.rate"
"539"	0.168915045722469	-0.288016898401509	-0.449275465683536	-0.200929032862844	0.42522000723835	0.608496111635285	1.00959448098477	0.370017611790358	0.230769230769231	0.384615384615385	0.230769230769231	0.230769230769231	0.230769230769231
