"B.beta"	"C.beta"	"D.beta"	"E.beta"	"B.se"	"C.se"	"D.se"	"E.se"	"A.rate"	"B.rate"	"C.rate"	"D.rate"	"E.rate"
"334"	-0.203233449477706	-0.379784324364851	-0.38742379495302	-0.383095691573553	0.516115667781303	0.231442996848462	0.433006362480351	0.735377476376661	0.230769230769231	0.384615384615385	0.384615384615385	0.230769230769231	0.384615384615385
