"B.beta"	"C.beta"	"D.beta"	"E.beta"	"B.se"	"C.se"	"D.se"	"E.se"	"A.rate"	"B.rate"	"C.rate"	"D.rate"	"E.rate"
"154"	-0.474388145579558	-0.130070834606766	-0.323520343492494	-0.355960732274432	0.620708236754608	0.255641915482126	0.355595571417389	0.543156538391781	0.230769230769231	0.384615384615385	0.384615384615385	0.230769230769231	0.230769230769231
