"B.beta"	"C.beta"	"D.beta"	"E.beta"	"B.se"	"C.se"	"D.se"	"E.se"	"A.rate"	"B.rate"	"C.rate"	"D.rate"	"E.rate"
"556"	-0.426570057612218	-0.900879491632826	-0.068005252885578	-0.380946882433994	0.460632195828393	1.27176733489809	0.449534826573834	0.391052531832694	0.230769230769231	0.384615384615385	0.230769230769231	0.384615384615385	0.384615384615385
