"B.beta"	"C.beta"	"D.beta"	"E.beta"	"B.se"	"C.se"	"D.se"	"E.se"	"A.rate"	"B.rate"	"C.rate"	"D.rate"	"E.rate"
"910"	-0.700277502550734	-0.687434535563811	-0.394244213395637	-0.121801730450516	1.62593463364957	0.982567214254154	4.20080916768144	0.81789943513169	0.230769230769231	0.384615384615385	0.384615384615385	0.230769230769231	0.384615384615385
