"B.beta"	"C.beta"	"D.beta"	"E.beta"	"B.se"	"C.se"	"D.se"	"E.se"	"A.rate"	"B.rate"	"C.rate"	"D.rate"	"E.rate"
"253"	-0.68848789010274	-0.32784922136945	-1.01294005438602	-0.178386981573072	0.529128592126139	0.766940811939806	0.571537548814882	0.45427015337994	0.230769230769231	0.384615384615385	0.384615384615385	0.384615384615385	0.384615384615385
