"B.beta"	"C.beta"	"D.beta"	"E.beta"	"B.se"	"C.se"	"D.se"	"E.se"	"A.rate"	"B.rate"	"C.rate"	"D.rate"	"E.rate"
"793"	-0.0668923351301167	-0.0306900188895706	-0.622617752835379	-0.192757567557179	0.932702352593384	0.866207892261386	2.18812681585502	0.969990617232907	0.230769230769231	0.384615384615385	0.230769230769231	0.230769230769231	0.230769230769231
