"B.beta"	"C.beta"	"D.beta"	"E.beta"	"B.se"	"C.se"	"D.se"	"E.se"	"A.rate"	"B.rate"	"C.rate"	"D.rate"	"E.rate"
"490"	-0.206875434295437	-0.246049691831584	-0.521177957581547	0.0487528767000812	0.320747229450458	0.756850151470031	1.34377294599577	0.416188207632771	0.230769230769231	0.384615384615385	0.384615384615385	0.384615384615385	0.230769230769231
