"B.beta"	"C.beta"	"D.beta"	"E.beta"	"B.se"	"C.se"	"D.se"	"E.se"	"A.rate"	"B.rate"	"C.rate"	"D.rate"	"E.rate"
"585"	-0.912534062775814	-0.383439454855045	-0.815048502156905	-1.10074282928858	2.12054421268236	0.605115755755846	1.32357029641976	2.76316620757654	0.230769230769231	0.384615384615385	0.384615384615385	0.230769230769231	0.230769230769231
