"B.beta"	"C.beta"	"D.beta"	"E.beta"	"B.se"	"C.se"	"D.se"	"E.se"	"A.rate"	"B.rate"	"C.rate"	"D.rate"	"E.rate"
"824"	-0.794568223489739	-0.0578247850728454	0.170929074374969	-0.842936257527509	0.426862029801936	0.456479496881297	0.586484300693266	0.960153008607564	0.230769230769231	0.384615384615385	0.230769230769231	0.384615384615385	0.230769230769231
