"B.beta"	"C.beta"	"D.beta"	"E.beta"	"B.se"	"C.se"	"D.se"	"E.se"	"A.rate"	"B.rate"	"C.rate"	"D.rate"	"E.rate"
"922"	-1.24335798367027	0.222749372857316	-0.486748509822985	-1.62519486069665	1.20173608111761	0.301341177778546	2.11786113961075	1.25701167544817	0.230769230769231	0.384615384615385	0.384615384615385	0.230769230769231	0.230769230769231
