"B.beta"	"C.beta"	"D.beta"	"E.beta"	"B.se"	"C.se"	"D.se"	"E.se"	"A.rate"	"B.rate"	"C.rate"	"D.rate"	"E.rate"
"538"	-0.412454284661547	0.111743385896337	-0.386087011520039	-0.192101595476235	1.14312509399279	0.771711978002181	1.40933684551878	0.877228350847093	0.230769230769231	0.384615384615385	0.230769230769231	0.230769230769231	0.230769230769231
