"B.beta"	"C.beta"	"D.beta"	"E.beta"	"B.se"	"C.se"	"D.se"	"E.se"	"A.rate"	"B.rate"	"C.rate"	"D.rate"	"E.rate"
"655"	-0.297758799188473	-0.248399370091123	-0.513009424699025	-0.863596504003165	0.324166965442589	0.714926730355253	1.07877703215541	0.807060850816557	0.230769230769231	0.384615384615385	0.384615384615385	0.230769230769231	0.384615384615385
