"B.beta"	"C.beta"	"D.beta"	"E.beta"	"B.se"	"C.se"	"D.se"	"E.se"	"A.rate"	"B.rate"	"C.rate"	"D.rate"	"E.rate"
"623"	-0.0970763829895194	-0.440567074661975	-0.356735361747902	-0.384310917711322	0.504808748174163	1.01716776977566	0.607837535329636	0.513019884827323	0.230769230769231	0.384615384615385	0.384615384615385	0.384615384615385	0.384615384615385
