"B.beta"	"C.beta"	"D.beta"	"E.beta"	"B.se"	"C.se"	"D.se"	"E.se"	"A.rate"	"B.rate"	"C.rate"	"D.rate"	"E.rate"
"963"	-0.751104071486133	-0.491334171135888	-1.0681546637064	-0.750022227228405	0.685774657146798	0.448241978672059	0.779958670597046	1.17000832541913	0.230769230769231	0.384615384615385	0.384615384615385	0.230769230769231	0.230769230769231
