"B.beta"	"C.beta"	"D.beta"	"E.beta"	"B.se"	"C.se"	"D.se"	"E.se"	"A.rate"	"B.rate"	"C.rate"	"D.rate"	"E.rate"
"36"	-0.00919556890245744	-0.473511981038908	-0.165067497540289	-0.193564576303078	0.362682881950513	0.703421596860963	0.553731239276589	0.448018138930251	0.230769230769231	0.384615384615385	0.230769230769231	0.384615384615385	0.230769230769231
