"B.beta"	"C.beta"	"D.beta"	"E.beta"	"B.se"	"C.se"	"D.se"	"E.se"	"A.rate"	"B.rate"	"C.rate"	"D.rate"	"E.rate"
"670"	-0.217131666033931	-0.655575788828785	-0.599180994102444	-0.283632012161376	0.395844469788289	0.39330472192833	0.746953003660359	2.2118480761613	0.230769230769231	0.384615384615385	0.384615384615385	0.230769230769231	0.384615384615385
