"B.beta"	"C.beta"	"D.beta"	"E.beta"	"B.se"	"C.se"	"D.se"	"E.se"	"A.rate"	"B.rate"	"C.rate"	"D.rate"	"E.rate"
"249"	-0.335333306737273	-0.0829918855864918	-0.683507768514251	0.143582307795787	1.19539885757148	1.58848591777247	0.928363352488738	0.409158598437901	0.230769230769231	0.384615384615385	0.384615384615385	0.384615384615385	0.230769230769231
