"B.beta"	"C.beta"	"D.beta"	"E.beta"	"B.se"	"C.se"	"D.se"	"E.se"	"A.rate"	"B.rate"	"C.rate"	"D.rate"	"E.rate"
"719"	0.142185584714935	-0.453713192726088	-0.328311117445705	-0.582009807805541	0.276927715475189	0.30146631542058	0.580106484198924	0.313908441310346	0.230769230769231	0.384615384615385	0.384615384615385	0.230769230769231	0.384615384615385
