"B.beta"	"C.beta"	"D.beta"	"E.beta"	"B.se"	"C.se"	"D.se"	"E.se"	"A.rate"	"B.rate"	"C.rate"	"D.rate"	"E.rate"
"766"	-0.046040213355724	-1.24650412556266	-1.05588906198682	-0.0802013574736984	0.349741828293387	1.76508507599045	2.42856159483951	0.414215018121264	0.230769230769231	0.384615384615385	0.384615384615385	0.384615384615385	0.384615384615385
