"B.beta"	"C.beta"	"D.beta"	"E.beta"	"B.se"	"C.se"	"D.se"	"E.se"	"A.rate"	"B.rate"	"C.rate"	"D.rate"	"E.rate"
"561"	-0.203496568581857	-0.786552138102694	-0.988943768820894	-1.35435781403285	0.273544888072243	0.820203630937819	0.549916091168148	0.555903351558878	0.230769230769231	0.384615384615385	0.230769230769231	0.384615384615385	0.230769230769231
