"B.beta"	"C.beta"	"D.beta"	"E.beta"	"B.se"	"C.se"	"D.se"	"E.se"	"A.rate"	"B.rate"	"C.rate"	"D.rate"	"E.rate"
"396"	-0.946187692832615	-0.69496685399215	-6.25994002035345	-0.322772097384901	3.22222023192197	0.329559050743225	1541365.235442	0.314202420769879	0.230769230769231	0.384615384615385	0.384615384615385	0.230769230769231	0.384615384615385
