"B.beta"	"C.beta"	"D.beta"	"E.beta"	"B.se"	"C.se"	"D.se"	"E.se"	"A.rate"	"B.rate"	"C.rate"	"D.rate"	"E.rate"
"71"	-0.472583862175126	-0.265380797275263	-0.455484097544493	-0.656753999578956	0.951658898615833	0.433933558594627	0.507434202881337	0.826052055594313	0.230769230769231	0.384615384615385	0.384615384615385	0.230769230769231	0.230769230769231
