"B.beta"	"C.beta"	"D.beta"	"E.beta"	"B.se"	"C.se"	"D.se"	"E.se"	"A.rate"	"B.rate"	"C.rate"	"D.rate"	"E.rate"
"290"	-0.459049908862029	-0.560695447033289	-0.349411987832287	-0.310087024007589	0.995337377761827	1.36300257620114	0.404518760094771	0.720511010307763	0.230769230769231	0.384615384615385	0.230769230769231	0.384615384615385	0.230769230769231
