"B.beta"	"C.beta"	"D.beta"	"E.beta"	"B.se"	"C.se"	"D.se"	"E.se"	"A.rate"	"B.rate"	"C.rate"	"D.rate"	"E.rate"
"633"	-0.780217469978939	-0.437724869010031	-0.200262801799221	-0.682755721790541	0.351849768391512	0.779083872785898	0.587140709944046	0.520861950536978	0.230769230769231	0.384615384615385	0.384615384615385	0.384615384615385	0.230769230769231
