"B.beta"	"C.beta"	"D.beta"	"E.beta"	"B.se"	"C.se"	"D.se"	"E.se"	"A.rate"	"B.rate"	"C.rate"	"D.rate"	"E.rate"
"604"	-0.231152932382772	-0.66165945879612	-0.717987299813703	-0.702850844515143	0.328499535384873	0.866792720395497	1.51628296424704	0.4335986073072	0.230769230769231	0.384615384615385	0.384615384615385	0.230769230769231	0.384615384615385
