"B.beta"	"C.beta"	"D.beta"	"E.beta"	"B.se"	"C.se"	"D.se"	"E.se"	"A.rate"	"B.rate"	"C.rate"	"D.rate"	"E.rate"
"445"	-0.337425797666256	-0.279520218326531	-0.648973605974928	0.0421896372479186	0.304554667725933	0.50216592021315	0.467080735923666	1.19184032567755	0.230769230769231	0.384615384615385	0.384615384615385	0.384615384615385	0.384615384615385
