"B.beta"	"C.beta"	"D.beta"	"E.beta"	"B.se"	"C.se"	"D.se"	"E.se"	"A.rate"	"B.rate"	"C.rate"	"D.rate"	"E.rate"
"811"	-0.353734346147464	-0.641734830211654	-0.350484738963958	-0.0975649399921651	0.428634747390037	0.673104984353574	0.533106918629406	1.13022308416735	0.230769230769231	0.384615384615385	0.230769230769231	0.384615384615385	0.230769230769231
