"B.beta"	"C.beta"	"D.beta"	"E.beta"	"B.se"	"C.se"	"D.se"	"E.se"	"A.rate"	"B.rate"	"C.rate"	"D.rate"	"E.rate"
"5"	-0.875724095665082	-0.768127847290923	-0.369059349747892	-0.240918446054944	1.86209533286282	2.55234266669866	1.04890239810665	0.878768921146478	0.230769230769231	0.384615384615385	0.230769230769231	0.230769230769231	0.230769230769231
