"B.beta"	"C.beta"	"D.beta"	"E.beta"	"B.se"	"C.se"	"D.se"	"E.se"	"A.rate"	"B.rate"	"C.rate"	"D.rate"	"E.rate"
"13"	-0.706012503219251	-0.707778155238725	-0.480220567270629	-1.23836229507867	0.68145162417268	0.893073572492318	0.483045379529042	0.783723253002313	0.230769230769231	0.384615384615385	0.230769230769231	0.230769230769231	0.384615384615385
