"B.beta"	"C.beta"	"D.beta"	"E.beta"	"B.se"	"C.se"	"D.se"	"E.se"	"A.rate"	"B.rate"	"C.rate"	"D.rate"	"E.rate"
"420"	-0.371373821260138	-0.778378819741344	-0.398095274008843	-0.640632824888155	0.304690381128538	0.68868477987834	0.875969163656056	1.24909195513218	0.230769230769231	0.384615384615385	0.384615384615385	0.384615384615385	0.230769230769231
