"B.beta"	"C.beta"	"D.beta"	"E.beta"	"B.se"	"C.se"	"D.se"	"E.se"	"A.rate"	"B.rate"	"C.rate"	"D.rate"	"E.rate"
"669"	-0.770046449455823	-0.646502430042888	-0.895499087479764	-0.871611503888709	0.444056988477575	1.30810392290491	1.1053826863941	0.815561247526867	0.230769230769231	0.384615384615385	0.384615384615385	0.230769230769231	0.384615384615385
