"B.beta"	"C.beta"	"D.beta"	"E.beta"	"B.se"	"C.se"	"D.se"	"E.se"	"A.rate"	"B.rate"	"C.rate"	"D.rate"	"E.rate"
"906"	-0.643058474131694	-0.236662628509221	-0.285784633263445	-0.586984016419537	0.766974838350502	1.25828388287842	0.40704187381162	0.967121890953108	0.230769230769231	0.384615384615385	0.384615384615385	0.230769230769231	0.230769230769231
