"B.beta"	"C.beta"	"D.beta"	"E.beta"	"B.se"	"C.se"	"D.se"	"E.se"	"A.rate"	"B.rate"	"C.rate"	"D.rate"	"E.rate"
"492"	-0.0882867957445809	-0.521514388572926	-0.199526975144806	-0.0189539068153833	0.614924057285798	0.588784370412525	0.506263578071402	0.442360433203024	0.230769230769231	0.384615384615385	0.384615384615385	0.384615384615385	0.384615384615385
