"B.beta"	"C.beta"	"D.beta"	"E.beta"	"B.se"	"C.se"	"D.se"	"E.se"	"A.rate"	"B.rate"	"C.rate"	"D.rate"	"E.rate"
"126"	-0.34267448439132	-0.750462937241569	-0.481456065269675	-0.377952809359227	0.605153311266237	0.949624411666855	0.669527110339893	1.81434798767784	0.230769230769231	0.384615384615385	0.384615384615385	0.384615384615385	0.384615384615385
