"B.beta"	"C.beta"	"D.beta"	"E.beta"	"B.se"	"C.se"	"D.se"	"E.se"	"A.rate"	"B.rate"	"C.rate"	"D.rate"	"E.rate"
"321"	-0.0511445572877014	-0.0287375231864151	-0.828666151268486	-0.971642919270681	0.876615415487582	0.311650684544932	1.27006916177506	1.16830279535091	0.230769230769231	0.384615384615385	0.384615384615385	0.230769230769231	0.230769230769231
