"B.beta"	"C.beta"	"D.beta"	"E.beta"	"B.se"	"C.se"	"D.se"	"E.se"	"A.rate"	"B.rate"	"C.rate"	"D.rate"	"E.rate"
"795"	-0.218390947054112	-0.825132901188786	-0.449174556317051	-1.39433327811668	0.375413874131636	0.371122378519401	0.517384876280311	1.20508531415243	0.230769230769231	0.384615384615385	0.230769230769231	0.230769230769231	0.230769230769231
