"B.beta"	"C.beta"	"D.beta"	"E.beta"	"B.se"	"C.se"	"D.se"	"E.se"	"A.rate"	"B.rate"	"C.rate"	"D.rate"	"E.rate"
"4"	-0.734927542167355	-0.423775809379644	-0.296515968636959	0.149371359740117	0.653035820326734	1.2825671020686	0.614362116698631	0.619991394229541	0.230769230769231	0.384615384615385	0.230769230769231	0.230769230769231	0.230769230769231
