"B.beta"	"C.beta"	"D.beta"	"E.beta"	"B.se"	"C.se"	"D.se"	"E.se"	"A.rate"	"B.rate"	"C.rate"	"D.rate"	"E.rate"
"592"	-0.20058303617165	-0.394718656820639	-0.49104908830974	-0.786573369345051	0.309638059600208	0.375351968101437	0.575579402966386	1.61010668694431	0.230769230769231	0.384615384615385	0.384615384615385	0.230769230769231	0.230769230769231
