"B.beta"	"C.beta"	"D.beta"	"E.beta"	"B.se"	"C.se"	"D.se"	"E.se"	"A.rate"	"B.rate"	"C.rate"	"D.rate"	"E.rate"
"435"	-0.147774780664616	-0.617566621425928	-0.466190312695118	-0.371048100278153	0.99086615767959	0.454857121478089	0.485174766688739	0.738759300090845	0.230769230769231	0.384615384615385	0.384615384615385	0.384615384615385	0.230769230769231
