"B.beta"	"C.beta"	"D.beta"	"E.beta"	"B.se"	"C.se"	"D.se"	"E.se"	"A.rate"	"B.rate"	"C.rate"	"D.rate"	"E.rate"
"494"	-0.549604860445903	-0.713749943322629	-0.502463779371597	-0.35296512244313	0.839057048876378	0.958192450549604	0.415114664333288	0.395233178835357	0.230769230769231	0.384615384615385	0.384615384615385	0.384615384615385	0.384615384615385
