"B.beta"	"C.beta"	"D.beta"	"E.beta"	"B.se"	"C.se"	"D.se"	"E.se"	"A.rate"	"B.rate"	"C.rate"	"D.rate"	"E.rate"
"600"	-0.382854682093546	-0.371503756646636	-0.350310430560258	-0.590566947694153	0.434112521711389	0.249557288682169	0.481609769561683	0.431492822211162	0.230769230769231	0.384615384615385	0.384615384615385	0.230769230769231	0.230769230769231
