"B.beta"	"C.beta"	"D.beta"	"E.beta"	"B.se"	"C.se"	"D.se"	"E.se"	"A.rate"	"B.rate"	"C.rate"	"D.rate"	"E.rate"
"957"	-0.275901794523332	-0.934104681586764	-0.545901778785843	-1.05925281750764	0.958458850624966	0.683994007864814	0.615373388072201	0.860609783470867	0.230769230769231	0.384615384615385	0.384615384615385	0.384615384615385	0.384615384615385
