"B.beta"	"C.beta"	"D.beta"	"E.beta"	"B.se"	"C.se"	"D.se"	"E.se"	"A.rate"	"B.rate"	"C.rate"	"D.rate"	"E.rate"
"820"	-1.01079855738304	-0.450912934144115	-0.226608264152096	-0.428145206615056	0.813325690434771	0.525894761587023	1.17963422499243	0.448759886607716	0.230769230769231	0.384615384615385	0.230769230769231	0.384615384615385	0.230769230769231
