"B.beta"	"C.beta"	"D.beta"	"E.beta"	"B.se"	"C.se"	"D.se"	"E.se"	"A.rate"	"B.rate"	"C.rate"	"D.rate"	"E.rate"
"881"	-0.482505364392	-0.633049689003725	-0.530450095951328	-0.301315540827774	1.42020231080632	0.621291956473778	0.588346926744032	1.09106119609052	0.230769230769231	0.384615384615385	0.384615384615385	0.384615384615385	0.230769230769231
