"B.beta"	"C.beta"	"D.beta"	"E.beta"	"B.se"	"C.se"	"D.se"	"E.se"	"A.rate"	"B.rate"	"C.rate"	"D.rate"	"E.rate"
"956"	-0.966097596144615	-1.05195902856	-0.366628574045317	0.20212393093417	0.674774558791092	2.90323470337847	0.924526106946823	0.549204092565579	0.230769230769231	0.384615384615385	0.384615384615385	0.384615384615385	0.384615384615385
