"B.beta"	"C.beta"	"D.beta"	"E.beta"	"B.se"	"C.se"	"D.se"	"E.se"	"A.rate"	"B.rate"	"C.rate"	"D.rate"	"E.rate"
"433"	-0.717595852632234	-0.0946629929702113	-0.296664148051265	-0.0437241315695639	1.13144356859423	0.783667627717682	0.459022452587994	0.368753624730316	0.230769230769231	0.384615384615385	0.384615384615385	0.384615384615385	0.230769230769231
