"B.beta"	"C.beta"	"D.beta"	"E.beta"	"B.se"	"C.se"	"D.se"	"E.se"	"A.rate"	"B.rate"	"C.rate"	"D.rate"	"E.rate"
"517"	0.0192386684243799	-0.21828961392026	-0.784362646743004	-0.574467445592173	0.349299715496345	1.16770025777749	1.10858201340915	1.00348335590986	0.230769230769231	0.384615384615385	0.230769230769231	0.230769230769231	0.230769230769231
