"B.beta"	"C.beta"	"D.beta"	"E.beta"	"B.se"	"C.se"	"D.se"	"E.se"	"A.rate"	"B.rate"	"C.rate"	"D.rate"	"E.rate"
"292"	-0.308528634214586	-0.712183079407333	-0.478154964630726	-0.893047229419701	0.325514125311234	0.624950769750479	0.366560626334052	3.03871774454746	0.230769230769231	0.384615384615385	0.230769230769231	0.384615384615385	0.230769230769231
