"B.beta"	"C.beta"	"D.beta"	"E.beta"	"B.se"	"C.se"	"D.se"	"E.se"	"A.rate"	"B.rate"	"C.rate"	"D.rate"	"E.rate"
"610"	-0.581625938679366	-0.649745949549343	-0.278032905562667	-0.705190558306916	0.319429571441242	0.812023116939917	0.301749745162796	0.528324163664757	0.230769230769231	0.384615384615385	0.384615384615385	0.384615384615385	0.230769230769231
