"B.beta"	"C.beta"	"D.beta"	"E.beta"	"B.se"	"C.se"	"D.se"	"E.se"	"A.rate"	"B.rate"	"C.rate"	"D.rate"	"E.rate"
"116"	-0.845893943708903	-0.187773053031985	-0.0676506987613298	-0.72964629257333	0.822639252442842	0.406027085121226	0.689368095734314	0.913827525055098	0.230769230769231	0.384615384615385	0.384615384615385	0.384615384615385	0.230769230769231
