"B.beta"	"C.beta"	"D.beta"	"E.beta"	"B.se"	"C.se"	"D.se"	"E.se"	"A.rate"	"B.rate"	"C.rate"	"D.rate"	"E.rate"
"462"	-0.0728293861157149	0.0842461951326952	-0.50640764354659	-0.187334599836482	0.297496494618795	0.482086710289601	1.29918845898071	1.20532947681502	0.230769230769231	0.384615384615385	0.384615384615385	0.230769230769231	0.384615384615385
