"B.beta"	"C.beta"	"D.beta"	"E.beta"	"B.se"	"C.se"	"D.se"	"E.se"	"A.rate"	"B.rate"	"C.rate"	"D.rate"	"E.rate"
"274"	0.0763548177989549	-0.700609428532559	-0.784918700884721	0.381878287297496	0.508999295585833	1.04759850734557	1.28538525373942	0.554923832232083	0.230769230769231	0.384615384615385	0.230769230769231	0.230769230769231	0.230769230769231
