"B.beta"	"C.beta"	"D.beta"	"E.beta"	"B.se"	"C.se"	"D.se"	"E.se"	"A.rate"	"B.rate"	"C.rate"	"D.rate"	"E.rate"
"549"	-0.62184283358662	-0.573883121224433	-0.138814585622924	-0.334568882805124	0.811716324313571	1.02739808018465	0.4342027076546	1.11738866176047	0.230769230769231	0.384615384615385	0.230769230769231	0.384615384615385	0.230769230769231
