"B.beta"	"C.beta"	"D.beta"	"E.beta"	"B.se"	"C.se"	"D.se"	"E.se"	"A.rate"	"B.rate"	"C.rate"	"D.rate"	"E.rate"
"693"	-0.814070604981135	-0.151363449052965	-0.255347591525611	-0.404572826807713	1.00263372353483	0.641937556086206	1.67171761836721	0.746018445113317	0.230769230769231	0.384615384615385	0.384615384615385	0.384615384615385	0.230769230769231
