"B.beta"	"C.beta"	"D.beta"	"E.beta"	"B.se"	"C.se"	"D.se"	"E.se"	"A.rate"	"B.rate"	"C.rate"	"D.rate"	"E.rate"
"962"	0.0691859969171221	-0.595737115849844	-0.0443108581079216	-1.00591040601909	0.859778205300966	0.609707222264419	0.444921253374371	1.59176226604656	0.230769230769231	0.384615384615385	0.384615384615385	0.230769230769231	0.230769230769231
