"B.beta"	"C.beta"	"D.beta"	"E.beta"	"B.se"	"C.se"	"D.se"	"E.se"	"A.rate"	"B.rate"	"C.rate"	"D.rate"	"E.rate"
"603"	0.0191991207269866	0.0967985390187197	-0.379004226025384	-0.655777131030374	0.423345536025845	0.297962331594136	1.28018851000024	1.29747354092751	0.230769230769231	0.384615384615385	0.384615384615385	0.230769230769231	0.230769230769231
