"B.beta"	"C.beta"	"D.beta"	"E.beta"	"B.se"	"C.se"	"D.se"	"E.se"	"A.rate"	"B.rate"	"C.rate"	"D.rate"	"E.rate"
"120"	-0.883065650229463	-0.899674207018045	-0.500116507622082	-1.13538444755212	0.448120901837081	0.372452339915789	0.4406318196117	0.712914575067894	0.230769230769231	0.384615384615385	0.384615384615385	0.384615384615385	0.230769230769231
