"B.beta"	"C.beta"	"D.beta"	"E.beta"	"B.se"	"C.se"	"D.se"	"E.se"	"A.rate"	"B.rate"	"C.rate"	"D.rate"	"E.rate"
"753"	-0.777967108671347	-0.710911222778445	-0.620928393011664	-0.318856639657583	3.35452450495985	0.572014259407951	0.413574305405947	0.467268116871115	0.230769230769231	0.384615384615385	0.384615384615385	0.384615384615385	0.230769230769231
