"B.beta"	"C.beta"	"D.beta"	"E.beta"	"B.se"	"C.se"	"D.se"	"E.se"	"A.rate"	"B.rate"	"C.rate"	"D.rate"	"E.rate"
"239"	-0.314881059260392	0.322820346194211	0.313342028402477	-0.588308445623215	0.390789784570731	0.568382864011369	0.312958670036354	0.417847311274201	0.230769230769231	0.384615384615385	0.384615384615385	0.384615384615385	0.384615384615385
