"B.beta"	"C.beta"	"D.beta"	"E.beta"	"B.se"	"C.se"	"D.se"	"E.se"	"A.rate"	"B.rate"	"C.rate"	"D.rate"	"E.rate"
"306"	-0.339837262915627	-0.409418492247627	-0.917267866912469	-0.392753125602535	0.479712960298929	0.719522865369735	0.471728852663069	0.907936920404934	0.230769230769231	0.384615384615385	0.230769230769231	0.384615384615385	0.230769230769231
