"B.beta"	"C.beta"	"D.beta"	"E.beta"	"B.se"	"C.se"	"D.se"	"E.se"	"A.rate"	"B.rate"	"C.rate"	"D.rate"	"E.rate"
"660"	-1.08435341260244	-0.83673687211525	-1.35076454496542	-0.0897565257841882	0.489568951227461	0.753012212598333	1.56598903617669	1.05596387432699	0.230769230769231	0.384615384615385	0.384615384615385	0.230769230769231	0.230769230769231
