"B.beta"	"C.beta"	"D.beta"	"E.beta"	"B.se"	"C.se"	"D.se"	"E.se"	"A.rate"	"B.rate"	"C.rate"	"D.rate"	"E.rate"
"799"	-0.00291655042016999	0.0144921785744517	-0.32314185166593	-0.388600441876211	0.647266378372168	0.350072033691587	0.886440712572188	0.381081164925639	0.230769230769231	0.384615384615385	0.230769230769231	0.230769230769231	0.384615384615385
