"B.beta"	"C.beta"	"D.beta"	"E.beta"	"B.se"	"C.se"	"D.se"	"E.se"	"A.rate"	"B.rate"	"C.rate"	"D.rate"	"E.rate"
"932"	-0.620431896641419	-0.154765790652915	-0.634535505158076	0.271009597391971	1.08333342798554	1.17599764456062	0.878910363502864	0.428747884041863	0.230769230769231	0.384615384615385	0.384615384615385	0.384615384615385	0.230769230769231
