"B.beta"	"C.beta"	"D.beta"	"E.beta"	"B.se"	"C.se"	"D.se"	"E.se"	"A.rate"	"B.rate"	"C.rate"	"D.rate"	"E.rate"
"935"	-0.328961283573249	-0.659701262204168	0.086353110739217	-0.25093239682469	0.885597286815183	0.39685756950011	0.523589103651935	1.0631892488455	0.230769230769231	0.384615384615385	0.384615384615385	0.384615384615385	0.230769230769231
