"B.beta"	"C.beta"	"D.beta"	"E.beta"	"B.se"	"C.se"	"D.se"	"E.se"	"A.rate"	"B.rate"	"C.rate"	"D.rate"	"E.rate"
"974"	-0.44885874244372	-1.01273278031151	-0.801558066649095	-0.997459618497678	0.326422734962402	0.377766540909639	1.46808263808659	1.55836144359049	0.230769230769231	0.384615384615385	0.384615384615385	0.230769230769231	0.384615384615385
