"B.beta"	"C.beta"	"D.beta"	"E.beta"	"B.se"	"C.se"	"D.se"	"E.se"	"A.rate"	"B.rate"	"C.rate"	"D.rate"	"E.rate"
"295"	-0.481415145338237	-1.31884394351626	-0.74269596005522	-1.04204245079424	0.364154692091792	0.861610692175551	0.36021662259872	1.55450928007358	0.230769230769231	0.384615384615385	0.230769230769231	0.384615384615385	0.230769230769231
