"B.beta"	"C.beta"	"D.beta"	"E.beta"	"B.se"	"C.se"	"D.se"	"E.se"	"A.rate"	"B.rate"	"C.rate"	"D.rate"	"E.rate"
"577"	-0.600044455594415	-0.280873501541093	-0.499235646758046	-0.750044404290586	0.301852366169577	0.328353538383267	0.618663311835005	0.579193926982839	0.230769230769231	0.384615384615385	0.384615384615385	0.230769230769231	0.230769230769231
