"B.beta"	"C.beta"	"D.beta"	"E.beta"	"B.se"	"C.se"	"D.se"	"E.se"	"A.rate"	"B.rate"	"C.rate"	"D.rate"	"E.rate"
"835"	-0.228913751542941	-0.37728919598958	-0.823773714726485	-0.626343260864707	0.369759437164536	0.307128901639618	1.88483228228607	0.448120059687949	0.230769230769231	0.384615384615385	0.384615384615385	0.230769230769231	0.230769230769231
