"B.beta"	"C.beta"	"D.beta"	"E.beta"	"B.se"	"C.se"	"D.se"	"E.se"	"A.rate"	"B.rate"	"C.rate"	"D.rate"	"E.rate"
"680"	0.27315987312092	-0.0619533624542174	0.348016471571629	-0.00376459715870996	0.759751805141753	0.243387048645485	0.663413907151207	0.740658983357448	0.230769230769231	0.384615384615385	0.384615384615385	0.384615384615385	0.230769230769231
