"B.beta"	"C.beta"	"D.beta"	"E.beta"	"B.se"	"C.se"	"D.se"	"E.se"	"A.rate"	"B.rate"	"C.rate"	"D.rate"	"E.rate"
"423"	-0.664056444498853	-0.931357635740726	-0.388475144579307	-0.505643483867652	0.434835833449119	0.406725202774613	0.357374509343405	0.498381641703057	0.230769230769231	0.384615384615385	0.384615384615385	0.384615384615385	0.230769230769231
