"B.beta"	"C.beta"	"D.beta"	"E.beta"	"B.se"	"C.se"	"D.se"	"E.se"	"A.rate"	"B.rate"	"C.rate"	"D.rate"	"E.rate"
"105"	-0.0620568644162739	-0.67036157203208	-0.549600423939597	-0.559604432449795	0.55879490660505	0.354356794834862	0.588022754681024	0.884979884984902	0.230769230769231	0.384615384615385	0.384615384615385	0.384615384615385	0.230769230769231
