"B.beta"	"C.beta"	"D.beta"	"E.beta"	"B.se"	"C.se"	"D.se"	"E.se"	"A.rate"	"B.rate"	"C.rate"	"D.rate"	"E.rate"
"16"	-0.50815811249523	-0.0969802404859585	-0.0612371093788121	-0.142581244125052	0.431003169929237	1.00050784140529	0.440341483692105	0.632417563100866	0.230769230769231	0.384615384615385	0.230769230769231	0.230769230769231	0.230769230769231
