"B.beta"	"C.beta"	"D.beta"	"E.beta"	"B.se"	"C.se"	"D.se"	"E.se"	"A.rate"	"B.rate"	"C.rate"	"D.rate"	"E.rate"
"927"	-0.247048512656226	-0.629908412914224	-0.8832823047156	-0.42183302689088	0.322120865893115	0.412853698906582	0.783888505427271	0.50225776902154	0.230769230769231	0.384615384615385	0.384615384615385	0.230769230769231	0.384615384615385
