"B.beta"	"C.beta"	"D.beta"	"E.beta"	"B.se"	"C.se"	"D.se"	"E.se"	"A.rate"	"B.rate"	"C.rate"	"D.rate"	"E.rate"
"980"	-0.632633041394464	-0.596577289643694	-5.75727251871517	-0.218061953829418	0.570775215787333	0.934309195016605	811522.610971742	1.62468120414432	0.230769230769231	0.384615384615385	0.384615384615385	0.230769230769231	0.230769230769231
