"B.beta"	"C.beta"	"D.beta"	"E.beta"	"B.se"	"C.se"	"D.se"	"E.se"	"A.rate"	"B.rate"	"C.rate"	"D.rate"	"E.rate"
"645"	-0.393479441654295	-0.256972364111183	0.0815806593676596	-0.393248294832168	0.312427321230112	0.643500808570569	0.805365706110932	0.377876236228121	0.230769230769231	0.384615384615385	0.384615384615385	0.230769230769231	0.230769230769231
