"B.beta"	"C.beta"	"D.beta"	"E.beta"	"B.se"	"C.se"	"D.se"	"E.se"	"A.rate"	"B.rate"	"C.rate"	"D.rate"	"E.rate"
"328"	-0.315907382283483	-0.272971752960091	-0.346829757623631	-1.1751265889151	0.255896738723058	0.353425378933241	0.62155344861716	1.02063176819387	0.230769230769231	0.384615384615385	0.384615384615385	0.230769230769231	0.230769230769231
