"B.beta"	"C.beta"	"D.beta"	"E.beta"	"B.se"	"C.se"	"D.se"	"E.se"	"A.rate"	"B.rate"	"C.rate"	"D.rate"	"E.rate"
"1002"	0.00885014944565484	-0.1772091941602	-0.267362826464879	0.279861363915479	0.297981306530622	1.04969018679141	1.93805006663575	0.742860975798181	0.230769230769231	0.384615384615385	0.384615384615385	0.384615384615385	0.230769230769231
