"B.beta"	"C.beta"	"D.beta"	"E.beta"	"B.se"	"C.se"	"D.se"	"E.se"	"A.rate"	"B.rate"	"C.rate"	"D.rate"	"E.rate"
"519"	-0.657745930790002	-5.81024954502025	-0.759159844559355	-0.531503402630361	0.581288615219892	674544.981720504	1.69285201631944	0.883337559172821	0.230769230769231	0.384615384615385	0.230769230769231	0.230769230769231	0.230769230769231
