"B.beta"	"C.beta"	"D.beta"	"E.beta"	"B.se"	"C.se"	"D.se"	"E.se"	"A.rate"	"B.rate"	"C.rate"	"D.rate"	"E.rate"
"501"	-0.433645258977867	-0.665864620007317	-0.236136745647623	-0.0297293934085399	0.359831371685031	0.709962354329861	0.692670593292865	0.38855227893511	0.230769230769231	0.384615384615385	0.384615384615385	0.384615384615385	0.230769230769231
