"B.beta"	"C.beta"	"D.beta"	"E.beta"	"B.se"	"C.se"	"D.se"	"E.se"	"A.rate"	"B.rate"	"C.rate"	"D.rate"	"E.rate"
"345"	0.0839057451322811	-0.621993044772938	-0.699236827679536	-0.84629370288137	0.295083196728302	0.360190148578056	0.607564785789944	1.14954948550867	0.230769230769231	0.384615384615385	0.384615384615385	0.230769230769231	0.230769230769231
