"B.beta"	"C.beta"	"D.beta"	"E.beta"	"B.se"	"C.se"	"D.se"	"E.se"	"A.rate"	"B.rate"	"C.rate"	"D.rate"	"E.rate"
"532"	-0.664911845915674	0.0856772301736494	-6.79732711891108	-0.652868404611982	0.633355070158827	0.831266466485406	616453.423143448	2.14545356980484	0.230769230769231	0.384615384615385	0.230769230769231	0.230769230769231	0.230769230769231
