"B.beta"	"C.beta"	"D.beta"	"E.beta"	"B.se"	"C.se"	"D.se"	"E.se"	"A.rate"	"B.rate"	"C.rate"	"D.rate"	"E.rate"
"372"	-0.695722394259145	-0.656056860339734	-1.07899076678756	0.0557390641825654	0.716499862708878	0.348224016159165	0.422022315564837	1.31616653187379	0.230769230769231	0.384615384615385	0.384615384615385	0.384615384615385	0.230769230769231
