"B.beta"	"C.beta"	"D.beta"	"E.beta"	"B.se"	"C.se"	"D.se"	"E.se"	"A.rate"	"B.rate"	"C.rate"	"D.rate"	"E.rate"
"636"	-0.128290504468727	-0.814429339776025	-0.189089483065633	-0.632679704390762	0.430896956473177	1.78405453307036	0.288131929958898	0.670937150671675	0.230769230769231	0.384615384615385	0.384615384615385	0.384615384615385	0.384615384615385
