"B.beta"	"C.beta"	"D.beta"	"E.beta"	"B.se"	"C.se"	"D.se"	"E.se"	"A.rate"	"B.rate"	"C.rate"	"D.rate"	"E.rate"
"618"	0.127303995946055	-0.359027447086139	-0.585941384384055	-0.794160313614314	0.269214746297881	0.294762405630565	0.80115015411498	0.587816202605487	0.230769230769231	0.384615384615385	0.384615384615385	0.384615384615385	0.230769230769231
