"B.beta"	"C.beta"	"D.beta"	"E.beta"	"B.se"	"C.se"	"D.se"	"E.se"	"A.rate"	"B.rate"	"C.rate"	"D.rate"	"E.rate"
"27"	-0.196153140838095	-0.593064314923988	-0.14484358536295	-0.0754081397458794	0.375536932458768	0.750745921410125	0.747581873188428	0.662540959078535	0.230769230769231	0.384615384615385	0.230769230769231	0.230769230769231	0.230769230769231
