"B.beta"	"C.beta"	"D.beta"	"E.beta"	"B.se"	"C.se"	"D.se"	"E.se"	"A.rate"	"B.rate"	"C.rate"	"D.rate"	"E.rate"
"415"	0.204839331671607	0.0470426472105204	-0.358329383387552	-0.609146301254368	0.35308272112675	0.818037410260812	1.03618064859425	1.03791836862258	0.230769230769231	0.384615384615385	0.384615384615385	0.230769230769231	0.384615384615385
