"B.beta"	"C.beta"	"D.beta"	"E.beta"	"B.se"	"C.se"	"D.se"	"E.se"	"A.rate"	"B.rate"	"C.rate"	"D.rate"	"E.rate"
"43"	-0.506042734547731	-0.38855369947412	0.297572322157466	-0.312925354307488	0.388736640140032	0.987881377299726	0.344449444687275	0.654873764224168	0.230769230769231	0.384615384615385	0.230769230769231	0.384615384615385	0.230769230769231
