"B.beta"	"C.beta"	"D.beta"	"E.beta"	"B.se"	"C.se"	"D.se"	"E.se"	"A.rate"	"B.rate"	"C.rate"	"D.rate"	"E.rate"
"994"	-0.582252113077252	-0.80072943565157	-0.501319511964954	-0.500360489392157	0.271362486156769	0.466745389343746	0.323342203266604	0.782721236437711	0.230769230769231	0.384615384615385	0.384615384615385	0.384615384615385	0.230769230769231
