"B.beta"	"C.beta"	"D.beta"	"E.beta"	"B.se"	"C.se"	"D.se"	"E.se"	"A.rate"	"B.rate"	"C.rate"	"D.rate"	"E.rate"
"264"	-0.731917836850771	-0.151328897151142	-0.532881897623967	-0.282137708173394	0.517337688421491	0.502504964984669	0.671492289307156	0.482320839566419	0.230769230769231	0.384615384615385	0.230769230769231	0.230769230769231	0.230769230769231
