"B.beta"	"C.beta"	"D.beta"	"E.beta"	"B.se"	"C.se"	"D.se"	"E.se"	"A.rate"	"B.rate"	"C.rate"	"D.rate"	"E.rate"
"232"	0.181258712635086	-0.156425407760235	-0.0459031868257125	-0.237406135943502	0.492141419485062	0.403515256237685	0.4533878261584	0.656856224780689	0.230769230769231	0.384615384615385	0.384615384615385	0.384615384615385	0.230769230769231
