"B.beta"	"C.beta"	"D.beta"	"E.beta"	"B.se"	"C.se"	"D.se"	"E.se"	"A.rate"	"B.rate"	"C.rate"	"D.rate"	"E.rate"
"394"	-0.151934336976121	-0.845449199248746	-0.759847615804274	-0.214656206813853	0.492455773041568	0.448824636490487	2.28086887412894	1.12852475371852	0.230769230769231	0.384615384615385	0.384615384615385	0.230769230769231	0.230769230769231
