"B.beta"	"C.beta"	"D.beta"	"E.beta"	"B.se"	"C.se"	"D.se"	"E.se"	"A.rate"	"B.rate"	"C.rate"	"D.rate"	"E.rate"
"871"	-0.729182208948713	-0.747212691627446	0.0407037147862834	-0.27100397654863	0.357180487327871	0.48498056921332	0.405705483208979	0.366486205712513	0.230769230769231	0.384615384615385	0.384615384615385	0.384615384615385	0.230769230769231
