"B.beta"	"C.beta"	"D.beta"	"E.beta"	"B.se"	"C.se"	"D.se"	"E.se"	"A.rate"	"B.rate"	"C.rate"	"D.rate"	"E.rate"
"176"	-0.871592347694538	-0.141112135451979	-0.453315896145726	-0.602044931016025	0.571601261753341	0.272158068334631	0.787996346437641	0.838428641128776	0.230769230769231	0.384615384615385	0.384615384615385	0.384615384615385	0.230769230769231
