"B.beta"	"C.beta"	"D.beta"	"E.beta"	"B.se"	"C.se"	"D.se"	"E.se"	"A.rate"	"B.rate"	"C.rate"	"D.rate"	"E.rate"
"299"	-0.30706940826948	-0.630777932478583	-0.648353994511605	-0.824721705404727	0.983778927477209	0.688965903451725	0.82126349971596	0.61965400640442	0.230769230769231	0.384615384615385	0.230769230769231	0.384615384615385	0.230769230769231
