"B.beta"	"C.beta"	"D.beta"	"E.beta"	"B.se"	"C.se"	"D.se"	"E.se"	"A.rate"	"B.rate"	"C.rate"	"D.rate"	"E.rate"
"318"	-0.0590120013783604	-6.24688282910617	-0.0304484667652886	-0.211435503018498	0.33377115809158	588841.608824517	0.434107037634035	0.320436491366774	0.230769230769231	0.384615384615385	0.230769230769231	0.384615384615385	0.384615384615385
