"B.beta"	"C.beta"	"D.beta"	"E.beta"	"B.se"	"C.se"	"D.se"	"E.se"	"A.rate"	"B.rate"	"C.rate"	"D.rate"	"E.rate"
"428"	-0.267408587682998	-0.952096773670443	-0.506024498489354	-0.600663358752242	0.398004977227552	1.0108122229101	0.547319634153415	0.317145320426969	0.230769230769231	0.384615384615385	0.384615384615385	0.384615384615385	0.384615384615385
