"B.beta"	"C.beta"	"D.beta"	"E.beta"	"B.se"	"C.se"	"D.se"	"E.se"	"A.rate"	"B.rate"	"C.rate"	"D.rate"	"E.rate"
"283"	-0.464525777277972	-0.206633521661856	-0.764722869385539	-0.401354657977071	0.282923884955537	1.1833370776697	0.692828438315312	0.375161970155176	0.230769230769231	0.384615384615385	0.230769230769231	0.230769230769231	0.230769230769231
