"B.beta"	"C.beta"	"D.beta"	"E.beta"	"B.se"	"C.se"	"D.se"	"E.se"	"A.rate"	"B.rate"	"C.rate"	"D.rate"	"E.rate"
"548"	-1.10957185594648	-0.289501950449665	0.0927334531365022	-0.65616465065402	0.523690596743907	0.72434696062561	0.61688292386693	0.772279784999572	0.230769230769231	0.384615384615385	0.230769230769231	0.384615384615385	0.230769230769231
