"B.beta"	"C.beta"	"D.beta"	"E.beta"	"B.se"	"C.se"	"D.se"	"E.se"	"A.rate"	"B.rate"	"C.rate"	"D.rate"	"E.rate"
"787"	-0.253750852300784	-1.06928211935549	-0.322693576760488	-0.332716774254335	0.458367375175964	0.681413004795809	0.440149653550622	0.589687794792033	0.230769230769231	0.384615384615385	0.230769230769231	0.230769230769231	0.230769230769231
