"B.beta"	"C.beta"	"D.beta"	"E.beta"	"B.se"	"C.se"	"D.se"	"E.se"	"A.rate"	"B.rate"	"C.rate"	"D.rate"	"E.rate"
"286"	-0.363957372868205	0.178541893335505	-0.386208824028167	-0.789044850107334	0.437401450758645	0.433720987051477	0.634627651298598	0.426361250537886	0.230769230769231	0.384615384615385	0.230769230769231	0.230769230769231	0.384615384615385
