"B.beta"	"C.beta"	"D.beta"	"E.beta"	"B.se"	"C.se"	"D.se"	"E.se"	"A.rate"	"B.rate"	"C.rate"	"D.rate"	"E.rate"
"390"	-0.0525576589396806	-0.263964933033167	-1.30489516030917	-0.527405212736156	0.60724139021326	0.478068467011946	1.16049545083196	1.06126583498661	0.230769230769231	0.384615384615385	0.384615384615385	0.230769230769231	0.230769230769231
