"B.beta"	"C.beta"	"D.beta"	"E.beta"	"B.se"	"C.se"	"D.se"	"E.se"	"A.rate"	"B.rate"	"C.rate"	"D.rate"	"E.rate"
"254"	-0.563035818290064	-0.177413648189973	-0.511148442174037	-0.442221423768451	0.339942289965777	0.529327113038349	0.336858055734989	1.13439063097812	0.230769230769231	0.384615384615385	0.384615384615385	0.384615384615385	0.384615384615385
