"B.beta"	"C.beta"	"D.beta"	"E.beta"	"B.se"	"C.se"	"D.se"	"E.se"	"A.rate"	"B.rate"	"C.rate"	"D.rate"	"E.rate"
"266"	-0.232117039748184	-0.00580730980431246	-0.598458407548145	-1.04427348348574	0.370294264426042	0.90653102981907	1.32808011057036	1.39838934492928	0.230769230769231	0.384615384615385	0.230769230769231	0.230769230769231	0.230769230769231
