"B.beta"	"C.beta"	"D.beta"	"E.beta"	"B.se"	"C.se"	"D.se"	"E.se"	"A.rate"	"B.rate"	"C.rate"	"D.rate"	"E.rate"
"816"	-0.733153736560608	-1.45421544652678	-0.462843236831427	-1.09014582773111	0.575324551858232	1.3097903291449	0.605162732002377	1.89776119801074	0.230769230769231	0.384615384615385	0.230769230769231	0.384615384615385	0.230769230769231
