"B.beta"	"C.beta"	"D.beta"	"E.beta"	"B.se"	"C.se"	"D.se"	"E.se"	"A.rate"	"B.rate"	"C.rate"	"D.rate"	"E.rate"
"809"	-1.00609754539519	-1.16246117272737	-0.436766224164193	0.0322420548918739	1.0866342530962	0.927770926705065	0.43873675574992	0.376275805436469	0.230769230769231	0.384615384615385	0.230769230769231	0.384615384615385	0.230769230769231
