"B.beta"	"C.beta"	"D.beta"	"E.beta"	"B.se"	"C.se"	"D.se"	"E.se"	"A.rate"	"B.rate"	"C.rate"	"D.rate"	"E.rate"
"578"	-0.186991874083409	-0.751196812768558	-0.952858040745327	-0.360905537651107	0.336688075845174	1.09424145669505	1.42184999634725	0.671292747342111	0.230769230769231	0.384615384615385	0.384615384615385	0.230769230769231	0.230769230769231
