"B.beta"	"C.beta"	"D.beta"	"E.beta"	"B.se"	"C.se"	"D.se"	"E.se"	"A.rate"	"B.rate"	"C.rate"	"D.rate"	"E.rate"
"540"	-0.754682913793906	-1.1762499212873	-1.09850936651625	-0.335878014834413	0.494004914187856	1.47824491428521	2.58259722957826	0.504793121902275	0.230769230769231	0.384615384615385	0.230769230769231	0.230769230769231	0.384615384615385
