"B.beta"	"C.beta"	"D.beta"	"E.beta"	"B.se"	"C.se"	"D.se"	"E.se"	"A.rate"	"B.rate"	"C.rate"	"D.rate"	"E.rate"
"458"	-0.708342156834217	-0.565726365975969	-0.835580290448839	-0.29072562979098	0.455014119320058	0.484508590379984	1.86544177166501	0.545819604514224	0.230769230769231	0.384615384615385	0.384615384615385	0.230769230769231	0.230769230769231
