"B.beta"	"C.beta"	"D.beta"	"E.beta"	"B.se"	"C.se"	"D.se"	"E.se"	"A.rate"	"B.rate"	"C.rate"	"D.rate"	"E.rate"
"695"	-0.479025094765053	-0.17545812422872	0.0684881588780263	-0.722294840093505	0.897867229381823	1.11497387723464	1.31901289832431	0.629428074062351	0.230769230769231	0.384615384615385	0.384615384615385	0.384615384615385	0.230769230769231
