"B.beta"	"C.beta"	"D.beta"	"E.beta"	"B.se"	"C.se"	"D.se"	"E.se"	"A.rate"	"B.rate"	"C.rate"	"D.rate"	"E.rate"
"833"	-0.329015054415709	-0.434219372156669	-0.114403834605989	-0.171231650933389	0.352970532716022	0.702640681323914	0.791808318017146	1.23169514354122	0.230769230769231	0.384615384615385	0.384615384615385	0.230769230769231	0.230769230769231
