"B.beta"	"C.beta"	"D.beta"	"E.beta"	"B.se"	"C.se"	"D.se"	"E.se"	"A.rate"	"B.rate"	"C.rate"	"D.rate"	"E.rate"
"829"	-0.304652380819178	-0.572345388881946	0.819668016153678	-0.844971953713689	0.606479308494706	0.505216384297621	0.759441591240372	0.733898798979814	0.230769230769231	0.384615384615385	0.230769230769231	0.384615384615385	0.384615384615385
