"B.beta"	"C.beta"	"D.beta"	"E.beta"	"B.se"	"C.se"	"D.se"	"E.se"	"A.rate"	"B.rate"	"C.rate"	"D.rate"	"E.rate"
"606"	-0.799044668022109	-0.21757090430155	-0.521524935354793	-0.334545311021796	0.60955569290005	0.573128391820666	2.06374907834165	0.72550025135971	0.230769230769231	0.384615384615385	0.384615384615385	0.230769230769231	0.384615384615385
