"B.beta"	"C.beta"	"D.beta"	"E.beta"	"B.se"	"C.se"	"D.se"	"E.se"	"A.rate"	"B.rate"	"C.rate"	"D.rate"	"E.rate"
"516"	-0.457557623242933	-0.694374269989244	-0.568738352775637	-0.580280965486634	0.313496750926495	1.82262827860308	0.596339888707659	0.558429603640752	0.230769230769231	0.384615384615385	0.230769230769231	0.230769230769231	0.230769230769231
