"B.beta"	"C.beta"	"D.beta"	"E.beta"	"B.se"	"C.se"	"D.se"	"E.se"	"A.rate"	"B.rate"	"C.rate"	"D.rate"	"E.rate"
"377"	-0.639530610951057	-0.470194972676105	0.031736833211227	-0.900060330831504	0.359930063302716	0.461042280072036	0.35091386181979	2.86746379587551	0.230769230769231	0.384615384615385	0.384615384615385	0.384615384615385	0.230769230769231
