"B.beta"	"C.beta"	"D.beta"	"E.beta"	"B.se"	"C.se"	"D.se"	"E.se"	"A.rate"	"B.rate"	"C.rate"	"D.rate"	"E.rate"
"526"	-0.151715759937877	-0.731692260974813	-0.772781559511704	-0.53744570891434	0.453186972095877	0.581007836863809	0.556289610992378	0.844931819721536	0.230769230769231	0.384615384615385	0.230769230769231	0.230769230769231	0.384615384615385
