"B.beta"	"C.beta"	"D.beta"	"E.beta"	"B.se"	"C.se"	"D.se"	"E.se"	"A.rate"	"B.rate"	"C.rate"	"D.rate"	"E.rate"
"150"	-0.601325377417911	-0.202765270884098	-0.752979400429909	-0.386665568760743	0.449411724397225	0.55562625357	0.540321164380312	0.802819614173037	0.230769230769231	0.384615384615385	0.384615384615385	0.230769230769231	0.230769230769231
