"B.beta"	"C.beta"	"D.beta"	"E.beta"	"B.se"	"C.se"	"D.se"	"E.se"	"A.rate"	"B.rate"	"C.rate"	"D.rate"	"E.rate"
"760"	0.196570982086292	-0.493773502521474	-0.443926487449966	-0.272520661880347	1.28045720538339	0.765405020056295	0.265876697521274	0.89969258360649	0.230769230769231	0.384615384615385	0.384615384615385	0.384615384615385	0.230769230769231
