"B.beta"	"C.beta"	"D.beta"	"E.beta"	"B.se"	"C.se"	"D.se"	"E.se"	"A.rate"	"B.rate"	"C.rate"	"D.rate"	"E.rate"
"12"	-0.0228877159257901	-1.03613464066983	-1.00354659042167	-0.546520074132314	0.487233453904262	0.618910161297339	0.874447031044842	0.32058476133112	0.230769230769231	0.384615384615385	0.230769230769231	0.230769230769231	0.384615384615385
