"B.beta"	"C.beta"	"D.beta"	"E.beta"	"B.se"	"C.se"	"D.se"	"E.se"	"A.rate"	"B.rate"	"C.rate"	"D.rate"	"E.rate"
"826"	-0.52334249871961	-0.865395701715583	0.08810911098952	-0.0643978919324493	0.342149411970237	1.4618583280858	0.382923175070471	0.436861679376558	0.230769230769231	0.384615384615385	0.230769230769231	0.384615384615385	0.230769230769231
