"B.beta"	"C.beta"	"D.beta"	"E.beta"	"B.se"	"C.se"	"D.se"	"E.se"	"A.rate"	"B.rate"	"C.rate"	"D.rate"	"E.rate"
"591"	-0.24113534757152	-0.421774423176862	-0.821005582970725	-0.456629919490415	0.543425094582745	0.627438674300243	0.478327073535473	0.57198128682209	0.230769230769231	0.384615384615385	0.384615384615385	0.230769230769231	0.384615384615385
