"B.beta"	"C.beta"	"D.beta"	"E.beta"	"B.se"	"C.se"	"D.se"	"E.se"	"A.rate"	"B.rate"	"C.rate"	"D.rate"	"E.rate"
"18"	0.136285955947754	-0.239470161623214	0.0562320878963188	-1.3101083251196	0.455113707644548	0.395922732391237	0.53600970943532	2.18937764905658	0.230769230769231	0.384615384615385	0.230769230769231	0.230769230769231	0.230769230769231
