"B.beta"	"C.beta"	"D.beta"	"E.beta"	"B.se"	"C.se"	"D.se"	"E.se"	"A.rate"	"B.rate"	"C.rate"	"D.rate"	"E.rate"
"571"	-0.109571052976014	-0.170424648411931	-0.549241616994301	-0.923443502021371	0.636575864147821	1.46382742228025	0.775941394573204	0.669546090504762	0.230769230769231	0.384615384615385	0.230769230769231	0.384615384615385	0.230769230769231
