"B.beta"	"C.beta"	"D.beta"	"E.beta"	"B.se"	"C.se"	"D.se"	"E.se"	"A.rate"	"B.rate"	"C.rate"	"D.rate"	"E.rate"
"992"	-0.271436742517411	0.413663714681427	-0.630875495431705	-0.996216456889139	0.527641868390502	0.42701492542881	0.33741930134752	0.797454733749135	0.230769230769231	0.384615384615385	0.384615384615385	0.384615384615385	0.230769230769231
