"B.beta"	"C.beta"	"D.beta"	"E.beta"	"B.se"	"C.se"	"D.se"	"E.se"	"A.rate"	"B.rate"	"C.rate"	"D.rate"	"E.rate"
"608"	-0.703409751535914	-0.256421680898786	-0.553864859975701	0.0450410822117552	0.379422397935493	0.479961967228803	0.334989158739085	0.586409261337834	0.230769230769231	0.384615384615385	0.384615384615385	0.384615384615385	0.230769230769231
