"B.beta"	"C.beta"	"D.beta"	"E.beta"	"B.se"	"C.se"	"D.se"	"E.se"	"A.rate"	"B.rate"	"C.rate"	"D.rate"	"E.rate"
"51"	-0.320326717518554	-0.417951017384461	-0.387949206898153	-5.79111975104431	0.737654023938531	0.490185397303213	0.653054921833946	881114.11104182	0.230769230769231	0.384615384615385	0.230769230769231	0.384615384615385	0.230769230769231
