"B.beta"	"C.beta"	"D.beta"	"E.beta"	"B.se"	"C.se"	"D.se"	"E.se"	"A.rate"	"B.rate"	"C.rate"	"D.rate"	"E.rate"
"500"	0.147737699637012	-0.218978286716103	-0.014242026238519	-1.54840854305509	0.373301834658459	1.30588367530007	0.284851196877222	1.05387103503135	0.230769230769231	0.384615384615385	0.384615384615385	0.384615384615385	0.230769230769231
