"B.beta"	"C.beta"	"D.beta"	"E.beta"	"B.se"	"C.se"	"D.se"	"E.se"	"A.rate"	"B.rate"	"C.rate"	"D.rate"	"E.rate"
"182"	-0.381452325686953	-0.600335433130227	-0.766836468607243	-0.260658566336227	0.503219379411168	0.630110918495072	0.80052454052355	0.547344101930488	0.230769230769231	0.384615384615385	0.384615384615385	0.384615384615385	0.230769230769231
