"B.beta"	"C.beta"	"D.beta"	"E.beta"	"B.se"	"C.se"	"D.se"	"E.se"	"A.rate"	"B.rate"	"C.rate"	"D.rate"	"E.rate"
"296"	-0.505421679355733	-0.346542398074101	-0.369070016678759	-0.981952500414315	0.623581482478742	1.3493545722784	0.526196704389579	1.26788228266683	0.230769230769231	0.384615384615385	0.230769230769231	0.384615384615385	0.230769230769231
