"B.beta"	"C.beta"	"D.beta"	"E.beta"	"B.se"	"C.se"	"D.se"	"E.se"	"A.rate"	"B.rate"	"C.rate"	"D.rate"	"E.rate"
"559"	0.0230161244572342	-0.648480890068369	-0.101052691750059	-0.365956486444036	0.670101260153821	1.7613485447367	0.605323298730542	0.450705347324977	0.230769230769231	0.384615384615385	0.230769230769231	0.384615384615385	0.384615384615385
