"B.beta"	"C.beta"	"D.beta"	"E.beta"	"B.se"	"C.se"	"D.se"	"E.se"	"A.rate"	"B.rate"	"C.rate"	"D.rate"	"E.rate"
"381"	-0.219830329759474	-0.694934143642765	-1.48725515226421	-0.449026851805335	1.81669254540342	0.392551537127083	1.76543301871354	0.363979808253729	0.230769230769231	0.384615384615385	0.384615384615385	0.384615384615385	0.384615384615385
