"B.beta"	"C.beta"	"D.beta"	"E.beta"	"B.se"	"C.se"	"D.se"	"E.se"	"A.rate"	"B.rate"	"C.rate"	"D.rate"	"E.rate"
"348"	-0.257246601174288	-0.825273533781817	-0.809239205610291	-0.612652539297782	0.647617020102829	1.02119472297505	0.611746466923652	0.668337249143458	0.230769230769231	0.384615384615385	0.384615384615385	0.230769230769231	0.384615384615385
