"B.beta"	"C.beta"	"D.beta"	"E.beta"	"B.se"	"C.se"	"D.se"	"E.se"	"A.rate"	"B.rate"	"C.rate"	"D.rate"	"E.rate"
"261"	-0.048708497838547	-1.06910099131872	-0.13765376987103	-6.28967804063504	0.498181964560782	2.4725291955415	0.571448635671238	584080.4821226	0.230769230769231	0.384615384615385	0.230769230769231	0.230769230769231	0.230769230769231
