"B.beta"	"C.beta"	"D.beta"	"E.beta"	"B.se"	"C.se"	"D.se"	"E.se"	"A.rate"	"B.rate"	"C.rate"	"D.rate"	"E.rate"
"386"	-0.102766452569179	-0.868653633491679	-0.386737922607313	0.0552372821937095	0.370221649834016	0.309705670183096	0.512286024163122	0.99702575559124	0.230769230769231	0.384615384615385	0.384615384615385	0.230769230769231	0.230769230769231
