"B.beta"	"C.beta"	"D.beta"	"E.beta"	"B.se"	"C.se"	"D.se"	"E.se"	"A.rate"	"B.rate"	"C.rate"	"D.rate"	"E.rate"
"357"	-0.397438409595887	-0.166919140055799	-0.130774858604706	-0.736656351188853	0.688683498004202	0.288028270953841	0.372447673285028	0.960021988402373	0.230769230769231	0.384615384615385	0.384615384615385	0.384615384615385	0.230769230769231
