"B.beta"	"C.beta"	"D.beta"	"E.beta"	"B.se"	"C.se"	"D.se"	"E.se"	"A.rate"	"B.rate"	"C.rate"	"D.rate"	"E.rate"
"106"	-0.78873056829534	-1.01988545796713	-0.0426112050902637	-0.665095464551051	0.35629728243347	0.669150275982678	2.02054384955165	0.946995545045531	0.230769230769231	0.384615384615385	0.384615384615385	0.384615384615385	0.230769230769231
