"B.beta"	"C.beta"	"D.beta"	"E.beta"	"B.se"	"C.se"	"D.se"	"E.se"	"A.rate"	"B.rate"	"C.rate"	"D.rate"	"E.rate"
"190"	-0.989796618335099	-0.528959728121698	-5.94376585879834	-0.658054212306998	0.565288412502886	0.514345633390771	1038917.30514188	0.367742586789957	0.230769230769231	0.384615384615385	0.384615384615385	0.384615384615385	0.384615384615385
