"B.beta"	"C.beta"	"D.beta"	"E.beta"	"B.se"	"C.se"	"D.se"	"E.se"	"A.rate"	"B.rate"	"C.rate"	"D.rate"	"E.rate"
"215"	-0.234146774960457	-0.70279793891107	0.211488275438564	-0.896831301864196	0.482900427809233	0.402965825888284	1.12993869918905	2.66776571299937	0.230769230769231	0.384615384615385	0.384615384615385	0.230769230769231	0.230769230769231
