"B.beta"	"C.beta"	"D.beta"	"E.beta"	"B.se"	"C.se"	"D.se"	"E.se"	"A.rate"	"B.rate"	"C.rate"	"D.rate"	"E.rate"
"975"	0.0486450370288398	-0.392242377912891	-0.667012922809293	0.0587903731306917	0.655562810755134	0.283574427826939	0.412674091874392	0.768346772679215	0.230769230769231	0.384615384615385	0.384615384615385	0.230769230769231	0.384615384615385
