"B.beta"	"C.beta"	"D.beta"	"E.beta"	"B.se"	"C.se"	"D.se"	"E.se"	"A.rate"	"B.rate"	"C.rate"	"D.rate"	"E.rate"
"81"	-0.168079411891012	-0.460653755710167	-0.0709766248633952	-0.459117919610133	0.264827588035196	0.425455682512301	0.393392591239259	1.30333061212987	0.230769230769231	0.384615384615385	0.384615384615385	0.230769230769231	0.230769230769231
