"B.beta"	"C.beta"	"D.beta"	"E.beta"	"B.se"	"C.se"	"D.se"	"E.se"	"A.rate"	"B.rate"	"C.rate"	"D.rate"	"E.rate"
"916"	-0.279783030174722	-0.87121880006808	-0.220659983896209	-0.635440232827318	0.417378338714043	1.69975191070805	1.15072177828357	0.633734207855411	0.230769230769231	0.384615384615385	0.384615384615385	0.230769230769231	0.230769230769231
