"B.beta"	"C.beta"	"D.beta"	"E.beta"	"B.se"	"C.se"	"D.se"	"E.se"	"A.rate"	"B.rate"	"C.rate"	"D.rate"	"E.rate"
"479"	-0.430138934001352	-0.22031711239552	-0.220215880175601	-0.30720178209475	0.292783925737398	0.698274099116314	0.522206407222912	0.460299404489087	0.230769230769231	0.384615384615385	0.384615384615385	0.230769230769231	0.384615384615385
