"B.beta"	"C.beta"	"D.beta"	"E.beta"	"B.se"	"C.se"	"D.se"	"E.se"	"A.rate"	"B.rate"	"C.rate"	"D.rate"	"E.rate"
"718"	-0.356161861553487	-0.796016346134001	-0.449362288614062	-0.756365749260306	0.384656451901968	2.36383051943073	0.610817842015842	0.325639884321674	0.230769230769231	0.384615384615385	0.384615384615385	0.230769230769231	0.384615384615385
