"B.beta"	"C.beta"	"D.beta"	"E.beta"	"B.se"	"C.se"	"D.se"	"E.se"	"A.rate"	"B.rate"	"C.rate"	"D.rate"	"E.rate"
"294"	-0.479963205143587	-0.486933314743708	-0.0334386260287279	-0.0323474372757345	0.596550857096457	0.837766489259072	0.353632066724244	1.87416205818241	0.230769230769231	0.384615384615385	0.230769230769231	0.384615384615385	0.230769230769231
