"B.beta"	"C.beta"	"D.beta"	"E.beta"	"B.se"	"C.se"	"D.se"	"E.se"	"A.rate"	"B.rate"	"C.rate"	"D.rate"	"E.rate"
"354"	-0.361126599248466	0.0271596914697112	-0.95774497503347	-0.732550575325855	0.324500274192893	0.662010301836623	0.929669089317341	0.747504912814299	0.230769230769231	0.384615384615385	0.384615384615385	0.384615384615385	0.230769230769231
