"B.beta"	"C.beta"	"D.beta"	"E.beta"	"B.se"	"C.se"	"D.se"	"E.se"	"A.rate"	"B.rate"	"C.rate"	"D.rate"	"E.rate"
"251"	-0.372885414073886	-0.313235193176212	-0.823273181292846	0.0112180106321454	0.550464225633763	0.50527524381788	0.740665474075727	0.381614234096599	0.230769230769231	0.384615384615385	0.384615384615385	0.384615384615385	0.230769230769231
