"B.beta"	"C.beta"	"D.beta"	"E.beta"	"B.se"	"C.se"	"D.se"	"E.se"	"A.rate"	"B.rate"	"C.rate"	"D.rate"	"E.rate"
"627"	-0.357229204329696	-0.595038153110781	-0.442218257315838	-0.825561961282685	0.396560599041417	0.362490558585356	0.612120173793175	0.55770548792181	0.230769230769231	0.384615384615385	0.384615384615385	0.384615384615385	0.230769230769231
