"B.beta"	"C.beta"	"D.beta"	"E.beta"	"B.se"	"C.se"	"D.se"	"E.se"	"A.rate"	"B.rate"	"C.rate"	"D.rate"	"E.rate"
"1000"	-0.664303154170754	-0.545518112809022	-0.539762782169841	-0.700254735840634	0.367429323830748	0.29200231733723	0.555364782720215	0.493391985465681	0.230769230769231	0.384615384615385	0.384615384615385	0.384615384615385	0.230769230769231
