"B.beta"	"C.beta"	"D.beta"	"E.beta"	"B.se"	"C.se"	"D.se"	"E.se"	"A.rate"	"B.rate"	"C.rate"	"D.rate"	"E.rate"
"484"	-0.32461712765511	-0.840974111667352	-0.453394233313259	-0.304410412372373	1.313862738914	0.420394224229667	1.00818932103783	1.12004814062544	0.230769230769231	0.384615384615385	0.384615384615385	0.384615384615385	0.230769230769231
