"B.beta"	"C.beta"	"D.beta"	"E.beta"	"B.se"	"C.se"	"D.se"	"E.se"	"A.rate"	"B.rate"	"C.rate"	"D.rate"	"E.rate"
"631"	-0.263549056891044	-0.280414398852858	-0.57114557351268	-0.0269189176604689	0.802186375570208	0.662104660212386	0.421542795298874	0.430113866044769	0.230769230769231	0.384615384615385	0.384615384615385	0.384615384615385	0.230769230769231
