"B.beta"	"C.beta"	"D.beta"	"E.beta"	"B.se"	"C.se"	"D.se"	"E.se"	"A.rate"	"B.rate"	"C.rate"	"D.rate"	"E.rate"
"59"	-0.450614916239147	-0.560208565195529	-0.738822971065598	-0.21086647935876	0.629279743519022	0.616815803972533	0.633171104676916	0.886453753164134	0.230769230769231	0.384615384615385	0.230769230769231	0.384615384615385	0.230769230769231
