"B.beta"	"C.beta"	"D.beta"	"E.beta"	"B.se"	"C.se"	"D.se"	"E.se"	"A.rate"	"B.rate"	"C.rate"	"D.rate"	"E.rate"
"410"	-0.272315129738159	-0.384960182339954	0.377349314768139	-0.516168227675115	0.837140876128003	1.37519025058752	0.425447646877798	1.33744989813522	0.230769230769231	0.384615384615385	0.384615384615385	0.230769230769231	0.230769230769231
