"B.beta"	"C.beta"	"D.beta"	"E.beta"	"B.se"	"C.se"	"D.se"	"E.se"	"A.rate"	"B.rate"	"C.rate"	"D.rate"	"E.rate"
"178"	-1.53378158060013	-0.543998454298914	-0.45564875323349	-0.286671031700526	0.765273075174423	0.685181464604794	0.655765569161189	0.465275354491384	0.230769230769231	0.384615384615385	0.384615384615385	0.384615384615385	0.230769230769231
