"B.beta"	"C.beta"	"D.beta"	"E.beta"	"B.se"	"C.se"	"D.se"	"E.se"	"A.rate"	"B.rate"	"C.rate"	"D.rate"	"E.rate"
"324"	-0.47187508339522	-0.525453765919931	-0.376268367233865	-0.831160913877348	0.283478081612283	0.364816208480909	0.669279582354996	0.555353379766595	0.230769230769231	0.384615384615385	0.384615384615385	0.230769230769231	0.230769230769231
