"B.beta"	"C.beta"	"D.beta"	"E.beta"	"B.se"	"C.se"	"D.se"	"E.se"	"A.rate"	"B.rate"	"C.rate"	"D.rate"	"E.rate"
"464"	-0.465794383670574	-0.530292150012926	0.310128582013005	-5.88195021305812	0.476607340159058	1.0891474093679	0.595338354694095	720495.703722158	0.230769230769231	0.384615384615385	0.384615384615385	0.230769230769231	0.230769230769231
