"B.beta"	"C.beta"	"D.beta"	"E.beta"	"B.se"	"C.se"	"D.se"	"E.se"	"A.rate"	"B.rate"	"C.rate"	"D.rate"	"E.rate"
"900"	-0.842035036502692	-0.0931060406199644	-0.790590634785216	-0.13878797161461	1.25838721507517	0.558582160441487	1.12974689615568	0.679076840751474	0.230769230769231	0.384615384615385	0.384615384615385	0.230769230769231	0.230769230769231
