"B.beta"	"C.beta"	"D.beta"	"E.beta"	"B.se"	"C.se"	"D.se"	"E.se"	"A.rate"	"B.rate"	"C.rate"	"D.rate"	"E.rate"
"268"	-0.618346460785381	-0.571171261416512	-0.326095696266112	-0.210237921019941	0.608924064160672	0.595311115777524	0.821809994975078	1.12621859528952	0.230769230769231	0.384615384615385	0.230769230769231	0.230769230769231	0.384615384615385
