"B.beta"	"C.beta"	"D.beta"	"E.beta"	"B.se"	"C.se"	"D.se"	"E.se"	"A.rate"	"B.rate"	"C.rate"	"D.rate"	"E.rate"
"849"	-0.11968101007017	-0.442217897330476	-0.299902846961012	-0.713340370253281	0.545009650249741	0.276539052288658	0.687004966511991	0.602266510704244	0.230769230769231	0.384615384615385	0.384615384615385	0.230769230769231	0.230769230769231
