"B.beta"	"C.beta"	"D.beta"	"E.beta"	"B.se"	"C.se"	"D.se"	"E.se"	"A.rate"	"B.rate"	"C.rate"	"D.rate"	"E.rate"
"638"	-0.269714102609021	-0.329009563788399	-0.71389263703035	-0.717374693936604	0.613158022336024	0.331575615254092	0.663187357292867	0.274377709014898	0.230769230769231	0.384615384615385	0.384615384615385	0.384615384615385	0.384615384615385
