"B.beta"	"C.beta"	"D.beta"	"E.beta"	"B.se"	"C.se"	"D.se"	"E.se"	"A.rate"	"B.rate"	"C.rate"	"D.rate"	"E.rate"
"804"	-0.680696782920451	-0.13766374708448	-0.216675806728044	-0.280530046704597	0.429080340057234	0.489235052893233	0.314681736809156	0.616244077357471	0.230769230769231	0.384615384615385	0.230769230769231	0.384615384615385	0.230769230769231
