"B.beta"	"C.beta"	"D.beta"	"E.beta"	"B.se"	"C.se"	"D.se"	"E.se"	"A.rate"	"B.rate"	"C.rate"	"D.rate"	"E.rate"
"867"	-0.379523601680627	-1.47783990475407	-0.0881191065430666	-0.0871042910995835	0.641037270315475	1.68647292338352	0.498768452555765	0.827133398632791	0.230769230769231	0.384615384615385	0.384615384615385	0.384615384615385	0.230769230769231
