"B.beta"	"C.beta"	"D.beta"	"E.beta"	"B.se"	"C.se"	"D.se"	"E.se"	"A.rate"	"B.rate"	"C.rate"	"D.rate"	"E.rate"
"903"	-0.920653448447293	-1.25659252586445	-0.578093860567851	-0.414459497311235	0.332473853600486	0.998916983434027	2.32346952774023	0.465000508883467	0.230769230769231	0.384615384615385	0.384615384615385	0.230769230769231	0.230769230769231
