"B.beta"	"C.beta"	"D.beta"	"E.beta"	"B.se"	"C.se"	"D.se"	"E.se"	"A.rate"	"B.rate"	"C.rate"	"D.rate"	"E.rate"
"774"	0.318547210303366	-0.130411297205249	-0.486208074800342	-0.466467398205294	0.349777668856949	0.326887569152793	0.485107803544968	0.409328115904361	0.230769230769231	0.384615384615385	0.230769230769231	0.230769230769231	0.230769230769231
