"B.beta"	"C.beta"	"D.beta"	"E.beta"	"B.se"	"C.se"	"D.se"	"E.se"	"A.rate"	"B.rate"	"C.rate"	"D.rate"	"E.rate"
"76"	-0.322476183386461	-0.256697125007833	-0.869399368120344	-0.0409397022967669	0.676890252288954	0.730882416079135	1.85215105665039	0.373935152609096	0.230769230769231	0.384615384615385	0.384615384615385	0.230769230769231	0.384615384615385
