"B.beta"	"C.beta"	"D.beta"	"E.beta"	"B.se"	"C.se"	"D.se"	"E.se"	"A.rate"	"B.rate"	"C.rate"	"D.rate"	"E.rate"
"316"	-1.13824446845012	-0.215183410357225	-0.804322872003918	-0.534177711244035	0.442754072834649	0.589810815096872	0.406598444417672	0.695898285066373	0.230769230769231	0.384615384615385	0.230769230769231	0.384615384615385	0.384615384615385
