"B.beta"	"C.beta"	"D.beta"	"E.beta"	"B.se"	"C.se"	"D.se"	"E.se"	"A.rate"	"B.rate"	"C.rate"	"D.rate"	"E.rate"
"373"	0.00269337924670645	-0.264476282137606	-0.541550422321951	-0.359867512985244	0.312032108784698	0.464061224075669	0.614848843932048	1.37750816084141	0.230769230769231	0.384615384615385	0.384615384615385	0.384615384615385	0.230769230769231
