"B.beta"	"C.beta"	"D.beta"	"E.beta"	"B.se"	"C.se"	"D.se"	"E.se"	"A.rate"	"B.rate"	"C.rate"	"D.rate"	"E.rate"
"649"	-0.37227182920287	-0.229738099622247	-0.774142208926543	-0.391546988950787	0.250733482028861	0.457488947126037	0.794883560054183	0.857000443743434	0.230769230769231	0.384615384615385	0.384615384615385	0.230769230769231	0.230769230769231
