"B.beta"	"C.beta"	"D.beta"	"E.beta"	"B.se"	"C.se"	"D.se"	"E.se"	"A.rate"	"B.rate"	"C.rate"	"D.rate"	"E.rate"
"118"	-0.956646489819743	-0.957983154282817	-0.639233363272671	-1.27472882890844	0.58291929690535	0.580159946507032	0.82024682999679	1.73215381222591	0.230769230769231	0.384615384615385	0.384615384615385	0.384615384615385	0.230769230769231
