"B.beta"	"C.beta"	"D.beta"	"E.beta"	"B.se"	"C.se"	"D.se"	"E.se"	"A.rate"	"B.rate"	"C.rate"	"D.rate"	"E.rate"
"349"	0.0492162065684536	-0.76123636436665	-0.621949282208679	-0.185001083315958	0.27687122806894	0.352513639680607	0.982689320664645	0.901153678757585	0.230769230769231	0.384615384615385	0.384615384615385	0.230769230769231	0.384615384615385
