"B.beta"	"C.beta"	"D.beta"	"E.beta"	"B.se"	"C.se"	"D.se"	"E.se"	"A.rate"	"B.rate"	"C.rate"	"D.rate"	"E.rate"
"616"	-0.74254954173543	-0.404496531624337	-0.496928097071405	-1.01962161962653	0.516856161170121	0.314238892425911	0.426917691672765	0.853233210332682	0.230769230769231	0.384615384615385	0.384615384615385	0.384615384615385	0.230769230769231
