"B.beta"	"C.beta"	"D.beta"	"E.beta"	"B.se"	"C.se"	"D.se"	"E.se"	"A.rate"	"B.rate"	"C.rate"	"D.rate"	"E.rate"
"702"	-0.284580577228533	-1.02533202918098	-0.165557689219111	-0.367812294981586	0.297004383059353	0.567882663149748	0.442465369055782	0.336421712446664	0.230769230769231	0.384615384615385	0.384615384615385	0.384615384615385	0.384615384615385
