"B.beta"	"C.beta"	"D.beta"	"E.beta"	"B.se"	"C.se"	"D.se"	"E.se"	"A.rate"	"B.rate"	"C.rate"	"D.rate"	"E.rate"
"625"	-0.369532411539989	-0.204775089035715	-0.586170813510116	0.139196295689328	0.5013330916543	0.295772193812406	0.732651873349736	0.374313866776014	0.230769230769231	0.384615384615385	0.384615384615385	0.384615384615385	0.230769230769231
