"B.beta"	"C.beta"	"D.beta"	"E.beta"	"B.se"	"C.se"	"D.se"	"E.se"	"A.rate"	"B.rate"	"C.rate"	"D.rate"	"E.rate"
"674"	-0.152320697315766	-0.373252070925349	0.0547549453583951	-0.509901901722062	0.818469926578036	0.400366516852464	2.69185250380708	0.902231105072231	0.230769230769231	0.384615384615385	0.384615384615385	0.384615384615385	0.230769230769231
