"B.beta"	"C.beta"	"D.beta"	"E.beta"	"B.se"	"C.se"	"D.se"	"E.se"	"A.rate"	"B.rate"	"C.rate"	"D.rate"	"E.rate"
"94"	-0.467013467751505	-0.0434087118374692	-6.30866175537541	-0.65020585358789	0.869856473241278	0.535135936668821	742427.098557582	0.389490021745439	0.230769230769231	0.384615384615385	0.384615384615385	0.230769230769231	0.384615384615385
