"B.beta"	"C.beta"	"D.beta"	"E.beta"	"B.se"	"C.se"	"D.se"	"E.se"	"A.rate"	"B.rate"	"C.rate"	"D.rate"	"E.rate"
"983"	-0.107744179172719	-0.428874188399435	-0.608999273690044	-0.379123263292749	0.572169453070866	0.60448938806165	0.375763793393444	0.436087263496578	0.230769230769231	0.384615384615385	0.384615384615385	0.230769230769231	0.230769230769231
