"B.beta"	"C.beta"	"D.beta"	"E.beta"	"B.se"	"C.se"	"D.se"	"E.se"	"A.rate"	"B.rate"	"C.rate"	"D.rate"	"E.rate"
"647"	-0.137535968497479	-0.754605726082851	-0.73512646430828	-1.300942232019	0.919108437789008	1.0651958131251	0.574252083904764	2.44902698015447	0.230769230769231	0.384615384615385	0.384615384615385	0.230769230769231	0.230769230769231
