"B.beta"	"C.beta"	"D.beta"	"E.beta"	"B.se"	"C.se"	"D.se"	"E.se"	"A.rate"	"B.rate"	"C.rate"	"D.rate"	"E.rate"
"241"	-0.504196238151704	0.0775524660187528	-0.352899794465082	-0.72488769551421	0.585014436880803	0.530915870190336	0.421468029302241	0.707334650648585	0.230769230769231	0.384615384615385	0.384615384615385	0.384615384615385	0.230769230769231
