"B.beta"	"C.beta"	"D.beta"	"E.beta"	"B.se"	"C.se"	"D.se"	"E.se"	"A.rate"	"B.rate"	"C.rate"	"D.rate"	"E.rate"
"186"	-0.645019232142541	-0.506998660746817	-0.568657248338499	-0.241542590993322	0.337468821973792	0.423375716887523	0.616532279936951	0.510420859230433	0.230769230769231	0.384615384615385	0.384615384615385	0.384615384615385	0.230769230769231
