"B.beta"	"C.beta"	"D.beta"	"E.beta"	"B.se"	"C.se"	"D.se"	"E.se"	"A.rate"	"B.rate"	"C.rate"	"D.rate"	"E.rate"
"211"	-0.274879194355449	-0.327876786492934	-0.618772585066363	-0.97454419500317	0.642337829522739	0.414527486777318	0.525714216016418	0.416827336417479	0.230769230769231	0.384615384615385	0.384615384615385	0.230769230769231	0.230769230769231
