"B.beta"	"C.beta"	"D.beta"	"E.beta"	"B.se"	"C.se"	"D.se"	"E.se"	"A.rate"	"B.rate"	"C.rate"	"D.rate"	"E.rate"
"369"	-0.138452536444979	-0.00354726989140381	-0.662884495100751	-1.07511374062037	0.507812799416721	0.317523031376347	0.374551468913541	0.627910927799334	0.230769230769231	0.384615384615385	0.384615384615385	0.384615384615385	0.230769230769231
