"B.beta"	"C.beta"	"D.beta"	"E.beta"	"B.se"	"C.se"	"D.se"	"E.se"	"A.rate"	"B.rate"	"C.rate"	"D.rate"	"E.rate"
"459"	-0.6306080624511	-0.786710647007541	0.0102517969527259	-0.922271727520827	0.339549739200624	0.420797102599838	0.576217513095831	1.76792860459676	0.230769230769231	0.384615384615385	0.384615384615385	0.230769230769231	0.230769230769231
