"B.beta"	"C.beta"	"D.beta"	"E.beta"	"B.se"	"C.se"	"D.se"	"E.se"	"A.rate"	"B.rate"	"C.rate"	"D.rate"	"E.rate"
"764"	-0.624464308459568	-0.269722825453654	-0.727674534693914	-0.0557323971003068	0.507188683275446	0.987001652088358	1.18079999653194	0.286303839397162	0.230769230769231	0.384615384615385	0.384615384615385	0.384615384615385	0.384615384615385
