"B.beta"	"C.beta"	"D.beta"	"E.beta"	"B.se"	"C.se"	"D.se"	"E.se"	"A.rate"	"B.rate"	"C.rate"	"D.rate"	"E.rate"
"613"	0.13735028112441	-0.264100267310168	-0.741106409350134	-0.176130367413928	0.430385436926798	0.351082049236987	0.56433271658092	0.920446036993263	0.230769230769231	0.384615384615385	0.384615384615385	0.384615384615385	0.230769230769231
