"B.beta"	"C.beta"	"D.beta"	"E.beta"	"B.se"	"C.se"	"D.se"	"E.se"	"A.rate"	"B.rate"	"C.rate"	"D.rate"	"E.rate"
"425"	-0.793230404687877	-0.318653163205016	-0.313996500793971	-0.775233713618665	1.42155102222716	0.299150127871063	0.522596711224337	0.789861832624168	0.230769230769231	0.384615384615385	0.384615384615385	0.384615384615385	0.230769230769231
