"B.beta"	"C.beta"	"D.beta"	"E.beta"	"B.se"	"C.se"	"D.se"	"E.se"	"A.rate"	"B.rate"	"C.rate"	"D.rate"	"E.rate"
"788"	-0.117488468012987	-0.0801358038159194	-0.100170578129205	-0.759266345646226	0.286102737899128	0.627505501904613	0.428664231020965	1.18378465739705	0.230769230769231	0.384615384615385	0.230769230769231	0.230769230769231	0.230769230769231
