"B.beta"	"C.beta"	"D.beta"	"E.beta"	"B.se"	"C.se"	"D.se"	"E.se"	"A.rate"	"B.rate"	"C.rate"	"D.rate"	"E.rate"
"193"	-0.449070437688371	-0.349771333334259	-1.04874961561098	-0.561438601336338	0.856188855581441	0.659503773952082	0.846679825657866	0.462004809678433	0.230769230769231	0.384615384615385	0.384615384615385	0.230769230769231	0.230769230769231
