"B.beta"	"C.beta"	"D.beta"	"E.beta"	"B.se"	"C.se"	"D.se"	"E.se"	"A.rate"	"B.rate"	"C.rate"	"D.rate"	"E.rate"
"716"	0.218719940245482	-0.351447747169621	-0.231958846560801	-0.378648342459713	0.394276556702503	0.361777783001597	0.639173079019559	0.535363200862431	0.230769230769231	0.384615384615385	0.384615384615385	0.230769230769231	0.384615384615385
