"B.beta"	"C.beta"	"D.beta"	"E.beta"	"B.se"	"C.se"	"D.se"	"E.se"	"A.rate"	"B.rate"	"C.rate"	"D.rate"	"E.rate"
"598"	-0.337748072427844	-0.0783838033329716	-0.827752593791867	-0.119364123022185	0.658800063194695	1.01363099625986	0.531400975120895	0.413069663894849	0.230769230769231	0.384615384615385	0.384615384615385	0.230769230769231	0.230769230769231
