"B.beta"	"C.beta"	"D.beta"	"E.beta"	"B.se"	"C.se"	"D.se"	"E.se"	"A.rate"	"B.rate"	"C.rate"	"D.rate"	"E.rate"
"355"	-0.243276569174293	-0.39973537876717	-0.436748111756141	0.0059484289482128	0.323604829016433	0.325626262678472	0.3554006536704	0.348555629551958	0.230769230769231	0.384615384615385	0.384615384615385	0.384615384615385	0.230769230769231
