"B.beta"	"C.beta"	"D.beta"	"E.beta"	"B.se"	"C.se"	"D.se"	"E.se"	"A.rate"	"B.rate"	"C.rate"	"D.rate"	"E.rate"
"1022"	-0.60082326442926	-0.000971258543740592	-0.549380815327321	-0.363656047961285	0.632745693566009	0.427967274889578	0.285714304344349	0.270983991564988	0.230769230769231	0.384615384615385	0.384615384615385	0.384615384615385	0.384615384615385
