"B.beta"	"C.beta"	"D.beta"	"E.beta"	"B.se"	"C.se"	"D.se"	"E.se"	"A.rate"	"B.rate"	"C.rate"	"D.rate"	"E.rate"
"478"	-0.157570951758847	-0.145587437524902	0.124579323306597	-0.376548741974662	0.315466533957746	0.704449727653589	0.436840707364298	0.619100413796695	0.230769230769231	0.384615384615385	0.384615384615385	0.230769230769231	0.384615384615385
