"B.beta"	"C.beta"	"D.beta"	"E.beta"	"B.se"	"C.se"	"D.se"	"E.se"	"A.rate"	"B.rate"	"C.rate"	"D.rate"	"E.rate"
"476"	-0.742048562505047	-0.372733593759943	-0.637048777651319	-0.618837407320075	0.38617273995532	0.591505469033477	0.932306786932031	0.294092368932611	0.230769230769231	0.384615384615385	0.384615384615385	0.230769230769231	0.384615384615385
