"B.beta"	"C.beta"	"D.beta"	"E.beta"	"B.se"	"C.se"	"D.se"	"E.se"	"A.rate"	"B.rate"	"C.rate"	"D.rate"	"E.rate"
"29"	-0.359836735750687	-0.597331778913782	-0.33960309497981	-0.391352432876912	0.322528115359587	1.88641995166167	0.829888799832756	0.864020403238473	0.230769230769231	0.384615384615385	0.230769230769231	0.230769230769231	0.384615384615385
