"B.beta"	"C.beta"	"D.beta"	"E.beta"	"B.se"	"C.se"	"D.se"	"E.se"	"A.rate"	"B.rate"	"C.rate"	"D.rate"	"E.rate"
"700"	-0.399917402679546	-0.443664910277644	-0.316649129633725	-0.0665708958146953	1.1347490281449	0.58320473450827	0.467643698933026	0.349017615831233	0.230769230769231	0.384615384615385	0.384615384615385	0.384615384615385	0.384615384615385
