"B.beta"	"C.beta"	"D.beta"	"E.beta"	"B.se"	"C.se"	"D.se"	"E.se"	"A.rate"	"B.rate"	"C.rate"	"D.rate"	"E.rate"
"346"	-0.334505571482689	-0.467599203522217	-0.656986346138204	-0.745450044072526	0.35835831423211	0.39687423844428	0.478522241300449	0.497964525584624	0.230769230769231	0.384615384615385	0.384615384615385	0.230769230769231	0.230769230769231
