"B.beta"	"C.beta"	"D.beta"	"E.beta"	"B.se"	"C.se"	"D.se"	"E.se"	"A.rate"	"B.rate"	"C.rate"	"D.rate"	"E.rate"
"810"	-0.11859423235664	-0.524821961559912	-0.776553367913925	-0.780633014511894	0.252127533598226	0.64316107927902	0.458529935213174	1.37753956672464	0.230769230769231	0.384615384615385	0.230769230769231	0.384615384615385	0.230769230769231
