"B.beta"	"C.beta"	"D.beta"	"E.beta"	"B.se"	"C.se"	"D.se"	"E.se"	"A.rate"	"B.rate"	"C.rate"	"D.rate"	"E.rate"
"529"	0.213025615478654	-0.258047642522213	-0.135575921048693	-0.716259568228306	0.654333020095976	0.337828751656	0.43534538354048	2.66868123443781	0.230769230769231	0.384615384615385	0.230769230769231	0.230769230769231	0.230769230769231
