"B.beta"	"C.beta"	"D.beta"	"E.beta"	"B.se"	"C.se"	"D.se"	"E.se"	"A.rate"	"B.rate"	"C.rate"	"D.rate"	"E.rate"
"83"	-0.01696173864857	-0.0341372253131281	-0.660464560184919	-0.871394126885743	0.370930559653771	0.493954535600645	0.711162345658993	1.27060100582615	0.230769230769231	0.384615384615385	0.384615384615385	0.230769230769231	0.230769230769231
