"B.beta"	"C.beta"	"D.beta"	"E.beta"	"B.se"	"C.se"	"D.se"	"E.se"	"A.rate"	"B.rate"	"C.rate"	"D.rate"	"E.rate"
"717"	-0.206219178490771	-0.220783448430572	-0.595829752141594	-0.704033127824382	0.255802829228351	0.499592013508821	0.907939257778077	0.330764642532746	0.230769230769231	0.384615384615385	0.384615384615385	0.230769230769231	0.384615384615385
