"B.beta"	"C.beta"	"D.beta"	"E.beta"	"B.se"	"C.se"	"D.se"	"E.se"	"A.rate"	"B.rate"	"C.rate"	"D.rate"	"E.rate"
"269"	0.0612132371993886	-0.875698481998175	-0.79394437717383	-0.474697282863185	0.618422140040869	0.523738753906831	0.974176752882101	0.557549121555355	0.230769230769231	0.384615384615385	0.230769230769231	0.230769230769231	0.384615384615385
