"B.beta"	"C.beta"	"D.beta"	"E.beta"	"B.se"	"C.se"	"D.se"	"E.se"	"A.rate"	"B.rate"	"C.rate"	"D.rate"	"E.rate"
"275"	-0.120445635401625	-1.12109788037074	-0.329314324882226	-0.287024736665909	0.656724747388925	1.237391780174	0.962319688937833	0.508230024459031	0.230769230769231	0.384615384615385	0.230769230769231	0.230769230769231	0.230769230769231
