"B.beta"	"C.beta"	"D.beta"	"E.beta"	"B.se"	"C.se"	"D.se"	"E.se"	"A.rate"	"B.rate"	"C.rate"	"D.rate"	"E.rate"
"313"	-0.135952184711688	-1.01777289240069	-0.610662782700001	-0.404772687163225	0.361846713066576	1.38994600434499	0.409880132808386	0.915737093089181	0.230769230769231	0.384615384615385	0.230769230769231	0.384615384615385	0.230769230769231
