"B.beta"	"C.beta"	"D.beta"	"E.beta"	"B.se"	"C.se"	"D.se"	"E.se"	"A.rate"	"B.rate"	"C.rate"	"D.rate"	"E.rate"
"789"	-0.653655911905628	-0.509229529707424	-0.600765111039127	-0.400936685755352	0.576930288188838	0.430972675460037	0.547070893294187	0.563788668697123	0.230769230769231	0.384615384615385	0.230769230769231	0.230769230769231	0.230769230769231
