"B.beta"	"C.beta"	"D.beta"	"E.beta"	"B.se"	"C.se"	"D.se"	"E.se"	"A.rate"	"B.rate"	"C.rate"	"D.rate"	"E.rate"
"209"	-0.519220760205041	0.195770552630318	-0.477851188390089	0.129080768609496	0.689286179503379	0.609124365408967	0.398703544940236	0.761440013059075	0.230769230769231	0.384615384615385	0.384615384615385	0.230769230769231	0.230769230769231
