"B.beta"	"C.beta"	"D.beta"	"E.beta"	"B.se"	"C.se"	"D.se"	"E.se"	"A.rate"	"B.rate"	"C.rate"	"D.rate"	"E.rate"
"184"	-0.832825502495528	-1.02017042275888	-0.277690468412067	-0.0591449266630017	1.05589589169107	0.859938099367523	0.432686510446509	0.509178945568809	0.230769230769231	0.384615384615385	0.384615384615385	0.384615384615385	0.230769230769231
