"B.beta"	"C.beta"	"D.beta"	"E.beta"	"B.se"	"C.se"	"D.se"	"E.se"	"A.rate"	"B.rate"	"C.rate"	"D.rate"	"E.rate"
"1013"	-0.675382209827757	-0.430254892528657	-0.309501046767898	-0.966509816639908	0.643044655082109	1.00129420235924	0.91785692085055	1.09381126655744	0.230769230769231	0.384615384615385	0.384615384615385	0.384615384615385	0.230769230769231
