"B.beta"	"C.beta"	"D.beta"	"E.beta"	"B.se"	"C.se"	"D.se"	"E.se"	"A.rate"	"B.rate"	"C.rate"	"D.rate"	"E.rate"
"130"	-0.445957162816899	-0.242640500501504	-0.132271317223684	-0.476895907893009	0.316930148031136	0.585108404785821	0.430574936778559	0.579083654221235	0.230769230769231	0.384615384615385	0.384615384615385	0.230769230769231	0.230769230769231
