"B.beta"	"C.beta"	"D.beta"	"E.beta"	"B.se"	"C.se"	"D.se"	"E.se"	"A.rate"	"B.rate"	"C.rate"	"D.rate"	"E.rate"
"976"	-0.663455327570722	-0.805226000151354	-0.391995460316909	0.0778227668036813	0.621464654150766	0.477119633242164	0.678663976353551	0.809199194846015	0.230769230769231	0.384615384615385	0.384615384615385	0.230769230769231	0.230769230769231
