"B.beta"	"C.beta"	"D.beta"	"E.beta"	"B.se"	"C.se"	"D.se"	"E.se"	"A.rate"	"B.rate"	"C.rate"	"D.rate"	"E.rate"
"654"	0.0583712232375588	-0.0410550529986172	0.177966760620662	-0.129822996576493	0.758785486709981	0.7058293731104	0.421371020824175	0.419867174071359	0.230769230769231	0.384615384615385	0.384615384615385	0.230769230769231	0.384615384615385
