"B.beta"	"C.beta"	"D.beta"	"E.beta"	"B.se"	"C.se"	"D.se"	"E.se"	"A.rate"	"B.rate"	"C.rate"	"D.rate"	"E.rate"
"224"	-0.147643268841861	-0.96629139076866	-0.606559393734296	-6.19264271856867	0.718503464568716	0.606351699495692	0.920168574489324	844597.236576005	0.230769230769231	0.384615384615385	0.384615384615385	0.384615384615385	0.230769230769231
