"B.beta"	"C.beta"	"D.beta"	"E.beta"	"B.se"	"C.se"	"D.se"	"E.se"	"A.rate"	"B.rate"	"C.rate"	"D.rate"	"E.rate"
"6"	-0.503216822069061	-0.281286856465824	-0.144574935035709	-0.0451437972009078	0.404448615449477	0.421934335367709	0.502993491928922	0.666746062184782	0.230769230769231	0.384615384615385	0.230769230769231	0.230769230769231	0.230769230769231
