"B.beta"	"C.beta"	"D.beta"	"E.beta"	"B.se"	"C.se"	"D.se"	"E.se"	"A.rate"	"B.rate"	"C.rate"	"D.rate"	"E.rate"
"134"	-0.735084078529598	-0.24050199016258	-0.297121585069688	-0.455852658408002	0.429212766910545	0.38192801640062	0.720163034774819	0.394514277691029	0.230769230769231	0.384615384615385	0.384615384615385	0.230769230769231	0.230769230769231
