"B.beta"	"C.beta"	"D.beta"	"E.beta"	"B.se"	"C.se"	"D.se"	"E.se"	"A.rate"	"B.rate"	"C.rate"	"D.rate"	"E.rate"
"411"	-0.439917780486086	-1.2808952418394	-1.11797522443924	-0.447192061467277	0.47402304951654	1.27536694521162	0.933089010887739	2.06117975614145	0.230769230769231	0.384615384615385	0.384615384615385	0.230769230769231	0.230769230769231
