"B.beta"	"C.beta"	"D.beta"	"E.beta"	"B.se"	"C.se"	"D.se"	"E.se"	"A.rate"	"B.rate"	"C.rate"	"D.rate"	"E.rate"
"491"	-0.576329749957775	-0.452508742500058	-0.626698615219887	-1.10788271065293	0.479470181268856	0.769993908055283	0.469301800920051	1.59294888445793	0.230769230769231	0.384615384615385	0.384615384615385	0.384615384615385	0.230769230769231
