"B.beta"	"C.beta"	"D.beta"	"E.beta"	"B.se"	"C.se"	"D.se"	"E.se"	"A.rate"	"B.rate"	"C.rate"	"D.rate"	"E.rate"
"259"	-0.16220869541224	-0.947102028938381	-0.612253735612638	-1.18875316374687	0.557343781180199	0.650049607185131	0.981843894659434	1.99718320495079	0.230769230769231	0.384615384615385	0.230769230769231	0.230769230769231	0.230769230769231
