"B.beta"	"C.beta"	"D.beta"	"E.beta"	"B.se"	"C.se"	"D.se"	"E.se"	"A.rate"	"B.rate"	"C.rate"	"D.rate"	"E.rate"
"524"	-0.767087065747583	-0.552973474393752	-1.02415323363209	-0.184131472868418	0.822821679552452	1.12797141001178	0.570226386542756	0.783240001326467	0.230769230769231	0.384615384615385	0.230769230769231	0.230769230769231	0.384615384615385
