"B.beta"	"C.beta"	"D.beta"	"E.beta"	"B.se"	"C.se"	"D.se"	"E.se"	"A.rate"	"B.rate"	"C.rate"	"D.rate"	"E.rate"
"23"	-0.0349186856384869	-0.925546321872948	-0.933241259710052	-0.166005016301201	0.644027658532399	1.10656997513492	1.18261248408093	0.553379669068263	0.230769230769231	0.384615384615385	0.230769230769231	0.230769230769231	0.230769230769231
