"B.beta"	"C.beta"	"D.beta"	"E.beta"	"B.se"	"C.se"	"D.se"	"E.se"	"A.rate"	"B.rate"	"C.rate"	"D.rate"	"E.rate"
"363"	0.0933783766543621	-0.570342154895732	-0.35159131244065	-0.278429551020581	0.88487438544554	0.539931007169902	0.412463287589349	0.406891826557539	0.230769230769231	0.384615384615385	0.384615384615385	0.384615384615385	0.230769230769231
