"B.beta"	"C.beta"	"D.beta"	"E.beta"	"B.se"	"C.se"	"D.se"	"E.se"	"A.rate"	"B.rate"	"C.rate"	"D.rate"	"E.rate"
"931"	-0.524960567667012	-0.752853771556637	-0.735811118444005	-0.535827971546929	0.325836899898165	0.482762422712966	0.406170281451781	0.667134382649459	0.230769230769231	0.384615384615385	0.384615384615385	0.384615384615385	0.230769230769231
