"B.beta"	"C.beta"	"D.beta"	"E.beta"	"B.se"	"C.se"	"D.se"	"E.se"	"A.rate"	"B.rate"	"C.rate"	"D.rate"	"E.rate"
"843"	-0.180448204133019	-0.301102305191489	-0.480242834695191	-0.880861186245814	0.327076189963551	0.556547965504613	0.701676545313968	0.991403331688975	0.230769230769231	0.384615384615385	0.384615384615385	0.230769230769231	0.230769230769231
