"B.beta"	"C.beta"	"D.beta"	"E.beta"	"B.se"	"C.se"	"D.se"	"E.se"	"A.rate"	"B.rate"	"C.rate"	"D.rate"	"E.rate"
"216"	-0.42332117703648	-0.0292480858663856	-1.05332708861672	-0.953426648328417	0.440145195590678	0.501231412523305	0.646039943202378	0.447132661213473	0.230769230769231	0.384615384615385	0.384615384615385	0.230769230769231	0.230769230769231
