"B.beta"	"C.beta"	"D.beta"	"E.beta"	"B.se"	"C.se"	"D.se"	"E.se"	"A.rate"	"B.rate"	"C.rate"	"D.rate"	"E.rate"
"840"	-0.38137580108762	-0.294441951193011	-1.06644773584512	-1.03406077771719	0.391394869571569	0.484001984975699	1.81603194230834	0.87962439438729	0.230769230769231	0.384615384615385	0.384615384615385	0.230769230769231	0.230769230769231
