"B.beta"	"C.beta"	"D.beta"	"E.beta"	"B.se"	"C.se"	"D.se"	"E.se"	"A.rate"	"B.rate"	"C.rate"	"D.rate"	"E.rate"
"520"	-0.21501964109082	-0.699988550397519	-1.39512072326629	-0.654905056942911	0.737761204968138	0.817195835466742	1.31318619510902	0.597986463781859	0.230769230769231	0.384615384615385	0.230769230769231	0.230769230769231	0.230769230769231
