"B.beta"	"C.beta"	"D.beta"	"E.beta"	"B.se"	"C.se"	"D.se"	"E.se"	"A.rate"	"B.rate"	"C.rate"	"D.rate"	"E.rate"
"943"	-0.277527836104499	-0.927398127012952	-0.00801904796043286	-0.205486599043866	0.548392175068146	0.777741694572837	0.528516950210715	0.311035552386191	0.230769230769231	0.384615384615385	0.384615384615385	0.384615384615385	0.384615384615385
