"B.beta"	"C.beta"	"D.beta"	"E.beta"	"B.se"	"C.se"	"D.se"	"E.se"	"A.rate"	"B.rate"	"C.rate"	"D.rate"	"E.rate"
"142"	-0.272299975884897	-0.693640577935672	-0.255908854559428	-0.487033928415321	0.825365748659057	0.404780493866464	0.490415982870095	0.303554215043156	0.230769230769231	0.384615384615385	0.384615384615385	0.230769230769231	0.384615384615385
