"B.beta"	"C.beta"	"D.beta"	"E.beta"	"B.se"	"C.se"	"D.se"	"E.se"	"A.rate"	"B.rate"	"C.rate"	"D.rate"	"E.rate"
"632"	-0.381632457708065	-0.144719424281945	-0.745307875841211	-0.60918629483622	0.299397823387267	0.561081489215371	0.618032446367468	0.608298377993295	0.230769230769231	0.384615384615385	0.384615384615385	0.384615384615385	0.230769230769231
