"B.beta"	"C.beta"	"D.beta"	"E.beta"	"B.se"	"C.se"	"D.se"	"E.se"	"A.rate"	"B.rate"	"C.rate"	"D.rate"	"E.rate"
"400"	-0.153397256258765	0.271670128591113	-0.400059431071027	-0.44783559826765	0.434338779703087	0.265622684336011	0.47640254383336	0.783301503737105	0.230769230769231	0.384615384615385	0.384615384615385	0.230769230769231	0.230769230769231
