"B.beta"	"C.beta"	"D.beta"	"E.beta"	"B.se"	"C.se"	"D.se"	"E.se"	"A.rate"	"B.rate"	"C.rate"	"D.rate"	"E.rate"
"64"	-0.73906636416379	0.254207422095588	-0.26270059565776	-0.463704881592428	0.26763880115312	0.248577842717638	0.598325738042164	0.615462661408956	0.230769230769231	0.384615384615385	0.384615384615385	0.230769230769231	0.230769230769231
