"B.beta"	"C.beta"	"D.beta"	"E.beta"	"B.se"	"C.se"	"D.se"	"E.se"	"A.rate"	"B.rate"	"C.rate"	"D.rate"	"E.rate"
"725"	-0.457901559972719	-0.321044451686876	0.1233640859343	-0.270018954321446	0.386796478465055	0.303229080309582	0.392593654441424	0.477178079433737	0.230769230769231	0.384615384615385	0.384615384615385	0.230769230769231	0.230769230769231
