"B.beta"	"C.beta"	"D.beta"	"E.beta"	"B.se"	"C.se"	"D.se"	"E.se"	"A.rate"	"B.rate"	"C.rate"	"D.rate"	"E.rate"
"343"	-0.517023193352747	-0.380665088610799	-0.638031755918835	-0.378948906521634	1.97859897536041	0.444971998627199	1.33876409107409	0.640819217006927	0.230769230769231	0.384615384615385	0.384615384615385	0.230769230769231	0.230769230769231
