"B.beta"	"C.beta"	"D.beta"	"E.beta"	"B.se"	"C.se"	"D.se"	"E.se"	"A.rate"	"B.rate"	"C.rate"	"D.rate"	"E.rate"
"467"	-0.185623457432192	-0.27143320684998	-1.01903793955046	-0.150681672522093	0.541704720376993	0.614991499763809	2.00893353500172	1.54640169220605	0.230769230769231	0.384615384615385	0.384615384615385	0.230769230769231	0.230769230769231
