"B.beta"	"C.beta"	"D.beta"	"E.beta"	"B.se"	"C.se"	"D.se"	"E.se"	"A.rate"	"B.rate"	"C.rate"	"D.rate"	"E.rate"
"2"	-0.507379403888956	-0.0366798019151407	-0.678872939509623	-0.0689568852979678	0.731902355073588	0.691260810123949	1.69775870774806	0.4917097247794	0.230769230769231	0.384615384615385	0.230769230769231	0.230769230769231	0.230769230769231
