"B.beta"	"C.beta"	"D.beta"	"E.beta"	"B.se"	"C.se"	"D.se"	"E.se"	"A.rate"	"B.rate"	"C.rate"	"D.rate"	"E.rate"
"998"	-0.277211288822592	-0.347519075501357	-0.0385845867959043	-6.29063476294445	0.345245746055384	0.889227809774828	0.273360290534874	1270032.91318529	0.230769230769231	0.384615384615385	0.384615384615385	0.384615384615385	0.230769230769231
