"B.beta"	"C.beta"	"D.beta"	"E.beta"	"B.se"	"C.se"	"D.se"	"E.se"	"A.rate"	"B.rate"	"C.rate"	"D.rate"	"E.rate"
"551"	-0.22731214847925	0.261861374043761	-0.26729227312374	-0.268673903548893	0.323927866958351	0.901063973270054	0.272867222078667	0.478630174140229	0.230769230769231	0.384615384615385	0.230769230769231	0.384615384615385	0.230769230769231
