"B.beta"	"C.beta"	"D.beta"	"E.beta"	"B.se"	"C.se"	"D.se"	"E.se"	"A.rate"	"B.rate"	"C.rate"	"D.rate"	"E.rate"
"690"	-0.45748196605539	-0.665484423218473	-0.0660890892831067	-0.346878044068118	0.419927362986771	1.6362711828664	0.460828504054171	1.52316042685062	0.230769230769231	0.384615384615385	0.384615384615385	0.384615384615385	0.230769230769231
