"B.beta"	"C.beta"	"D.beta"	"E.beta"	"B.se"	"C.se"	"D.se"	"E.se"	"A.rate"	"B.rate"	"C.rate"	"D.rate"	"E.rate"
"834"	-0.656049530547891	-0.750124798943259	-0.667912671700562	-0.902349277974308	0.440716783656455	0.558876781886067	0.44676376739914	0.739880000219897	0.230769230769231	0.384615384615385	0.384615384615385	0.230769230769231	0.230769230769231
