"B.beta"	"C.beta"	"D.beta"	"E.beta"	"B.se"	"C.se"	"D.se"	"E.se"	"A.rate"	"B.rate"	"C.rate"	"D.rate"	"E.rate"
"617"	-1.22718698240868	-0.414351251048073	0.0689945781670479	-0.379513873853869	0.560621323308579	0.575201658005598	0.304763651505409	1.80623612321481	0.230769230769231	0.384615384615385	0.384615384615385	0.384615384615385	0.230769230769231
