"B.beta"	"C.beta"	"D.beta"	"E.beta"	"B.se"	"C.se"	"D.se"	"E.se"	"A.rate"	"B.rate"	"C.rate"	"D.rate"	"E.rate"
"82"	-0.409004113436584	-0.247028685040445	-0.323725976840146	-0.639030104775711	0.496200033827661	0.643705182592858	0.328403726477129	0.430166528008857	0.230769230769231	0.384615384615385	0.384615384615385	0.230769230769231	0.230769230769231
