"B.beta"	"C.beta"	"D.beta"	"E.beta"	"B.se"	"C.se"	"D.se"	"E.se"	"A.rate"	"B.rate"	"C.rate"	"D.rate"	"E.rate"
"402"	-0.276730566329955	-0.572396131194585	-0.347875837352267	-0.140806092733753	0.275848869587817	0.337024846408553	0.369332874454611	0.373967374002572	0.230769230769231	0.384615384615385	0.384615384615385	0.230769230769231	0.230769230769231
