"B.beta"	"C.beta"	"D.beta"	"E.beta"	"B.se"	"C.se"	"D.se"	"E.se"	"A.rate"	"B.rate"	"C.rate"	"D.rate"	"E.rate"
"995"	-0.721196561873792	-0.252740369370177	-0.42462881862617	-0.334589108354743	0.783660879809256	0.940539212456461	0.253871363212721	0.885126759399216	0.230769230769231	0.384615384615385	0.384615384615385	0.384615384615385	0.230769230769231
