"B.beta"	"C.beta"	"D.beta"	"E.beta"	"B.se"	"C.se"	"D.se"	"E.se"	"A.rate"	"B.rate"	"C.rate"	"D.rate"	"E.rate"
"572"	0.215666228604742	-0.864298239833814	-0.489061557848692	-0.301682867596359	1.11664468929047	0.634472428362488	0.515632507382712	0.363113922308498	0.230769230769231	0.384615384615385	0.230769230769231	0.384615384615385	0.384615384615385
