"B.beta"	"C.beta"	"D.beta"	"E.beta"	"B.se"	"C.se"	"D.se"	"E.se"	"A.rate"	"B.rate"	"C.rate"	"D.rate"	"E.rate"
"666"	-0.422822761730846	-0.503736667346258	-1.06625942670058	-0.095434883299578	0.486386450073089	0.360884322588469	1.81683622063486	1.02776775067429	0.230769230769231	0.384615384615385	0.384615384615385	0.230769230769231	0.230769230769231
