"B.beta"	"C.beta"	"D.beta"	"E.beta"	"B.se"	"C.se"	"D.se"	"E.se"	"A.rate"	"B.rate"	"C.rate"	"D.rate"	"E.rate"
"791"	-0.595769064060983	-0.724613401127875	-0.502711075890735	-0.612574249676935	0.356146768540077	0.834376848248229	0.645947030644774	0.413613252460086	0.230769230769231	0.384615384615385	0.230769230769231	0.230769230769231	0.230769230769231
