"B.beta"	"C.beta"	"D.beta"	"E.beta"	"B.se"	"C.se"	"D.se"	"E.se"	"A.rate"	"B.rate"	"C.rate"	"D.rate"	"E.rate"
"237"	-0.799010068727064	-0.472951362293994	-0.349419716445417	-0.9350737790624	0.307495795263488	0.295060011161884	0.289773475617065	0.456981965739302	0.230769230769231	0.384615384615385	0.384615384615385	0.384615384615385	0.384615384615385
