"B.beta"	"C.beta"	"D.beta"	"E.beta"	"B.se"	"C.se"	"D.se"	"E.se"	"A.rate"	"B.rate"	"C.rate"	"D.rate"	"E.rate"
"375"	-0.0655008446180532	-1.2268565480029	-0.710088067810024	-0.903865182297459	0.379618575240037	0.932396941696777	0.851124915719376	1.78470215133996	0.230769230769231	0.384615384615385	0.384615384615385	0.384615384615385	0.230769230769231
