"B.beta"	"C.beta"	"D.beta"	"E.beta"	"B.se"	"C.se"	"D.se"	"E.se"	"A.rate"	"B.rate"	"C.rate"	"D.rate"	"E.rate"
"961"	-0.281641021227271	-0.0917263623000008	0.0845354512408228	-0.596785560951283	0.498045976465762	0.521478056476658	0.548908595282938	0.705538689468891	0.230769230769231	0.384615384615385	0.384615384615385	0.230769230769231	0.230769230769231
