"B.beta"	"C.beta"	"D.beta"	"E.beta"	"B.se"	"C.se"	"D.se"	"E.se"	"A.rate"	"B.rate"	"C.rate"	"D.rate"	"E.rate"
"662"	-0.438795695506833	-0.746809652268298	-0.313879208984593	-0.147239066682726	0.414217769579951	0.756914993575023	1.32334253056146	0.669156772712297	0.230769230769231	0.384615384615385	0.384615384615385	0.230769230769231	0.230769230769231
