"B.beta"	"C.beta"	"D.beta"	"E.beta"	"B.se"	"C.se"	"D.se"	"E.se"	"A.rate"	"B.rate"	"C.rate"	"D.rate"	"E.rate"
"267"	-0.134303410013466	-0.704408707374466	-0.59770636685017	-0.349747329686402	0.329980515202451	0.620083292019051	0.551828292222194	0.947373506020241	0.230769230769231	0.384615384615385	0.230769230769231	0.230769230769231	0.230769230769231
