"B.beta"	"C.beta"	"D.beta"	"E.beta"	"B.se"	"C.se"	"D.se"	"E.se"	"A.rate"	"B.rate"	"C.rate"	"D.rate"	"E.rate"
"123"	-0.141566663500574	-0.424113775784534	-1.09218714172	-0.447748058959368	0.294547092761147	0.94405709552114	0.865850847295109	0.689242284131918	0.230769230769231	0.384615384615385	0.384615384615385	0.384615384615385	0.230769230769231
