"B.beta"	"C.beta"	"D.beta"	"E.beta"	"B.se"	"C.se"	"D.se"	"E.se"	"A.rate"	"B.rate"	"C.rate"	"D.rate"	"E.rate"
"537"	-0.0519041344882303	-1.04449779847102	-0.0559558264043605	-1.2180262328929	0.278870722298555	1.25217966753511	0.9411547069652	1.44120877565464	0.230769230769231	0.384615384615385	0.230769230769231	0.230769230769231	0.230769230769231
