"B.beta"	"C.beta"	"D.beta"	"E.beta"	"B.se"	"C.se"	"D.se"	"E.se"	"A.rate"	"B.rate"	"C.rate"	"D.rate"	"E.rate"
"780"	-0.702633037661127	-1.31804116084681	0.0746459215371029	0.0428665546259222	0.544653296156988	1.73970207310019	0.479805653662468	0.83945173623323	0.230769230769231	0.384615384615385	0.230769230769231	0.230769230769231	0.384615384615385
