"B.beta"	"C.beta"	"D.beta"	"E.beta"	"B.se"	"C.se"	"D.se"	"E.se"	"A.rate"	"B.rate"	"C.rate"	"D.rate"	"E.rate"
"563"	-0.746262032330399	-0.241414317158585	-0.347742906811783	-0.121591359246739	0.831514881558821	0.859159355209458	0.33057408548467	0.715002749352683	0.230769230769231	0.384615384615385	0.230769230769231	0.384615384615385	0.230769230769231
