"B.beta"	"C.beta"	"D.beta"	"E.beta"	"B.se"	"C.se"	"D.se"	"E.se"	"A.rate"	"B.rate"	"C.rate"	"D.rate"	"E.rate"
"847"	-0.347016750048751	-0.728411754153002	-0.723523617219822	-0.574822373442047	0.301341629488402	1.39546180635208	0.679726436300251	0.403460476522914	0.230769230769231	0.384615384615385	0.384615384615385	0.230769230769231	0.384615384615385
