"B.beta"	"C.beta"	"D.beta"	"E.beta"	"B.se"	"C.se"	"D.se"	"E.se"	"A.rate"	"B.rate"	"C.rate"	"D.rate"	"E.rate"
"685"	-0.797724296037309	-0.205371158585986	-0.101313960302675	-0.359927286919295	0.671248139432604	0.306742275390671	1.49249819293348	1.48578593173981	0.230769230769231	0.384615384615385	0.384615384615385	0.384615384615385	0.384615384615385
