"B.beta"	"C.beta"	"D.beta"	"E.beta"	"B.se"	"C.se"	"D.se"	"E.se"	"A.rate"	"B.rate"	"C.rate"	"D.rate"	"E.rate"
"566"	-0.249038431159186	-0.602097154553498	-0.456036561203332	-0.345456655588891	0.306039224282353	0.774829228483733	0.690887967666628	0.540843739711497	0.230769230769231	0.384615384615385	0.230769230769231	0.384615384615385	0.230769230769231
