"B.beta"	"C.beta"	"D.beta"	"E.beta"	"B.se"	"C.se"	"D.se"	"E.se"	"A.rate"	"B.rate"	"C.rate"	"D.rate"	"E.rate"
"194"	-0.179024183987985	-0.0408516807931919	0.0182854126878635	-0.4175300346394	1.25770070330987	0.43583484767978	0.462932386512152	0.409173250875861	0.230769230769231	0.384615384615385	0.384615384615385	0.230769230769231	0.230769230769231
