"B.beta"	"C.beta"	"D.beta"	"E.beta"	"B.se"	"C.se"	"D.se"	"E.se"	"A.rate"	"B.rate"	"C.rate"	"D.rate"	"E.rate"
"102"	-0.509574617462772	-0.299809049041244	-0.277168852126902	-0.404978712029811	0.460220075918265	0.589579212817198	0.527277304841096	0.553986571825607	0.230769230769231	0.384615384615385	0.384615384615385	0.384615384615385	0.230769230769231
