"B.beta"	"C.beta"	"D.beta"	"E.beta"	"B.se"	"C.se"	"D.se"	"E.se"	"A.rate"	"B.rate"	"C.rate"	"D.rate"	"E.rate"
"830"	-0.266005723085611	-0.543810163167523	-0.337078629077271	-1.13887258106186	0.805157707864649	0.431044093861746	0.438284604804796	0.519548995233532	0.230769230769231	0.384615384615385	0.230769230769231	0.384615384615385	0.384615384615385
