"B.beta"	"C.beta"	"D.beta"	"E.beta"	"B.se"	"C.se"	"D.se"	"E.se"	"A.rate"	"B.rate"	"C.rate"	"D.rate"	"E.rate"
"62"	0.0902397788741572	-0.953641530801562	-0.680579262201241	-0.353205765698136	0.327931206141248	2.66177256751961	1.05330792738415	0.991746740012144	0.230769230769231	0.384615384615385	0.230769230769231	0.384615384615385	0.384615384615385
