"B.beta"	"C.beta"	"D.beta"	"E.beta"	"B.se"	"C.se"	"D.se"	"E.se"	"A.rate"	"B.rate"	"C.rate"	"D.rate"	"E.rate"
"872"	-0.346823716425225	-0.708577055239936	-0.191045783271124	-0.212609896893138	0.31395885723446	0.394809612956556	0.457049769694585	1.1739188712811	0.230769230769231	0.384615384615385	0.384615384615385	0.384615384615385	0.230769230769231
