"B.beta"	"C.beta"	"D.beta"	"E.beta"	"B.se"	"C.se"	"D.se"	"E.se"	"A.rate"	"B.rate"	"C.rate"	"D.rate"	"E.rate"
"66"	-0.416787656703899	-0.11742716995137	-0.150441101817885	-0.569569852528333	0.294567399498082	0.764782618277324	0.892704243467718	0.81518497988408	0.230769230769231	0.384615384615385	0.384615384615385	0.230769230769231	0.230769230769231
