"B.beta"	"C.beta"	"D.beta"	"E.beta"	"B.se"	"C.se"	"D.se"	"E.se"	"A.rate"	"B.rate"	"C.rate"	"D.rate"	"E.rate"
"761"	-0.348249026974357	-0.246839354628167	-0.951725671724717	-0.362100646885334	1.06278271712908	0.553959455346288	0.579695009107388	0.328101156382035	0.230769230769231	0.384615384615385	0.384615384615385	0.384615384615385	0.230769230769231
