"B.beta"	"C.beta"	"D.beta"	"E.beta"	"B.se"	"C.se"	"D.se"	"E.se"	"A.rate"	"B.rate"	"C.rate"	"D.rate"	"E.rate"
"472"	-0.441521421643185	-0.306810724512227	0.364325060920834	-1.07102934596286	0.466821067397841	0.606421327559563	0.514302472585335	3.03459372912002	0.230769230769231	0.384615384615385	0.384615384615385	0.230769230769231	0.230769230769231
