"B.beta"	"C.beta"	"D.beta"	"E.beta"	"B.se"	"C.se"	"D.se"	"E.se"	"A.rate"	"B.rate"	"C.rate"	"D.rate"	"E.rate"
"1021"	-0.708069853363286	-0.605870955116088	-0.82190242734645	-0.810744971281928	0.405328617293806	0.332008074296126	0.786059392416985	0.389764841761475	0.230769230769231	0.384615384615385	0.384615384615385	0.384615384615385	0.384615384615385
