"B.beta"	"C.beta"	"D.beta"	"E.beta"	"B.se"	"C.se"	"D.se"	"E.se"	"A.rate"	"B.rate"	"C.rate"	"D.rate"	"E.rate"
"1012"	-0.572414481912652	-0.950550065652354	-0.362572125978521	-0.651970091495976	1.8553636668363	0.582767889455484	0.723977402249013	0.900189681487559	0.230769230769231	0.384615384615385	0.384615384615385	0.384615384615385	0.230769230769231
