"B.beta"	"C.beta"	"D.beta"	"E.beta"	"B.se"	"C.se"	"D.se"	"E.se"	"A.rate"	"B.rate"	"C.rate"	"D.rate"	"E.rate"
"542"	0.187473721919241	-0.632287133902427	-1.03163330693772	-0.679202162773086	0.3342238034224	0.458531136629587	0.671062484954975	0.291368394770209	0.230769230769231	0.384615384615385	0.230769230769231	0.230769230769231	0.384615384615385
