"B.beta"	"C.beta"	"D.beta"	"E.beta"	"B.se"	"C.se"	"D.se"	"E.se"	"A.rate"	"B.rate"	"C.rate"	"D.rate"	"E.rate"
"121"	-0.594519152082435	-0.537234693907092	-0.633899492194969	-0.895501814119991	1.43154242847113	0.563663714541937	0.716901114650176	0.60347665901052	0.230769230769231	0.384615384615385	0.384615384615385	0.384615384615385	0.230769230769231
