"B.beta"	"C.beta"	"D.beta"	"E.beta"	"B.se"	"C.se"	"D.se"	"E.se"	"A.rate"	"B.rate"	"C.rate"	"D.rate"	"E.rate"
"812"	-0.731317908593525	-6.3972194599747	-0.701424969664953	-0.308514877355926	0.305660620937673	663144.31428414	1.07854816365748	0.504722343014094	0.230769230769231	0.384615384615385	0.230769230769231	0.384615384615385	0.384615384615385
