"B.beta"	"C.beta"	"D.beta"	"E.beta"	"B.se"	"C.se"	"D.se"	"E.se"	"A.rate"	"B.rate"	"C.rate"	"D.rate"	"E.rate"
"380"	-0.800801415305382	-1.05242647753419	-0.632796190254356	-0.724348919439948	1.28519249360093	0.414241714577965	0.501625848684767	0.31860355967	0.230769230769231	0.384615384615385	0.384615384615385	0.384615384615385	0.384615384615385
