"B.beta"	"C.beta"	"D.beta"	"E.beta"	"B.se"	"C.se"	"D.se"	"E.se"	"A.rate"	"B.rate"	"C.rate"	"D.rate"	"E.rate"
"947"	-0.395945511101002	-0.551801133969368	-0.521089746418268	-6.0281629449428	0.442176127892664	0.600380544383627	0.357286682849358	841412.973178029	0.230769230769231	0.384615384615385	0.384615384615385	0.384615384615385	0.230769230769231
