"B.beta"	"C.beta"	"D.beta"	"E.beta"	"B.se"	"C.se"	"D.se"	"E.se"	"A.rate"	"B.rate"	"C.rate"	"D.rate"	"E.rate"
"148"	-0.346938348145516	-0.399543622888454	-1.01519412819947	-0.710455122064311	0.384295037279385	0.592695760070305	0.772244159125666	0.549071612446398	0.230769230769231	0.384615384615385	0.384615384615385	0.230769230769231	0.230769230769231
