"B.beta"	"C.beta"	"D.beta"	"E.beta"	"B.se"	"C.se"	"D.se"	"E.se"	"A.rate"	"B.rate"	"C.rate"	"D.rate"	"E.rate"
"857"	-0.0270591441945799	0.0338405686979655	-0.440377551206594	-0.257788934547778	0.381164004902311	0.598227320808539	0.534756933742688	0.6289315993504	0.230769230769231	0.384615384615385	0.384615384615385	0.230769230769231	0.230769230769231
