"B.beta"	"C.beta"	"D.beta"	"E.beta"	"B.se"	"C.se"	"D.se"	"E.se"	"A.rate"	"B.rate"	"C.rate"	"D.rate"	"E.rate"
"845"	-0.365543830137848	-0.143180880176495	-1.00076242630234	-0.76494800321105	1.71325037057077	0.31951055643293	1.54623166411466	0.357930134168823	0.230769230769231	0.384615384615385	0.384615384615385	0.230769230769231	0.384615384615385
