"B.beta"	"C.beta"	"D.beta"	"E.beta"	"B.se"	"C.se"	"D.se"	"E.se"	"A.rate"	"B.rate"	"C.rate"	"D.rate"	"E.rate"
"342"	0.0446385143959529	-0.320547291743374	-0.836377752078934	-0.787407732539558	0.39996057881433	0.975116292730691	0.845490573760028	0.579156263466731	0.230769230769231	0.384615384615385	0.384615384615385	0.230769230769231	0.230769230769231
