"B.beta"	"C.beta"	"D.beta"	"E.beta"	"B.se"	"C.se"	"D.se"	"E.se"	"A.rate"	"B.rate"	"C.rate"	"D.rate"	"E.rate"
"39"	-0.106559811288954	-0.566568998868423	-0.668972840783264	-0.534655152375675	0.57480040829419	0.443143911450551	0.433399519307126	0.445506671893513	0.230769230769231	0.384615384615385	0.230769230769231	0.384615384615385	0.230769230769231
