"B.beta"	"C.beta"	"D.beta"	"E.beta"	"B.se"	"C.se"	"D.se"	"E.se"	"A.rate"	"B.rate"	"C.rate"	"D.rate"	"E.rate"
"336"	-0.845938175033514	-0.298083690095303	-0.448701395888416	-0.121860786474278	1.24925670130459	0.421992291785517	1.07135141447016	0.549137472996069	0.230769230769231	0.384615384615385	0.384615384615385	0.230769230769231	0.230769230769231
