"B.beta"	"C.beta"	"D.beta"	"E.beta"	"B.se"	"C.se"	"D.se"	"E.se"	"A.rate"	"B.rate"	"C.rate"	"D.rate"	"E.rate"
"144"	-0.204250200211788	0.102979396730292	-0.196597784781256	-0.374467321731494	0.330094717998169	0.645428304834603	0.733671059999417	1.4397519729205	0.230769230769231	0.384615384615385	0.384615384615385	0.230769230769231	0.230769230769231
