"B.beta"	"C.beta"	"D.beta"	"E.beta"	"B.se"	"C.se"	"D.se"	"E.se"	"A.rate"	"B.rate"	"C.rate"	"D.rate"	"E.rate"
"125"	-0.687411457233257	-0.230281691628036	-1.00332980121633	-0.602983218740611	0.685344798417985	0.388409034103341	0.810115625991718	0.444888357287708	0.230769230769231	0.384615384615385	0.384615384615385	0.384615384615385	0.384615384615385
