"B.beta"	"C.beta"	"D.beta"	"E.beta"	"B.se"	"C.se"	"D.se"	"E.se"	"A.rate"	"B.rate"	"C.rate"	"D.rate"	"E.rate"
"590"	-1.00994992966554	-0.130896137788931	-0.39943453719522	-1.31436987711282	1.48272607645358	0.350718225462985	0.602787182620794	0.545605911419023	0.230769230769231	0.384615384615385	0.384615384615385	0.230769230769231	0.384615384615385
