"B.beta"	"C.beta"	"D.beta"	"E.beta"	"B.se"	"C.se"	"D.se"	"E.se"	"A.rate"	"B.rate"	"C.rate"	"D.rate"	"E.rate"
"114"	-0.262888244766454	-0.647066241615669	-0.428890715856397	-0.848231562664989	0.411815098447117	0.539525141760178	0.256071490863623	1.4602906128602	0.230769230769231	0.384615384615385	0.384615384615385	0.384615384615385	0.230769230769231
