"B.beta"	"C.beta"	"D.beta"	"E.beta"	"B.se"	"C.se"	"D.se"	"E.se"	"A.rate"	"B.rate"	"C.rate"	"D.rate"	"E.rate"
"235"	-0.41138716241003	0.0398559739200656	-0.111218111400903	-0.639248061494042	0.28787361981828	0.329763798744818	0.464003512429744	2.23221324192598	0.230769230769231	0.384615384615385	0.384615384615385	0.384615384615385	0.230769230769231
