"B.beta"	"C.beta"	"D.beta"	"E.beta"	"B.se"	"C.se"	"D.se"	"E.se"	"A.rate"	"B.rate"	"C.rate"	"D.rate"	"E.rate"
"703"	-0.517963141829587	-0.410712112388833	-0.444273802130053	-0.309744287241782	1.03813259254063	0.476422842377461	0.752634778387462	1.18008533726198	0.230769230769231	0.384615384615385	0.384615384615385	0.384615384615385	0.384615384615385
