"B.beta"	"C.beta"	"D.beta"	"E.beta"	"B.se"	"C.se"	"D.se"	"E.se"	"A.rate"	"B.rate"	"C.rate"	"D.rate"	"E.rate"
"743"	-0.54157519432457	-0.297395720004949	-0.32658755168439	-0.808024413377361	0.485537171179609	0.81900579895986	0.688901816333747	0.692210770337152	0.230769230769231	0.384615384615385	0.384615384615385	0.384615384615385	0.230769230769231
