"B.beta"	"C.beta"	"D.beta"	"E.beta"	"B.se"	"C.se"	"D.se"	"E.se"	"A.rate"	"B.rate"	"C.rate"	"D.rate"	"E.rate"
"413"	-0.110325575974056	-0.534936175855983	-1.4459823733149	-0.262195222792382	0.282351605018163	1.05857443009214	0.883778503853591	0.551429683527228	0.230769230769231	0.384615384615385	0.384615384615385	0.230769230769231	0.384615384615385
