"B.beta"	"C.beta"	"D.beta"	"E.beta"	"B.se"	"C.se"	"D.se"	"E.se"	"A.rate"	"B.rate"	"C.rate"	"D.rate"	"E.rate"
"953"	-0.328265512460735	0.29028537379376	-0.115309205249474	-0.720234252214646	0.327952203036126	0.792817617723175	0.498701050254717	0.714229817331713	0.230769230769231	0.384615384615385	0.384615384615385	0.384615384615385	0.230769230769231
