"B.beta"	"C.beta"	"D.beta"	"E.beta"	"B.se"	"C.se"	"D.se"	"E.se"	"A.rate"	"B.rate"	"C.rate"	"D.rate"	"E.rate"
"96"	-0.203553596165848	-0.283796521414821	-0.175393933804856	-0.66934721300686	0.401465673419441	0.880001838166506	0.44816392352311	0.537635931019321	0.230769230769231	0.384615384615385	0.384615384615385	0.384615384615385	0.230769230769231
