"B.beta"	"C.beta"	"D.beta"	"E.beta"	"B.se"	"C.se"	"D.se"	"E.se"	"A.rate"	"B.rate"	"C.rate"	"D.rate"	"E.rate"
"488"	-0.202276510611664	0.00754593714434007	-0.29227660137878	-0.0145399317658213	0.303881760686179	0.505927858210614	0.312066940804196	0.457906417089074	0.230769230769231	0.384615384615385	0.384615384615385	0.384615384615385	0.230769230769231
