"B.beta"	"C.beta"	"D.beta"	"E.beta"	"B.se"	"C.se"	"D.se"	"E.se"	"A.rate"	"B.rate"	"C.rate"	"D.rate"	"E.rate"
"895"	-0.582411689599132	-0.202411951675462	-0.691316347728404	-0.571094026353566	0.28175962847988	0.405836803156726	0.57190459022574	0.376273951572686	0.230769230769231	0.384615384615385	0.384615384615385	0.384615384615385	0.384615384615385
