"B.beta"	"C.beta"	"D.beta"	"E.beta"	"B.se"	"C.se"	"D.se"	"E.se"	"A.rate"	"B.rate"	"C.rate"	"D.rate"	"E.rate"
"505"	-0.295172390284482	0.0762195605065238	0.0624397574878272	-0.118960196842218	0.659784699583539	0.436959172274509	0.364713721898155	0.721288955200864	0.230769230769231	0.384615384615385	0.384615384615385	0.384615384615385	0.230769230769231
