"B.beta"	"C.beta"	"D.beta"	"E.beta"	"B.se"	"C.se"	"D.se"	"E.se"	"A.rate"	"B.rate"	"C.rate"	"D.rate"	"E.rate"
"199"	-0.335592024646621	-1.0845875367317	-0.270119840664467	0.532577179181418	0.600117992613147	0.603293137135737	0.742804316022458	1.09196637011938	0.230769230769231	0.384615384615385	0.384615384615385	0.230769230769231	0.230769230769231
