"B.beta"	"C.beta"	"D.beta"	"E.beta"	"B.se"	"C.se"	"D.se"	"E.se"	"A.rate"	"B.rate"	"C.rate"	"D.rate"	"E.rate"
"972"	-0.308985721873177	-0.37933443562559	-0.899114582064935	-0.248250310115351	0.614006615635526	0.606070611207539	1.10012427061528	0.266878221668131	0.230769230769231	0.384615384615385	0.384615384615385	0.230769230769231	0.384615384615385
