"B.beta"	"C.beta"	"D.beta"	"E.beta"	"B.se"	"C.se"	"D.se"	"E.se"	"A.rate"	"B.rate"	"C.rate"	"D.rate"	"E.rate"
"796"	-0.454675346919016	-1.24534059302251	-0.438089085029934	-1.21410633764002	0.670172120110882	0.962188362584146	0.957471461310411	2.3448293950602	0.230769230769231	0.384615384615385	0.230769230769231	0.230769230769231	0.384615384615385
