"B.beta"	"C.beta"	"D.beta"	"E.beta"	"B.se"	"C.se"	"D.se"	"E.se"	"A.rate"	"B.rate"	"C.rate"	"D.rate"	"E.rate"
"218"	-0.138302941114949	-1.05954163807414	-0.789241880763398	-0.661637789561995	0.683944112673258	0.599306191934857	1.01121145112179	0.622240959011341	0.230769230769231	0.384615384615385	0.384615384615385	0.230769230769231	0.230769230769231
