"B.beta"	"C.beta"	"D.beta"	"E.beta"	"B.se"	"C.se"	"D.se"	"E.se"	"A.rate"	"B.rate"	"C.rate"	"D.rate"	"E.rate"
"137"	0.220070578645031	-0.14479606831281	-0.604336159463991	-0.955570159789782	0.364604493434142	0.621998352836553	2.6191497234929	1.81255444414364	0.230769230769231	0.384615384615385	0.384615384615385	0.230769230769231	0.230769230769231
