"B.beta"	"C.beta"	"D.beta"	"E.beta"	"B.se"	"C.se"	"D.se"	"E.se"	"A.rate"	"B.rate"	"C.rate"	"D.rate"	"E.rate"
"984"	-0.544706120144891	-0.854970112498909	0.166501382819737	-0.825807250631777	0.705576896919294	0.880729473276883	0.665113521723586	1.03656136574331	0.230769230769231	0.384615384615385	0.384615384615385	0.230769230769231	0.230769230769231
