"B.beta"	"C.beta"	"D.beta"	"E.beta"	"B.se"	"C.se"	"D.se"	"E.se"	"A.rate"	"B.rate"	"C.rate"	"D.rate"	"E.rate"
"513"	-0.378713243146331	-0.117875870213159	-0.690159297183632	-0.00248263856882425	0.35207208469556	1.16484859563896	0.731174916965414	1.1456442994156	0.230769230769231	0.384615384615385	0.230769230769231	0.230769230769231	0.230769230769231
