"B.beta"	"C.beta"	"D.beta"	"E.beta"	"B.se"	"C.se"	"D.se"	"E.se"	"A.rate"	"B.rate"	"C.rate"	"D.rate"	"E.rate"
"151"	-0.357955481522595	-0.382879349321682	-0.350888594649563	-0.739255974978895	0.36118446222979	0.308790232816016	0.480414784373732	0.61464226962587	0.230769230769231	0.384615384615385	0.384615384615385	0.230769230769231	0.230769230769231
