"B.beta"	"C.beta"	"D.beta"	"E.beta"	"B.se"	"C.se"	"D.se"	"E.se"	"A.rate"	"B.rate"	"C.rate"	"D.rate"	"E.rate"
"527"	-0.399061628786091	-0.452228817086078	-0.9232375576765	-0.629835992323019	0.547742839887259	0.695545370193442	0.515121232312619	0.467877881493725	0.230769230769231	0.384615384615385	0.230769230769231	0.230769230769231	0.384615384615385
