"B.beta"	"C.beta"	"D.beta"	"E.beta"	"B.se"	"C.se"	"D.se"	"E.se"	"A.rate"	"B.rate"	"C.rate"	"D.rate"	"E.rate"
"189"	-0.21095761477117	-0.101941361441803	-0.450425321854801	-0.463534821014385	0.279627972066004	0.372521014058553	1.01469767001563	0.552302659767962	0.230769230769231	0.384615384615385	0.384615384615385	0.384615384615385	0.384615384615385
