"B.beta"	"C.beta"	"D.beta"	"E.beta"	"B.se"	"C.se"	"D.se"	"E.se"	"A.rate"	"B.rate"	"C.rate"	"D.rate"	"E.rate"
"298"	-0.669330819929396	-0.222291971044988	-0.576134975087636	-1.73027428455587	0.929988324622632	0.594076510649841	0.492672162181976	1.40273796024069	0.230769230769231	0.384615384615385	0.230769230769231	0.384615384615385	0.230769230769231
