"B.beta"	"C.beta"	"D.beta"	"E.beta"	"B.se"	"C.se"	"D.se"	"E.se"	"A.rate"	"B.rate"	"C.rate"	"D.rate"	"E.rate"
"19"	0.0269433442328121	-0.510661214764816	-1.24797929008626	-0.369740170988147	0.912828234875844	1.04280113341001	0.498432890549779	0.725256206027726	0.230769230769231	0.384615384615385	0.230769230769231	0.230769230769231	0.230769230769231
