"B.beta"	"C.beta"	"D.beta"	"E.beta"	"B.se"	"C.se"	"D.se"	"E.se"	"A.rate"	"B.rate"	"C.rate"	"D.rate"	"E.rate"
"379"	-0.264926441487432	-0.582193666783748	-0.399310241098981	-1.15874280558185	0.35124164627381	0.491002065795047	0.391168671858415	1.20189396544447	0.230769230769231	0.384615384615385	0.384615384615385	0.384615384615385	0.230769230769231
