"B.beta"	"C.beta"	"D.beta"	"E.beta"	"B.se"	"C.se"	"D.se"	"E.se"	"A.rate"	"B.rate"	"C.rate"	"D.rate"	"E.rate"
"424"	-1.07925675496106	-0.404056578379076	0.164811058222869	-1.22439235700835	0.569523004930297	1.28346942820928	0.654145973279272	1.07996877258363	0.230769230769231	0.384615384615385	0.384615384615385	0.384615384615385	0.230769230769231
