"B.beta"	"C.beta"	"D.beta"	"E.beta"	"B.se"	"C.se"	"D.se"	"E.se"	"A.rate"	"B.rate"	"C.rate"	"D.rate"	"E.rate"
"863"	-0.329152538495736	-1.02210780651821	-0.781856049764982	-0.372992998410548	0.406850264350221	0.607440607102944	0.786061329426127	0.417485194309939	0.230769230769231	0.384615384615385	0.384615384615385	0.230769230769231	0.384615384615385
