"B.beta"	"C.beta"	"D.beta"	"E.beta"	"B.se"	"C.se"	"D.se"	"E.se"	"A.rate"	"B.rate"	"C.rate"	"D.rate"	"E.rate"
"419"	-0.109558333912772	-0.977695597975334	0.0239836923287326	-0.201911441146368	0.42803005862966	0.630525552824943	0.593638729233557	0.479890115221614	0.230769230769231	0.384615384615385	0.384615384615385	0.384615384615385	0.230769230769231
