"B.beta"	"C.beta"	"D.beta"	"E.beta"	"B.se"	"C.se"	"D.se"	"E.se"	"A.rate"	"B.rate"	"C.rate"	"D.rate"	"E.rate"
"440"	-0.247543508481192	-0.104136663048912	-0.120522820399272	-0.390309074726129	0.290773524080447	0.281774547123142	0.535238492781562	0.663025192739341	0.230769230769231	0.384615384615385	0.384615384615385	0.384615384615385	0.230769230769231
