"B.beta"	"C.beta"	"D.beta"	"E.beta"	"B.se"	"C.se"	"D.se"	"E.se"	"A.rate"	"B.rate"	"C.rate"	"D.rate"	"E.rate"
"531"	-0.585450582225182	-0.590756413993185	-0.530867831532925	-1.54108225858061	0.368881364490413	1.26759508471585	0.457544772616398	0.999160161449759	0.230769230769231	0.384615384615385	0.230769230769231	0.230769230769231	0.230769230769231
