"B.beta"	"C.beta"	"D.beta"	"E.beta"	"B.se"	"C.se"	"D.se"	"E.se"	"A.rate"	"B.rate"	"C.rate"	"D.rate"	"E.rate"
"60"	-0.894347655679425	-0.209897993888458	-0.421120108856827	-0.0751150341479401	1.44722580362545	0.742578234135404	0.90263190749026	0.524283071561656	0.230769230769231	0.384615384615385	0.230769230769231	0.384615384615385	0.384615384615385
