"B.beta"	"C.beta"	"D.beta"	"E.beta"	"B.se"	"C.se"	"D.se"	"E.se"	"A.rate"	"B.rate"	"C.rate"	"D.rate"	"E.rate"
"757"	-0.0961041335225277	-0.565440865022688	-0.153029102969815	-0.0843357803815767	0.341978565366805	0.319102009837829	0.345614061678336	0.393086500460146	0.230769230769231	0.384615384615385	0.384615384615385	0.384615384615385	0.230769230769231
