"B.beta"	"C.beta"	"D.beta"	"E.beta"	"B.se"	"C.se"	"D.se"	"E.se"	"A.rate"	"B.rate"	"C.rate"	"D.rate"	"E.rate"
"919"	-0.626467258362387	-0.882168622738197	-0.607837477829959	0.281146498612886	0.750892552356735	0.497546016500907	0.422797037378397	0.346390964122002	0.230769230769231	0.384615384615385	0.384615384615385	0.230769230769231	0.230769230769231
