"B.beta"	"C.beta"	"D.beta"	"E.beta"	"B.se"	"C.se"	"D.se"	"E.se"	"A.rate"	"B.rate"	"C.rate"	"D.rate"	"E.rate"
"132"	-0.241816199619392	-0.381301774013089	0.0460337612182802	-0.332468792091237	0.482379800126441	0.462797526562124	0.549302295817719	0.758536957286811	0.230769230769231	0.384615384615385	0.384615384615385	0.230769230769231	0.230769230769231
