"B.beta"	"C.beta"	"D.beta"	"E.beta"	"B.se"	"C.se"	"D.se"	"E.se"	"A.rate"	"B.rate"	"C.rate"	"D.rate"	"E.rate"
"205"	0.0254426688024562	-0.658040999727136	-0.35937921612293	-0.608383266941629	0.288981181254983	1.14012700265788	0.490846231869635	0.730100042570488	0.230769230769231	0.384615384615385	0.384615384615385	0.230769230769231	0.384615384615385
