"B.beta"	"C.beta"	"D.beta"	"E.beta"	"B.se"	"C.se"	"D.se"	"E.se"	"A.rate"	"B.rate"	"C.rate"	"D.rate"	"E.rate"
"665"	-0.107371697281126	0.05175667695045	-0.708068661974115	-0.496112977856357	0.299188500173036	0.373288026174784	0.877575652604922	0.654185617269014	0.230769230769231	0.384615384615385	0.384615384615385	0.230769230769231	0.230769230769231
