"B.beta"	"C.beta"	"D.beta"	"E.beta"	"B.se"	"C.se"	"D.se"	"E.se"	"A.rate"	"B.rate"	"C.rate"	"D.rate"	"E.rate"
"138"	0.119847812377506	-0.150678764807457	-0.387021497870129	-0.605052867079064	0.564436248567942	0.724924208946048	0.482009074395963	0.478240757403444	0.230769230769231	0.384615384615385	0.384615384615385	0.230769230769231	0.230769230769231
