"B.beta"	"C.beta"	"D.beta"	"E.beta"	"B.se"	"C.se"	"D.se"	"E.se"	"A.rate"	"B.rate"	"C.rate"	"D.rate"	"E.rate"
"280"	-0.687339310593959	-1.05743116713573	-5.85172758829046	-0.499389512234047	0.489654499595576	1.1063642909948	765962.345447389	0.699019905185623	0.230769230769231	0.384615384615385	0.230769230769231	0.230769230769231	0.230769230769231
