"B.beta"	"C.beta"	"D.beta"	"E.beta"	"B.se"	"C.se"	"D.se"	"E.se"	"A.rate"	"B.rate"	"C.rate"	"D.rate"	"E.rate"
"705"	-0.513131352037683	-0.422538568390914	-0.715080918450908	-0.63014257454581	0.654001678382685	0.550697451316311	0.682330112801732	2.93668998235497	0.230769230769231	0.384615384615385	0.384615384615385	0.230769230769231	0.230769230769231
