"B.beta"	"C.beta"	"D.beta"	"E.beta"	"B.se"	"C.se"	"D.se"	"E.se"	"A.rate"	"B.rate"	"C.rate"	"D.rate"	"E.rate"
"912"	-0.226004100303934	-0.320759445135311	-0.385678847871744	-0.223677881904677	0.658792470898476	0.628759022741415	0.85296691619578	0.710237793266765	0.230769230769231	0.384615384615385	0.384615384615385	0.230769230769231	0.230769230769231
