"B.beta"	"C.beta"	"D.beta"	"E.beta"	"B.se"	"C.se"	"D.se"	"E.se"	"A.rate"	"B.rate"	"C.rate"	"D.rate"	"E.rate"
"272"	-0.653003828893375	-0.626733303977537	-0.370384879543189	-0.579140206270127	0.581583986142824	0.375314527184955	0.54732952477015	0.617035915355943	0.230769230769231	0.384615384615385	0.230769230769231	0.230769230769231	0.230769230769231
