"B.beta"	"C.beta"	"D.beta"	"E.beta"	"B.se"	"C.se"	"D.se"	"E.se"	"A.rate"	"B.rate"	"C.rate"	"D.rate"	"E.rate"
"54"	-0.141366152873163	-0.677866029051275	-0.202460755322235	-0.504642774815921	0.577398142089418	0.95975989358539	0.396374372558646	0.56497294569997	0.230769230769231	0.384615384615385	0.230769230769231	0.384615384615385	0.230769230769231
