"B.beta"	"C.beta"	"D.beta"	"E.beta"	"B.se"	"C.se"	"D.se"	"E.se"	"A.rate"	"B.rate"	"C.rate"	"D.rate"	"E.rate"
"1010"	-0.624508413112858	0.0179836943482424	-0.182542474300194	-0.435759206457853	0.52575401334531	1.02035663531527	0.36550403270362	0.798136813743034	0.230769230769231	0.384615384615385	0.384615384615385	0.384615384615385	0.230769230769231
