"B.beta"	"C.beta"	"D.beta"	"E.beta"	"B.se"	"C.se"	"D.se"	"E.se"	"A.rate"	"B.rate"	"C.rate"	"D.rate"	"E.rate"
"333"	-0.558976962678652	0.0300892692347468	-0.0471254312373094	-0.340781990094996	0.261216846392545	1.12412275283064	0.611952325802699	1.34110786546575	0.230769230769231	0.384615384615385	0.384615384615385	0.230769230769231	0.384615384615385
