"B.beta"	"C.beta"	"D.beta"	"E.beta"	"B.se"	"C.se"	"D.se"	"E.se"	"A.rate"	"B.rate"	"C.rate"	"D.rate"	"E.rate"
"384"	0.347192664428918	-0.288754862069557	-6.03450684085138	-1.0694956851381	1.03340171312826	0.396775032665162	825028.927683486	2.0225691436005	0.230769230769231	0.384615384615385	0.384615384615385	0.230769230769231	0.230769230769231
