"B.beta"	"C.beta"	"D.beta"	"E.beta"	"B.se"	"C.se"	"D.se"	"E.se"	"A.rate"	"B.rate"	"C.rate"	"D.rate"	"E.rate"
"117"	0.16357613696198	-0.458013759101241	0.316769509600246	-0.997102722905187	0.468175150100346	1.84062383813768	0.998646747685362	0.603369191121433	0.230769230769231	0.384615384615385	0.384615384615385	0.384615384615385	0.230769230769231
