"B.beta"	"C.beta"	"D.beta"	"E.beta"	"B.se"	"C.se"	"D.se"	"E.se"	"A.rate"	"B.rate"	"C.rate"	"D.rate"	"E.rate"
"388"	0.179317625977286	-0.192109038529136	-0.132985347235146	-0.822978719797349	0.472451754065863	0.420481492122589	1.75348355404363	0.821694076141569	0.230769230769231	0.384615384615385	0.384615384615385	0.230769230769231	0.230769230769231
