"B.beta"	"C.beta"	"D.beta"	"E.beta"	"B.se"	"C.se"	"D.se"	"E.se"	"A.rate"	"B.rate"	"C.rate"	"D.rate"	"E.rate"
"781"	-0.0880813004178964	-0.906325492685738	-0.315649375600419	-0.247370609657543	0.279802239836441	0.51926027047372	0.834785520043104	0.458865001965273	0.230769230769231	0.384615384615385	0.230769230769231	0.230769230769231	0.384615384615385
