"B.beta"	"C.beta"	"D.beta"	"E.beta"	"B.se"	"C.se"	"D.se"	"E.se"	"A.rate"	"B.rate"	"C.rate"	"D.rate"	"E.rate"
"751"	-0.815131381557817	-0.258362353021167	-0.4932045933659	-0.975330499593785	0.508099145477763	0.627800328708762	0.55528394350998	0.865547970881656	0.230769230769231	0.384615384615385	0.384615384615385	0.384615384615385	0.384615384615385
