"B.beta"	"C.beta"	"D.beta"	"E.beta"	"B.se"	"C.se"	"D.se"	"E.se"	"A.rate"	"B.rate"	"C.rate"	"D.rate"	"E.rate"
"851"	-0.0425018317388509	-0.735286080937695	-0.335464598745333	-0.736072258635203	0.565300079926964	0.608099646957805	1.56741290109139	0.356453161660949	0.230769230769231	0.384615384615385	0.384615384615385	0.230769230769231	0.230769230769231
