"B.beta"	"C.beta"	"D.beta"	"E.beta"	"B.se"	"C.se"	"D.se"	"E.se"	"A.rate"	"B.rate"	"C.rate"	"D.rate"	"E.rate"
"231"	-0.18852439586813	0.350739883377417	-0.329274153800027	-0.746970257397772	0.969493563942439	0.506130066208541	0.89733192870312	0.550086418804993	0.230769230769231	0.384615384615385	0.384615384615385	0.384615384615385	0.230769230769231
