"B.beta"	"C.beta"	"D.beta"	"E.beta"	"B.se"	"C.se"	"D.se"	"E.se"	"A.rate"	"B.rate"	"C.rate"	"D.rate"	"E.rate"
"696"	-0.642795531594523	-0.638806613827469	-0.931031479345461	0.105609366252814	0.660264146438718	0.420418127489544	1.22094253092993	0.619357568322293	0.230769230769231	0.384615384615385	0.384615384615385	0.384615384615385	0.230769230769231
