"B.beta"	"C.beta"	"D.beta"	"E.beta"	"B.se"	"C.se"	"D.se"	"E.se"	"A.rate"	"B.rate"	"C.rate"	"D.rate"	"E.rate"
"65"	-0.88986746743326	0.133829402333304	-0.0819642114771527	-0.828121826752052	0.507363896706696	0.608054560448944	0.634710962250936	0.617913373375933	0.230769230769231	0.384615384615385	0.384615384615385	0.230769230769231	0.230769230769231
