"B.beta"	"C.beta"	"D.beta"	"E.beta"	"B.se"	"C.se"	"D.se"	"E.se"	"A.rate"	"B.rate"	"C.rate"	"D.rate"	"E.rate"
"278"	-0.450930911658751	-0.404305649262891	-0.795432423509816	-1.14150966933844	0.312776336152179	0.553494219347615	0.502307092932908	1.29947459204906	0.230769230769231	0.384615384615385	0.230769230769231	0.230769230769231	0.230769230769231
