"B.beta"	"C.beta"	"D.beta"	"E.beta"	"B.se"	"C.se"	"D.se"	"E.se"	"A.rate"	"B.rate"	"C.rate"	"D.rate"	"E.rate"
"90"	-0.0991330549889365	-0.803695276205412	-0.914728772227948	-1.20150621365643	0.554497124195828	0.356370922810449	2.72057443694528	1.11059053208418	0.230769230769231	0.384615384615385	0.384615384615385	0.230769230769231	0.230769230769231
