"B.beta"	"C.beta"	"D.beta"	"E.beta"	"B.se"	"C.se"	"D.se"	"E.se"	"A.rate"	"B.rate"	"C.rate"	"D.rate"	"E.rate"
"98"	-0.611938907701192	-0.526781928382573	-0.504857251370425	-1.00440901674079	0.748306150522834	0.343406043338457	0.598416106513754	1.30132677138044	0.230769230769231	0.384615384615385	0.384615384615385	0.384615384615385	0.230769230769231
