"B.beta"	"C.beta"	"D.beta"	"E.beta"	"B.se"	"C.se"	"D.se"	"E.se"	"A.rate"	"B.rate"	"C.rate"	"D.rate"	"E.rate"
"839"	0.0638809035918715	-0.713441128389558	-0.489586299771726	-0.0947514225929216	0.621399519007811	0.34023683211502	0.54203415105147	0.359739878589261	0.230769230769231	0.384615384615385	0.384615384615385	0.230769230769231	0.230769230769231
