"B.beta"	"C.beta"	"D.beta"	"E.beta"	"B.se"	"C.se"	"D.se"	"E.se"	"A.rate"	"B.rate"	"C.rate"	"D.rate"	"E.rate"
"391"	-0.504347314541024	-0.647790075176057	0.104877988462492	-0.862244585205147	0.400926819823183	0.470088645788455	0.991574629478322	1.08380744069583	0.230769230769231	0.384615384615385	0.384615384615385	0.230769230769231	0.230769230769231
