"B.beta"	"C.beta"	"D.beta"	"E.beta"	"B.se"	"C.se"	"D.se"	"E.se"	"A.rate"	"B.rate"	"C.rate"	"D.rate"	"E.rate"
"837"	-0.540952809093983	-0.729197035799295	-0.595487207770265	-0.461590119516543	0.361942758112223	1.05650698789453	0.461940334133363	0.452771762712178	0.230769230769231	0.384615384615385	0.384615384615385	0.230769230769231	0.230769230769231
