"B.beta"	"C.beta"	"D.beta"	"E.beta"	"B.se"	"C.se"	"D.se"	"E.se"	"A.rate"	"B.rate"	"C.rate"	"D.rate"	"E.rate"
"779"	-0.567475428051849	-6.42505085773087	-1.11728433693666	-1.45103673647904	1.1667082476366	781174.857444807	1.23770572436316	2.22069649864038	0.230769230769231	0.384615384615385	0.230769230769231	0.230769230769231	0.230769230769231
