"B.beta"	"C.beta"	"D.beta"	"E.beta"	"B.se"	"C.se"	"D.se"	"E.se"	"A.rate"	"B.rate"	"C.rate"	"D.rate"	"E.rate"
"897"	-0.297648411727351	-0.390429834056682	-0.534613316101139	-0.279891152308627	0.382504603051934	0.479248839973328	0.696242844886832	0.816754863083366	0.230769230769231	0.384615384615385	0.384615384615385	0.230769230769231	0.230769230769231
