"B.beta"	"C.beta"	"D.beta"	"E.beta"	"B.se"	"C.se"	"D.se"	"E.se"	"A.rate"	"B.rate"	"C.rate"	"D.rate"	"E.rate"
"694"	-0.458919391262689	-0.826432134153906	-0.29827892171292	-0.521187516089474	0.446266332741437	0.302447560292648	0.330751961572533	0.510782324763777	0.230769230769231	0.384615384615385	0.384615384615385	0.384615384615385	0.230769230769231
