"B.beta"	"C.beta"	"D.beta"	"E.beta"	"B.se"	"C.se"	"D.se"	"E.se"	"A.rate"	"B.rate"	"C.rate"	"D.rate"	"E.rate"
"297"	-0.316846188260055	-0.310229882631329	-0.774939486087504	-0.545611013093655	0.942691368684489	0.444896275389943	0.809045936972532	1.18617811206311	0.230769230769231	0.384615384615385	0.230769230769231	0.384615384615385	0.230769230769231
