"B.beta"	"C.beta"	"D.beta"	"E.beta"	"B.se"	"C.se"	"D.se"	"E.se"	"A.rate"	"B.rate"	"C.rate"	"D.rate"	"E.rate"
"768"	-0.104713377532571	-5.95702288929697	-0.257205513287942	-0.42581979954851	0.310657379986304	669875.881055449	0.673380649258984	0.815207852695269	0.230769230769231	0.384615384615385	0.230769230769231	0.230769230769231	0.230769230769231
