"B.beta"	"C.beta"	"D.beta"	"E.beta"	"B.se"	"C.se"	"D.se"	"E.se"	"A.rate"	"B.rate"	"C.rate"	"D.rate"	"E.rate"
"183"	-1.03260196402996	-0.597154036161942	-0.0147849236331378	-0.26476258899366	1.1289833862611	0.345861494254232	0.463478226239536	1.01678451909411	0.230769230769231	0.384615384615385	0.384615384615385	0.384615384615385	0.230769230769231
