"B.beta"	"C.beta"	"D.beta"	"E.beta"	"B.se"	"C.se"	"D.se"	"E.se"	"A.rate"	"B.rate"	"C.rate"	"D.rate"	"E.rate"
"958"	-0.743135538983413	-0.773168035012118	-0.52022513373219	-0.284693212948694	1.06412975771817	0.56359000391086	0.380637753181515	0.298479814206574	0.230769230769231	0.384615384615385	0.384615384615385	0.384615384615385	0.384615384615385
