"B.beta"	"C.beta"	"D.beta"	"E.beta"	"B.se"	"C.se"	"D.se"	"E.se"	"A.rate"	"B.rate"	"C.rate"	"D.rate"	"E.rate"
"567"	-0.828770550206808	-0.0310056088584608	-0.562433845997326	-1.13654182419186	0.337956598879334	0.334901768947434	1.09125024158171	1.12711155514773	0.230769230769231	0.384615384615385	0.230769230769231	0.384615384615385	0.230769230769231
