"B.beta"	"C.beta"	"D.beta"	"E.beta"	"B.se"	"C.se"	"D.se"	"E.se"	"A.rate"	"B.rate"	"C.rate"	"D.rate"	"E.rate"
"989"	-0.388018877221269	-0.773436381042271	-0.844626481893041	-0.219016058505424	0.500336996979277	0.64535984286543	0.48135693704456	0.474741736056476	0.230769230769231	0.384615384615385	0.384615384615385	0.230769230769231	0.384615384615385
