"B.beta"	"C.beta"	"D.beta"	"E.beta"	"B.se"	"C.se"	"D.se"	"E.se"	"A.rate"	"B.rate"	"C.rate"	"D.rate"	"E.rate"
"921"	-0.487357702482724	-0.384311924949257	-0.711566923121594	-0.368346073281263	0.807004359769882	0.27368972217445	0.74476739869779	1.08978484202897	0.230769230769231	0.384615384615385	0.384615384615385	0.230769230769231	0.230769230769231
