"B.beta"	"C.beta"	"D.beta"	"E.beta"	"B.se"	"C.se"	"D.se"	"E.se"	"A.rate"	"B.rate"	"C.rate"	"D.rate"	"E.rate"
"219"	-0.423522269947529	-0.568878851405816	-0.340296749943429	-0.14430129086677	0.354512898512788	0.310184367915966	0.995978745536556	0.514642532056353	0.230769230769231	0.384615384615385	0.384615384615385	0.230769230769231	0.230769230769231
