"B.beta"	"C.beta"	"D.beta"	"E.beta"	"B.se"	"C.se"	"D.se"	"E.se"	"A.rate"	"B.rate"	"C.rate"	"D.rate"	"E.rate"
"282"	-0.112522024633816	-0.776150895681228	-1.06346717362884	-0.59868351919524	0.274388609489539	0.523985642835058	1.49662984101084	0.432412462250915	0.230769230769231	0.384615384615385	0.230769230769231	0.230769230769231	0.230769230769231
