"B.beta"	"C.beta"	"D.beta"	"E.beta"	"B.se"	"C.se"	"D.se"	"E.se"	"A.rate"	"B.rate"	"C.rate"	"D.rate"	"E.rate"
"712"	-0.0558534518229623	-0.268951779568176	-0.591482848955673	0.129390821980775	0.894517767654654	0.667858165333492	1.18378462512417	0.574305613757715	0.230769230769231	0.384615384615385	0.384615384615385	0.230769230769231	0.230769230769231
