"B.beta"	"C.beta"	"D.beta"	"E.beta"	"B.se"	"C.se"	"D.se"	"E.se"	"A.rate"	"B.rate"	"C.rate"	"D.rate"	"E.rate"
"880"	-1.02366117203728	-0.225459909202832	-0.101103279288934	-0.153146971597364	0.580478612584081	0.749931646220306	0.524522868834538	0.366693609921152	0.230769230769231	0.384615384615385	0.384615384615385	0.384615384615385	0.230769230769231
