"B.beta"	"C.beta"	"D.beta"	"E.beta"	"B.se"	"C.se"	"D.se"	"E.se"	"A.rate"	"B.rate"	"C.rate"	"D.rate"	"E.rate"
"1005"	-0.362018472775874	-1.24920163940728	-0.985211796068693	-0.653408012379213	0.58129396395372	1.86117838415132	0.799672509243611	0.279578354536306	0.230769230769231	0.384615384615385	0.384615384615385	0.384615384615385	0.384615384615385
