"B.beta"	"C.beta"	"D.beta"	"E.beta"	"B.se"	"C.se"	"D.se"	"E.se"	"A.rate"	"B.rate"	"C.rate"	"D.rate"	"E.rate"
"767"	0.204031161000687	0.11311690382327	0.0608344040034427	0.0208869754110723	0.613793230178957	0.709462879347736	0.284555253445964	0.654494326063055	0.230769230769231	0.384615384615385	0.384615384615385	0.384615384615385	0.384615384615385
