"B.beta"	"C.beta"	"D.beta"	"E.beta"	"B.se"	"C.se"	"D.se"	"E.se"	"A.rate"	"B.rate"	"C.rate"	"D.rate"	"E.rate"
"135"	-0.0826384863162632	-0.689710196901367	-6.77569851561677	-1.09492250747428	0.326923564825885	0.797002605257938	1449507.61907968	1.04540848387692	0.230769230769231	0.384615384615385	0.384615384615385	0.230769230769231	0.230769230769231
