"B.beta"	"C.beta"	"D.beta"	"E.beta"	"B.se"	"C.se"	"D.se"	"E.se"	"A.rate"	"B.rate"	"C.rate"	"D.rate"	"E.rate"
"710"	-0.602731178386737	0.126319837617316	-0.228016081225892	-1.16352147757102	0.524982776703548	0.730417099766634	0.412487745226389	0.668774694917564	0.230769230769231	0.384615384615385	0.384615384615385	0.230769230769231	0.230769230769231
