"B.beta"	"C.beta"	"D.beta"	"E.beta"	"B.se"	"C.se"	"D.se"	"E.se"	"A.rate"	"B.rate"	"C.rate"	"D.rate"	"E.rate"
"1014"	-0.864517635178204	-0.466195760729649	-0.196725496565534	-0.336086810966221	0.388137340855027	0.724480392745579	0.552617840684826	0.586747535756991	0.230769230769231	0.384615384615385	0.384615384615385	0.384615384615385	0.230769230769231
