"B.beta"	"C.beta"	"D.beta"	"E.beta"	"B.se"	"C.se"	"D.se"	"E.se"	"A.rate"	"B.rate"	"C.rate"	"D.rate"	"E.rate"
"987"	-0.46492415937495	0.0153791926106101	0.0649575736073366	-0.267429134863382	0.311502338362063	0.368890738005626	0.647470171890622	0.392372331832393	0.230769230769231	0.384615384615385	0.384615384615385	0.230769230769231	0.230769230769231
