"B.beta"	"C.beta"	"D.beta"	"E.beta"	"B.se"	"C.se"	"D.se"	"E.se"	"A.rate"	"B.rate"	"C.rate"	"D.rate"	"E.rate"
"672"	-0.460553329553466	-0.304179181748892	-0.798480594026346	-0.24373084306566	0.332009199985134	0.487664360491338	0.896495244798254	1.1361433330857	0.230769230769231	0.384615384615385	0.384615384615385	0.384615384615385	0.230769230769231
