"B.beta"	"C.beta"	"D.beta"	"E.beta"	"B.se"	"C.se"	"D.se"	"E.se"	"A.rate"	"B.rate"	"C.rate"	"D.rate"	"E.rate"
"240"	-0.890307896863968	-0.283196559835739	-0.41084067947031	-0.617558909994521	1.42099071376795	0.388700642948314	0.550581316955731	1.20208217225552	0.230769230769231	0.384615384615385	0.384615384615385	0.384615384615385	0.230769230769231
