"B.beta"	"C.beta"	"D.beta"	"E.beta"	"B.se"	"C.se"	"D.se"	"E.se"	"A.rate"	"B.rate"	"C.rate"	"D.rate"	"E.rate"
"698"	0.0565720377229024	-0.10455459195945	-0.579026100328883	-6.46828906341786	0.971956766795549	0.432774000521825	0.531115606950382	709045.256544661	0.230769230769231	0.384615384615385	0.384615384615385	0.384615384615385	0.230769230769231
