"B.beta"	"C.beta"	"D.beta"	"E.beta"	"B.se"	"C.se"	"D.se"	"E.se"	"A.rate"	"B.rate"	"C.rate"	"D.rate"	"E.rate"
"63"	-0.502774928288967	-0.731497117219528	-0.498522178874187	-0.257182542301271	0.761764289628432	0.867665235987794	0.763064839241719	0.486293812024119	0.230769230769231	0.384615384615385	0.230769230769231	0.384615384615385	0.384615384615385
