"B.beta"	"C.beta"	"D.beta"	"E.beta"	"B.se"	"C.se"	"D.se"	"E.se"	"A.rate"	"B.rate"	"C.rate"	"D.rate"	"E.rate"
"918"	-0.839698600430513	-0.815549217156532	-0.485395384286541	-0.503303358453654	0.412804096096651	0.422588927256035	1.54028511192809	2.07338289040324	0.230769230769231	0.384615384615385	0.384615384615385	0.230769230769231	0.230769230769231
