"B.beta"	"C.beta"	"D.beta"	"E.beta"	"B.se"	"C.se"	"D.se"	"E.se"	"A.rate"	"B.rate"	"C.rate"	"D.rate"	"E.rate"
"928"	-0.0353077624130355	-0.298360727631471	-0.591657414457813	-0.264707233226293	0.259342180674211	0.470979058786084	0.73689018036568	0.372543345462278	0.230769230769231	0.384615384615385	0.384615384615385	0.384615384615385	0.230769230769231
