"B.beta"	"C.beta"	"D.beta"	"E.beta"	"B.se"	"C.se"	"D.se"	"E.se"	"A.rate"	"B.rate"	"C.rate"	"D.rate"	"E.rate"
"653"	-0.170392997674468	-0.441868237017176	-0.411988568078048	-0.980841566894061	0.393956121775969	0.264605177042221	1.50708386081837	0.858205922985457	0.230769230769231	0.384615384615385	0.384615384615385	0.230769230769231	0.384615384615385
