"B.beta"	"C.beta"	"D.beta"	"E.beta"	"B.se"	"C.se"	"D.se"	"E.se"	"A.rate"	"B.rate"	"C.rate"	"D.rate"	"E.rate"
"52"	-0.669603708965598	-0.662475936600703	-0.282556119808119	-0.758438696984324	0.708603025644514	0.402334925960048	0.404963415153112	3.16579969676633	0.230769230769231	0.384615384615385	0.230769230769231	0.384615384615385	0.230769230769231
