"B.beta"	"C.beta"	"D.beta"	"E.beta"	"B.se"	"C.se"	"D.se"	"E.se"	"A.rate"	"B.rate"	"C.rate"	"D.rate"	"E.rate"
"997"	-0.331674758134611	-0.354051925501949	0.0555956253023693	-0.742712954788401	0.441905290660423	1.2984221416934	0.792287721940056	0.879899522898312	0.230769230769231	0.384615384615385	0.384615384615385	0.384615384615385	0.230769230769231
