"B.beta"	"C.beta"	"D.beta"	"E.beta"	"B.se"	"C.se"	"D.se"	"E.se"	"A.rate"	"B.rate"	"C.rate"	"D.rate"	"E.rate"
"481"	-0.453726219862293	-0.212740922876799	-0.091513269895762	-0.183349353937706	0.811680405072405	0.328345932513668	0.695447090737901	0.799738925542904	0.230769230769231	0.384615384615385	0.384615384615385	0.384615384615385	0.230769230769231
