"B.beta"	"C.beta"	"D.beta"	"E.beta"	"B.se"	"C.se"	"D.se"	"E.se"	"A.rate"	"B.rate"	"C.rate"	"D.rate"	"E.rate"
"574"	-0.488426353427094	-0.916859311228319	-0.386271459323213	-0.415542972114585	0.927338269356226	0.683330375036118	0.332077571597816	0.354945743234695	0.230769230769231	0.384615384615385	0.230769230769231	0.384615384615385	0.384615384615385
