"B.beta"	"C.beta"	"D.beta"	"E.beta"	"B.se"	"C.se"	"D.se"	"E.se"	"A.rate"	"B.rate"	"C.rate"	"D.rate"	"E.rate"
"228"	-0.316102346197226	-0.02761311155379	-0.119340655680566	-0.866529872499481	2.04994249466773	0.334654329822679	0.444460730254841	0.740481643497514	0.230769230769231	0.384615384615385	0.384615384615385	0.384615384615385	0.230769230769231
