"B.beta"	"C.beta"	"D.beta"	"E.beta"	"B.se"	"C.se"	"D.se"	"E.se"	"A.rate"	"B.rate"	"C.rate"	"D.rate"	"E.rate"
"366"	-0.164818741171405	0.270922112391336	-0.507787051920699	-0.935928451315288	0.325064502944718	0.402816733721782	0.997480168991726	0.964204125530651	0.230769230769231	0.384615384615385	0.384615384615385	0.384615384615385	0.384615384615385
