"B.beta"	"C.beta"	"D.beta"	"E.beta"	"B.se"	"C.se"	"D.se"	"E.se"	"A.rate"	"B.rate"	"C.rate"	"D.rate"	"E.rate"
"212"	-0.46868241507898	-0.647425752953685	0.1625456407867	-1.37285116061702	0.888628450848389	0.48287880157055	0.494169823351068	2.56865060199118	0.230769230769231	0.384615384615385	0.384615384615385	0.230769230769231	0.230769230769231
