"B.beta"	"C.beta"	"D.beta"	"E.beta"	"B.se"	"C.se"	"D.se"	"E.se"	"A.rate"	"B.rate"	"C.rate"	"D.rate"	"E.rate"
"926"	-0.08695866526985	-0.72717610970062	-0.395207196744003	0.210225734065613	0.766126238850868	0.492687506498448	0.884063412285245	0.55014741515114	0.230769230769231	0.384615384615385	0.384615384615385	0.230769230769231	0.384615384615385
