"B.beta"	"C.beta"	"D.beta"	"E.beta"	"B.se"	"C.se"	"D.se"	"E.se"	"A.rate"	"B.rate"	"C.rate"	"D.rate"	"E.rate"
"575"	-0.452340656190825	-0.507168682371737	-0.0541440035625041	0.101541778846237	0.457794564774811	0.922201104449194	0.484365562661954	0.498945312666111	0.230769230769231	0.384615384615385	0.230769230769231	0.384615384615385	0.384615384615385
