"B.beta"	"C.beta"	"D.beta"	"E.beta"	"B.se"	"C.se"	"D.se"	"E.se"	"A.rate"	"B.rate"	"C.rate"	"D.rate"	"E.rate"
"586"	-0.889575895114267	-0.725710043923139	0.418358879972406	-0.824781808061577	1.3768897966451	0.428449628641295	1.01260984983276	1.48577782804667	0.230769230769231	0.384615384615385	0.384615384615385	0.230769230769231	0.230769230769231
