"B.beta"	"C.beta"	"D.beta"	"E.beta"	"B.se"	"C.se"	"D.se"	"E.se"	"A.rate"	"B.rate"	"C.rate"	"D.rate"	"E.rate"
"42"	-0.709795889949945	-1.09770225903177	-0.557789867345408	-0.62877176940965	0.690211110571327	1.57477603380124	0.374584428489566	0.546188522391787	0.230769230769231	0.384615384615385	0.230769230769231	0.384615384615385	0.230769230769231
