"B.beta"	"C.beta"	"D.beta"	"E.beta"	"B.se"	"C.se"	"D.se"	"E.se"	"A.rate"	"B.rate"	"C.rate"	"D.rate"	"E.rate"
"393"	-0.382150504796966	-0.129275109005697	-0.429562088269158	-0.707374350053285	0.313258989879881	0.563578952083217	2.1814813965008	0.503233310187607	0.230769230769231	0.384615384615385	0.384615384615385	0.230769230769231	0.230769230769231
