"B.beta"	"C.beta"	"D.beta"	"E.beta"	"B.se"	"C.se"	"D.se"	"E.se"	"A.rate"	"B.rate"	"C.rate"	"D.rate"	"E.rate"
"525"	-0.496600528803193	-0.0616334549020686	-0.121606757510379	-0.621356469157492	0.430845480604539	0.499426561114796	0.452906020032079	0.37729721667405	0.230769230769231	0.384615384615385	0.230769230769231	0.230769230769231	0.384615384615385
