"B.beta"	"C.beta"	"D.beta"	"E.beta"	"B.se"	"C.se"	"D.se"	"E.se"	"A.rate"	"B.rate"	"C.rate"	"D.rate"	"E.rate"
"40"	-1.3949610879683	-1.18999766453973	-0.433868999604486	-0.355641185031658	1.02075191529825	1.86871837148865	0.563788965232499	1.89413481526505	0.230769230769231	0.384615384615385	0.230769230769231	0.384615384615385	0.230769230769231
