"B.beta"	"C.beta"	"D.beta"	"E.beta"	"B.se"	"C.se"	"D.se"	"E.se"	"A.rate"	"B.rate"	"C.rate"	"D.rate"	"E.rate"
"47"	-0.991274330152855	-0.417359769329376	-0.594311844123442	-0.730063293467138	0.914367406128092	0.568904568021132	0.548667848431379	0.578310328786458	0.230769230769231	0.384615384615385	0.230769230769231	0.384615384615385	0.384615384615385
