"B.beta"	"C.beta"	"D.beta"	"E.beta"	"B.se"	"C.se"	"D.se"	"E.se"	"A.rate"	"B.rate"	"C.rate"	"D.rate"	"E.rate"
"944"	-0.312758182682875	-0.150898306092819	-0.622278881637728	-0.0386504359157025	0.392193808803635	0.611959368765224	0.344413475038959	0.689360354102151	0.230769230769231	0.384615384615385	0.384615384615385	0.384615384615385	0.230769230769231
