"B.beta"	"C.beta"	"D.beta"	"E.beta"	"B.se"	"C.se"	"D.se"	"E.se"	"A.rate"	"B.rate"	"C.rate"	"D.rate"	"E.rate"
"124"	-0.270362741827315	-0.611442976929875	-0.124388866701324	-0.211339347246121	0.590864434156723	0.561327252869338	0.610257127427689	0.273156308844932	0.230769230769231	0.384615384615385	0.384615384615385	0.384615384615385	0.384615384615385
