"B.beta"	"C.beta"	"D.beta"	"E.beta"	"B.se"	"C.se"	"D.se"	"E.se"	"A.rate"	"B.rate"	"C.rate"	"D.rate"	"E.rate"
"502"	-0.222987286964037	-0.716692343224616	0.0235218178588123	-0.772543067367108	0.653879905031931	0.665309585888881	0.938891135250463	1.12181148457081	0.230769230769231	0.384615384615385	0.384615384615385	0.384615384615385	0.230769230769231
