"B.beta"	"C.beta"	"D.beta"	"E.beta"	"B.se"	"C.se"	"D.se"	"E.se"	"A.rate"	"B.rate"	"C.rate"	"D.rate"	"E.rate"
"463"	-0.416032941696417	-0.166346276671328	-0.463243672406705	-0.165948190223275	0.837229206300439	0.408323078419074	0.807658117965685	1.07986853695122	0.230769230769231	0.384615384615385	0.384615384615385	0.230769230769231	0.384615384615385
