"B.beta"	"C.beta"	"D.beta"	"E.beta"	"B.se"	"C.se"	"D.se"	"E.se"	"A.rate"	"B.rate"	"C.rate"	"D.rate"	"E.rate"
"929"	-0.494814348272017	0.165765858746063	-0.58624154298036	-1.59241983428592	0.592517518514729	0.303823770302727	0.331463174046462	2.15788007794552	0.230769230769231	0.384615384615385	0.384615384615385	0.384615384615385	0.230769230769231
