"B.beta"	"C.beta"	"D.beta"	"E.beta"	"B.se"	"C.se"	"D.se"	"E.se"	"A.rate"	"B.rate"	"C.rate"	"D.rate"	"E.rate"
"920"	-0.104999857759407	-0.157965349760708	-0.262714804914957	-0.748127247844318	0.3855946424385	0.324851569430594	0.483709092658879	1.57806720769739	0.230769230769231	0.384615384615385	0.384615384615385	0.230769230769231	0.230769230769231
