"B.beta"	"C.beta"	"D.beta"	"E.beta"	"B.se"	"C.se"	"D.se"	"E.se"	"A.rate"	"B.rate"	"C.rate"	"D.rate"	"E.rate"
"988"	-0.0771685857800439	-0.555230387685692	-0.725302072231339	-1.25525296817602	0.621789318946161	0.969934897731368	0.604240788016764	0.839377672921159	0.230769230769231	0.384615384615385	0.384615384615385	0.230769230769231	0.384615384615385
