"B.beta"	"C.beta"	"D.beta"	"E.beta"	"B.se"	"C.se"	"D.se"	"E.se"	"A.rate"	"B.rate"	"C.rate"	"D.rate"	"E.rate"
"172"	-0.415309452612564	0.125017650754377	-0.602760266623525	-0.0365404561480654	1.02734649148108	0.341486297616217	0.460378806652475	0.563382676374962	0.230769230769231	0.384615384615385	0.384615384615385	0.384615384615385	0.384615384615385
