"B.beta"	"C.beta"	"D.beta"	"E.beta"	"B.se"	"C.se"	"D.se"	"E.se"	"A.rate"	"B.rate"	"C.rate"	"D.rate"	"E.rate"
"550"	-0.686941037032857	-0.77381825594875	-0.666465247110001	-0.671756092379638	0.576920408259948	0.952590146026449	0.632874189616795	0.925619029126151	0.230769230769231	0.384615384615385	0.230769230769231	0.384615384615385	0.230769230769231
