"B.beta"	"C.beta"	"D.beta"	"E.beta"	"B.se"	"C.se"	"D.se"	"E.se"	"A.rate"	"B.rate"	"C.rate"	"D.rate"	"E.rate"
"1016"	-1.16279436686898	-0.386945108839342	-0.283728862217458	-0.091515522841618	1.97515523150732	0.54166260708467	0.539287166352884	0.396974166405469	0.230769230769231	0.384615384615385	0.384615384615385	0.384615384615385	0.230769230769231
