"B.beta"	"C.beta"	"D.beta"	"E.beta"	"B.se"	"C.se"	"D.se"	"E.se"	"A.rate"	"B.rate"	"C.rate"	"D.rate"	"E.rate"
"28"	-0.644000125292472	-0.128389496422748	0.0507119539643225	-0.302530985132915	0.287033074287707	0.497032228224368	1.29472389206762	0.58223697844095	0.230769230769231	0.384615384615385	0.230769230769231	0.230769230769231	0.384615384615385
