"B.beta"	"C.beta"	"D.beta"	"E.beta"	"B.se"	"C.se"	"D.se"	"E.se"	"A.rate"	"B.rate"	"C.rate"	"D.rate"	"E.rate"
"964"	-0.528446560178119	-0.275583872918928	-0.172143019524182	-1.04842718297896	1.0121846232777	0.477570564660919	0.70491391112341	1.32439463638567	0.230769230769231	0.384615384615385	0.384615384615385	0.230769230769231	0.230769230769231
