"B.beta"	"C.beta"	"D.beta"	"E.beta"	"B.se"	"C.se"	"D.se"	"E.se"	"A.rate"	"B.rate"	"C.rate"	"D.rate"	"E.rate"
"629"	-0.647239853171076	-0.26667869039115	-0.433503963360065	-0.85586437752136	1.89948140098565	0.358390377876468	0.713928954524438	2.26018056069417	0.230769230769231	0.384615384615385	0.384615384615385	0.384615384615385	0.230769230769231
