"B.beta"	"C.beta"	"D.beta"	"E.beta"	"B.se"	"C.se"	"D.se"	"E.se"	"A.rate"	"B.rate"	"C.rate"	"D.rate"	"E.rate"
"546"	0.0169102824373409	-0.471471894874596	-0.475991412537284	-0.13878096112344	0.424610763976789	1.93320733472492	0.438566912200466	0.367987555519614	0.230769230769231	0.384615384615385	0.230769230769231	0.384615384615385	0.230769230769231
