"B.beta"	"C.beta"	"D.beta"	"E.beta"	"B.se"	"C.se"	"D.se"	"E.se"	"A.rate"	"B.rate"	"C.rate"	"D.rate"	"E.rate"
"122"	-0.535180585329162	-0.0807851001021752	-0.259274949631912	0.0407976321651781	0.990352236160412	0.316444875133158	0.341879780679957	0.518326167921552	0.230769230769231	0.384615384615385	0.384615384615385	0.384615384615385	0.230769230769231
