"B.beta"	"C.beta"	"D.beta"	"E.beta"	"B.se"	"C.se"	"D.se"	"E.se"	"A.rate"	"B.rate"	"C.rate"	"D.rate"	"E.rate"
"78"	-0.465453592076412	-0.383432138647198	-0.577537753712364	-0.821945626773751	0.384989260894909	0.29526231499623	0.549832667389743	0.433564558685996	0.230769230769231	0.384615384615385	0.384615384615385	0.230769230769231	0.384615384615385
