"B.beta"	"C.beta"	"D.beta"	"E.beta"	"B.se"	"C.se"	"D.se"	"E.se"	"A.rate"	"B.rate"	"C.rate"	"D.rate"	"E.rate"
"323"	-0.478119917339996	-0.228341103336533	-1.18952361332344	0.269483594175952	1.35910663082019	0.300720185655497	0.669115345845136	0.381885967870001	0.230769230769231	0.384615384615385	0.384615384615385	0.230769230769231	0.230769230769231
