"B.beta"	"C.beta"	"D.beta"	"E.beta"	"B.se"	"C.se"	"D.se"	"E.se"	"A.rate"	"B.rate"	"C.rate"	"D.rate"	"E.rate"
"934"	-0.264055802080954	-0.532251498627425	-0.50488323276131	-0.976726464746431	0.697029860175185	0.650026736437325	0.66836246784068	1.07301611933704	0.230769230769231	0.384615384615385	0.384615384615385	0.384615384615385	0.230769230769231
