"B.beta"	"C.beta"	"D.beta"	"E.beta"	"B.se"	"C.se"	"D.se"	"E.se"	"A.rate"	"B.rate"	"C.rate"	"D.rate"	"E.rate"
"671"	-0.537347753141923	-0.432623059934546	-0.962454534174892	-0.0212636576776724	0.549589798899122	0.376058666670158	0.652984724295828	0.358201238435127	0.230769230769231	0.384615384615385	0.384615384615385	0.230769230769231	0.384615384615385
