"B.beta"	"C.beta"	"D.beta"	"E.beta"	"B.se"	"C.se"	"D.se"	"E.se"	"A.rate"	"B.rate"	"C.rate"	"D.rate"	"E.rate"
"728"	0.155450265469519	-0.235087121701876	0.0741945047665155	-0.418108274016243	0.483130764064998	0.374151926976169	0.328258325327116	1.99120007735099	0.230769230769231	0.384615384615385	0.384615384615385	0.230769230769231	0.230769230769231
