"B.beta"	"C.beta"	"D.beta"	"E.beta"	"B.se"	"C.se"	"D.se"	"E.se"	"A.rate"	"B.rate"	"C.rate"	"D.rate"	"E.rate"
"387"	-0.282195364823833	0.0709874686346165	-6.22022400740802	-0.745360430972502	0.562065547654244	0.944223394327292	582934.862753191	0.760059425659205	0.230769230769231	0.384615384615385	0.384615384615385	0.230769230769231	0.230769230769231
