"B.beta"	"C.beta"	"D.beta"	"E.beta"	"B.se"	"C.se"	"D.se"	"E.se"	"A.rate"	"B.rate"	"C.rate"	"D.rate"	"E.rate"
"748"	0.211176896500077	-0.284887676264452	-0.385305293199115	-1.05436941849219	0.511286636452835	0.860316162912779	0.726491614715844	0.634671534428206	0.230769230769231	0.384615384615385	0.384615384615385	0.384615384615385	0.384615384615385
