"B.beta"	"C.beta"	"D.beta"	"E.beta"	"B.se"	"C.se"	"D.se"	"E.se"	"A.rate"	"B.rate"	"C.rate"	"D.rate"	"E.rate"
"765"	-0.473966161471632	-0.800377010261163	-0.110347199003252	-0.981629821804161	0.826881439667156	1.13370706738593	0.478232075137073	1.18644448991574	0.230769230769231	0.384615384615385	0.384615384615385	0.384615384615385	0.384615384615385
