"B.beta"	"C.beta"	"D.beta"	"E.beta"	"B.se"	"C.se"	"D.se"	"E.se"	"A.rate"	"B.rate"	"C.rate"	"D.rate"	"E.rate"
"285"	-0.0628979349765066	-0.800216478703033	-0.173474750883865	-0.293637996754829	0.245291190878085	0.744784361002069	0.445063382816254	0.428879093832468	0.230769230769231	0.384615384615385	0.230769230769231	0.230769230769231	0.384615384615385
