"B.beta"	"C.beta"	"D.beta"	"E.beta"	"B.se"	"C.se"	"D.se"	"E.se"	"A.rate"	"B.rate"	"C.rate"	"D.rate"	"E.rate"
"288"	-0.364060008069175	-0.592660382275034	-0.284574068518009	-0.409500421402195	0.466606884592006	0.649646236971541	0.466598935137706	0.563784910129282	0.230769230769231	0.384615384615385	0.230769230769231	0.384615384615385	0.230769230769231
