"B.beta"	"C.beta"	"D.beta"	"E.beta"	"B.se"	"C.se"	"D.se"	"E.se"	"A.rate"	"B.rate"	"C.rate"	"D.rate"	"E.rate"
"166"	-0.222037353307952	-0.256653951710574	-0.502417269411392	-1.46818454047093	0.682185517866019	0.747071272190002	0.474683143264018	1.18456003769183	0.230769230769231	0.384615384615385	0.384615384615385	0.384615384615385	0.230769230769231
