"B.beta"	"C.beta"	"D.beta"	"E.beta"	"B.se"	"C.se"	"D.se"	"E.se"	"A.rate"	"B.rate"	"C.rate"	"D.rate"	"E.rate"
"279"	-0.262085054789796	-0.424939246337829	-0.379126490632951	0.138720973925109	0.280351368595425	0.451031587575632	0.632958002602966	0.331373758192166	0.230769230769231	0.384615384615385	0.230769230769231	0.230769230769231	0.230769230769231
