"B.beta"	"C.beta"	"D.beta"	"E.beta"	"B.se"	"C.se"	"D.se"	"E.se"	"A.rate"	"B.rate"	"C.rate"	"D.rate"	"E.rate"
"569"	-0.276301819813163	-0.460774288015468	-1.40807247743591	-0.768191203143261	0.457969444028366	0.44905172665195	0.602942518221753	0.587418346682403	0.230769230769231	0.384615384615385	0.230769230769231	0.384615384615385	0.230769230769231
