"B.beta"	"C.beta"	"D.beta"	"E.beta"	"B.se"	"C.se"	"D.se"	"E.se"	"A.rate"	"B.rate"	"C.rate"	"D.rate"	"E.rate"
"398"	-0.322632782447107	-0.506082792387039	-0.590815111087881	-0.868166080820633	0.541143860818468	0.34093811105812	0.709464401933287	0.630984132738467	0.230769230769231	0.384615384615385	0.384615384615385	0.230769230769231	0.384615384615385
