"B.beta"	"C.beta"	"D.beta"	"E.beta"	"B.se"	"C.se"	"D.se"	"E.se"	"A.rate"	"B.rate"	"C.rate"	"D.rate"	"E.rate"
"763"	-0.600420202949929	-0.672048869798704	-0.00431573043598585	-0.953675412188512	0.483966303054735	0.519002524798913	0.297349308476259	1.09581706623405	0.230769230769231	0.384615384615385	0.384615384615385	0.384615384615385	0.230769230769231
