"B.beta"	"C.beta"	"D.beta"	"E.beta"	"B.se"	"C.se"	"D.se"	"E.se"	"A.rate"	"B.rate"	"C.rate"	"D.rate"	"E.rate"
"711"	-0.710976598634153	-1.32633298635688	-0.618112007709698	-1.13901028895363	0.362839816323684	0.504038052360998	0.432036722186335	0.97439224693434	0.230769230769231	0.384615384615385	0.384615384615385	0.230769230769231	0.230769230769231
