"B.beta"	"C.beta"	"D.beta"	"E.beta"	"B.se"	"C.se"	"D.se"	"E.se"	"A.rate"	"B.rate"	"C.rate"	"D.rate"	"E.rate"
"92"	-0.431256775491344	-0.41352880134527	-0.591011068369655	-0.042462796972715	1.02226037186212	0.634553871732125	0.741637003441923	0.520036102481857	0.230769230769231	0.384615384615385	0.384615384615385	0.230769230769231	0.384615384615385
