"B.beta"	"C.beta"	"D.beta"	"E.beta"	"B.se"	"C.se"	"D.se"	"E.se"	"A.rate"	"B.rate"	"C.rate"	"D.rate"	"E.rate"
"626"	-0.592009177450801	0.0457916276019727	-0.71568015212421	-0.00572788558990472	0.319283249513636	0.603238338358716	0.390405939789323	1.26536942480899	0.230769230769231	0.384615384615385	0.384615384615385	0.384615384615385	0.230769230769231
