"B.beta"	"C.beta"	"D.beta"	"E.beta"	"B.se"	"C.se"	"D.se"	"E.se"	"A.rate"	"B.rate"	"C.rate"	"D.rate"	"E.rate"
"828"	0.0174455677611438	0.373923939746365	-0.427658730082991	-0.360225708792855	0.758930847277105	0.702682383410572	0.722075887017656	0.504414060059432	0.230769230769231	0.384615384615385	0.230769230769231	0.384615384615385	0.384615384615385
