"B.beta"	"C.beta"	"D.beta"	"E.beta"	"B.se"	"C.se"	"D.se"	"E.se"	"A.rate"	"B.rate"	"C.rate"	"D.rate"	"E.rate"
"301"	-0.832398606149979	-1.15244529125177	-0.488599311113149	-0.381763306173853	0.465666025659894	0.726592688415174	0.339779579579806	0.55920495736458	0.230769230769231	0.384615384615385	0.230769230769231	0.384615384615385	0.384615384615385
