"B.beta"	"C.beta"	"D.beta"	"E.beta"	"B.se"	"C.se"	"D.se"	"E.se"	"A.rate"	"B.rate"	"C.rate"	"D.rate"	"E.rate"
"650"	-0.556092748069221	-0.738344086786303	-0.655144139756953	-0.448047319781546	0.818472460516906	0.441953823927901	0.624374521705752	0.46026325318376	0.230769230769231	0.384615384615385	0.384615384615385	0.230769230769231	0.230769230769231
