"B.beta"	"C.beta"	"D.beta"	"E.beta"	"B.se"	"C.se"	"D.se"	"E.se"	"A.rate"	"B.rate"	"C.rate"	"D.rate"	"E.rate"
"936"	-0.390435729265583	-0.075801972610957	-0.52239820662674	0.1794262711657	0.898316865703064	0.652153001104362	1.01901872233743	1.01018000975442	0.230769230769231	0.384615384615385	0.384615384615385	0.384615384615385	0.230769230769231
