"B.beta"	"C.beta"	"D.beta"	"E.beta"	"B.se"	"C.se"	"D.se"	"E.se"	"A.rate"	"B.rate"	"C.rate"	"D.rate"	"E.rate"
"889"	-0.292234709542076	-0.0874005788187912	-0.906196523611156	-0.320785432613284	0.473119328043071	0.811961933710571	0.424811238310674	0.447289954833563	0.230769230769231	0.384615384615385	0.384615384615385	0.384615384615385	0.230769230769231
