"B.beta"	"C.beta"	"D.beta"	"E.beta"	"B.se"	"C.se"	"D.se"	"E.se"	"A.rate"	"B.rate"	"C.rate"	"D.rate"	"E.rate"
"914"	-0.144652242052912	-0.050434534112565	-0.809969126654025	-0.121795875784801	1.00056549717857	0.875207869937573	0.95907004101866	0.709059316702328	0.230769230769231	0.384615384615385	0.384615384615385	0.230769230769231	0.230769230769231
