"B.beta"	"C.beta"	"D.beta"	"E.beta"	"B.se"	"C.se"	"D.se"	"E.se"	"A.rate"	"B.rate"	"C.rate"	"D.rate"	"E.rate"
"61"	-0.0551635751355829	-0.257242374431495	-0.740496900715669	-0.202092229726424	0.246784557212045	0.722808244661432	0.651559603361404	0.352254777782101	0.230769230769231	0.384615384615385	0.230769230769231	0.384615384615385	0.384615384615385
