"B.beta"	"C.beta"	"D.beta"	"E.beta"	"B.se"	"C.se"	"D.se"	"E.se"	"A.rate"	"B.rate"	"C.rate"	"D.rate"	"E.rate"
"668"	-1.37726728240792	-1.00111739744577	-1.5247550458258	-0.547423776911664	1.70935810641736	0.698765056665397	0.991682785302191	1.32849547866945	0.230769230769231	0.384615384615385	0.384615384615385	0.230769230769231	0.384615384615385
