"B.beta"	"C.beta"	"D.beta"	"E.beta"	"B.se"	"C.se"	"D.se"	"E.se"	"A.rate"	"B.rate"	"C.rate"	"D.rate"	"E.rate"
"310"	-0.398316060305619	-0.985722474029008	-0.250758608829182	-0.427435515806991	0.296183968202566	0.58181384769319	0.701088677291178	1.05882527548172	0.230769230769231	0.384615384615385	0.230769230769231	0.384615384615385	0.230769230769231
