"B.beta"	"C.beta"	"D.beta"	"E.beta"	"B.se"	"C.se"	"D.se"	"E.se"	"A.rate"	"B.rate"	"C.rate"	"D.rate"	"E.rate"
"1009"	-0.228755260465292	0.0174569491190835	-0.92541728852747	-0.398028904909735	0.55779174624473	1.03140179555188	0.425944522162331	0.374313236497743	0.230769230769231	0.384615384615385	0.384615384615385	0.384615384615385	0.230769230769231
