"B.beta"	"C.beta"	"D.beta"	"E.beta"	"B.se"	"C.se"	"D.se"	"E.se"	"A.rate"	"B.rate"	"C.rate"	"D.rate"	"E.rate"
"523"	-0.255795814928983	-0.324040403898818	-0.71059835864677	-0.670411880122814	0.359398764219054	0.778033558053648	3.20075362511413	0.441875498792832	0.230769230769231	0.384615384615385	0.230769230769231	0.230769230769231	0.230769230769231
