"B.beta"	"C.beta"	"D.beta"	"E.beta"	"B.se"	"C.se"	"D.se"	"E.se"	"A.rate"	"B.rate"	"C.rate"	"D.rate"	"E.rate"
"365"	-0.161595964088352	-0.388763305106948	-0.492654638226309	-0.972233862052506	0.335876754867498	0.767199026065681	0.370406012693178	0.359917330631964	0.230769230769231	0.384615384615385	0.384615384615385	0.384615384615385	0.384615384615385
