"B.beta"	"C.beta"	"D.beta"	"E.beta"	"B.se"	"C.se"	"D.se"	"E.se"	"A.rate"	"B.rate"	"C.rate"	"D.rate"	"E.rate"
"611"	0.0743522158304075	-0.22245474311425	0.0435857456451687	0.335938657181635	0.26224951758474	1.48000414702512	0.398600561626096	0.397616548775084	0.230769230769231	0.384615384615385	0.384615384615385	0.384615384615385	0.230769230769231
