"B.beta"	"C.beta"	"D.beta"	"E.beta"	"B.se"	"C.se"	"D.se"	"E.se"	"A.rate"	"B.rate"	"C.rate"	"D.rate"	"E.rate"
"195"	-0.17749274753316	-0.578077406609543	-0.0502867988593543	-0.757988243825575	0.277752235624934	0.466066231591618	0.471497167202008	0.606776133681414	0.230769230769231	0.384615384615385	0.384615384615385	0.230769230769231	0.230769230769231
