"B.beta"	"C.beta"	"D.beta"	"E.beta"	"B.se"	"C.se"	"D.se"	"E.se"	"A.rate"	"B.rate"	"C.rate"	"D.rate"	"E.rate"
"322"	-0.361910154612986	-0.0144778596922172	0.0756155307858921	0.131285749313393	0.499084353044674	0.759950148590276	0.559863538405025	0.511802113038977	0.230769230769231	0.384615384615385	0.384615384615385	0.230769230769231	0.230769230769231
