"B.beta"	"C.beta"	"D.beta"	"E.beta"	"B.se"	"C.se"	"D.se"	"E.se"	"A.rate"	"B.rate"	"C.rate"	"D.rate"	"E.rate"
"37"	-0.950003737029574	-0.842208666865663	0.295618836273276	-0.4480334529605	0.645032228451533	0.41083696430205	0.361347387647922	2.03460567899781	0.230769230769231	0.384615384615385	0.230769230769231	0.384615384615385	0.230769230769231
