"B.beta"	"C.beta"	"D.beta"	"E.beta"	"B.se"	"C.se"	"D.se"	"E.se"	"A.rate"	"B.rate"	"C.rate"	"D.rate"	"E.rate"
"217"	-0.3540508870991	-0.902425008965536	-0.568574251036183	-0.51245391423886	0.262070069055589	0.559753285426015	0.551223436039912	1.03559273937945	0.230769230769231	0.384615384615385	0.384615384615385	0.230769230769231	0.230769230769231
