"B.beta"	"C.beta"	"D.beta"	"E.beta"	"B.se"	"C.se"	"D.se"	"E.se"	"A.rate"	"B.rate"	"C.rate"	"D.rate"	"E.rate"
"648"	-0.663125426412133	0.121731447723541	-0.629198357103911	-0.621375837724739	1.01587921190353	0.800429192713953	0.553133752041124	0.627398241666336	0.230769230769231	0.384615384615385	0.384615384615385	0.230769230769231	0.230769230769231
