"B.beta"	"C.beta"	"D.beta"	"E.beta"	"B.se"	"C.se"	"D.se"	"E.se"	"A.rate"	"B.rate"	"C.rate"	"D.rate"	"E.rate"
"959"	-0.435704864221944	-0.264648782273278	-0.251655128188285	-1.10668066630823	1.11131591186484	0.711519257659216	0.313598267214794	0.928117339664116	0.230769230769231	0.384615384615385	0.384615384615385	0.384615384615385	0.384615384615385
