"B.beta"	"C.beta"	"D.beta"	"E.beta"	"B.se"	"C.se"	"D.se"	"E.se"	"A.rate"	"B.rate"	"C.rate"	"D.rate"	"E.rate"
"522"	-0.806082134991368	0.147307701885845	-1.48790992584143	-0.255640382209208	0.456083754025315	0.542036859155157	1.0554905332744	0.649480711246595	0.230769230769231	0.384615384615385	0.230769230769231	0.230769230769231	0.230769230769231
