"B.beta"	"C.beta"	"D.beta"	"E.beta"	"B.se"	"C.se"	"D.se"	"E.se"	"A.rate"	"B.rate"	"C.rate"	"D.rate"	"E.rate"
"689"	-0.481791822809988	-0.180077686417378	-0.485007403665014	0.123707369512912	1.00835806631648	0.271841625561324	0.372015129566802	0.384357685044817	0.230769230769231	0.384615384615385	0.384615384615385	0.384615384615385	0.230769230769231
