"B.beta"	"C.beta"	"D.beta"	"E.beta"	"B.se"	"C.se"	"D.se"	"E.se"	"A.rate"	"B.rate"	"C.rate"	"D.rate"	"E.rate"
"749"	-1.09742112173175	-0.242267964743925	0.0333261555509796	-0.793525026534217	0.874186838569682	0.373746316702101	0.400026587492471	1.37735655541211	0.230769230769231	0.384615384615385	0.384615384615385	0.384615384615385	0.384615384615385
