"B.beta"	"C.beta"	"D.beta"	"E.beta"	"B.se"	"C.se"	"D.se"	"E.se"	"A.rate"	"B.rate"	"C.rate"	"D.rate"	"E.rate"
"783"	-0.266087431538709	0.0837237698621935	-0.397539599191087	-0.173097898725105	0.544421154536952	0.471031163018791	0.808879687752868	0.466488284956227	0.230769230769231	0.384615384615385	0.230769230769231	0.230769230769231	0.384615384615385
