"B.beta"	"C.beta"	"D.beta"	"E.beta"	"B.se"	"C.se"	"D.se"	"E.se"	"A.rate"	"B.rate"	"C.rate"	"D.rate"	"E.rate"
"579"	-0.384623669075336	-0.16235566895755	-0.598455114770865	-0.662931582290673	0.573832149974645	0.70421778899609	0.43048206658056	0.899877935615769	0.230769230769231	0.384615384615385	0.384615384615385	0.230769230769231	0.230769230769231
