"B.beta"	"C.beta"	"D.beta"	"E.beta"	"B.se"	"C.se"	"D.se"	"E.se"	"A.rate"	"B.rate"	"C.rate"	"D.rate"	"E.rate"
"884"	-0.0995098684793617	-0.541120241009887	-0.323025610115889	-0.719823187678092	0.451671337185061	0.874427304072894	0.309333612265724	0.725914916414675	0.230769230769231	0.384615384615385	0.384615384615385	0.384615384615385	0.230769230769231
