"B.beta"	"C.beta"	"D.beta"	"E.beta"	"B.se"	"C.se"	"D.se"	"E.se"	"A.rate"	"B.rate"	"C.rate"	"D.rate"	"E.rate"
"966"	-1.02683399865844	-0.692899604176542	-0.0534398752313387	-0.367141831448544	0.464172067759465	0.59316373852863	0.73379161331748	0.465472509486163	0.230769230769231	0.384615384615385	0.384615384615385	0.230769230769231	0.230769230769231
