"B.beta"	"C.beta"	"D.beta"	"E.beta"	"B.se"	"C.se"	"D.se"	"E.se"	"A.rate"	"B.rate"	"C.rate"	"D.rate"	"E.rate"
"646"	-0.245705607367135	-0.484493736768556	-0.157611166813705	-1.2923837518557	0.502074293699966	0.471863077811244	0.583431718071652	1.22621119426822	0.230769230769231	0.384615384615385	0.384615384615385	0.230769230769231	0.230769230769231
