"B.beta"	"C.beta"	"D.beta"	"E.beta"	"B.se"	"C.se"	"D.se"	"E.se"	"A.rate"	"B.rate"	"C.rate"	"D.rate"	"E.rate"
"312"	-0.912330771571289	-0.13347968554493	-0.672953526121031	-0.559518495366466	0.800843436367855	1.50931889761642	0.491768977990591	0.684411036007316	0.230769230769231	0.384615384615385	0.230769230769231	0.384615384615385	0.230769230769231
