"B.beta"	"C.beta"	"D.beta"	"E.beta"	"B.se"	"C.se"	"D.se"	"E.se"	"A.rate"	"B.rate"	"C.rate"	"D.rate"	"E.rate"
"970"	-1.11768706740026	-1.11937552136584	-0.75906836640099	-0.881785540171045	0.668752230214527	1.0476880599189	0.876910808120079	0.970422501957498	0.230769230769231	0.384615384615385	0.384615384615385	0.230769230769231	0.230769230769231
