"B.beta"	"C.beta"	"D.beta"	"E.beta"	"B.se"	"C.se"	"D.se"	"E.se"	"A.rate"	"B.rate"	"C.rate"	"D.rate"	"E.rate"
"778"	-0.154381876454962	0.105420564674295	-0.287582692537266	-1.71558272486708	0.765661535967251	0.78461173884665	0.810307371451184	1.0655374589591	0.230769230769231	0.384615384615385	0.230769230769231	0.230769230769231	0.230769230769231
