"B.beta"	"C.beta"	"D.beta"	"E.beta"	"B.se"	"C.se"	"D.se"	"E.se"	"A.rate"	"B.rate"	"C.rate"	"D.rate"	"E.rate"
"602"	-0.614781455889341	-0.0836494204930694	-0.368675010480135	-0.949076150259203	0.389086049744629	0.30906055303201	0.912670417659428	0.585987191647476	0.230769230769231	0.384615384615385	0.384615384615385	0.230769230769231	0.230769230769231
