"B.beta"	"C.beta"	"D.beta"	"E.beta"	"B.se"	"C.se"	"D.se"	"E.se"	"A.rate"	"B.rate"	"C.rate"	"D.rate"	"E.rate"
"326"	-0.139544216112999	-0.793202735873952	-0.131019875495717	-0.647033244835899	0.557582742680431	0.471052216949151	0.455959751507421	0.71703808835845	0.230769230769231	0.384615384615385	0.384615384615385	0.230769230769231	0.230769230769231
