"B.beta"	"C.beta"	"D.beta"	"E.beta"	"B.se"	"C.se"	"D.se"	"E.se"	"A.rate"	"B.rate"	"C.rate"	"D.rate"	"E.rate"
"177"	0.167647439254173	-0.581232632724446	0.294016498937304	-0.405020580336047	0.339255451291432	0.679328034414304	0.469095150979956	0.775822986140003	0.230769230769231	0.384615384615385	0.384615384615385	0.384615384615385	0.230769230769231
