"B.beta"	"C.beta"	"D.beta"	"E.beta"	"B.se"	"C.se"	"D.se"	"E.se"	"A.rate"	"B.rate"	"C.rate"	"D.rate"	"E.rate"
"449"	-0.0327617275961475	0.0134132597797109	-0.322252883330835	-0.735702438731259	0.29850641345221	0.454684019744976	0.37266449019363	0.615971731420888	0.230769230769231	0.384615384615385	0.384615384615385	0.230769230769231	0.230769230769231
