"B.beta"	"C.beta"	"D.beta"	"E.beta"	"B.se"	"C.se"	"D.se"	"E.se"	"A.rate"	"B.rate"	"C.rate"	"D.rate"	"E.rate"
"429"	0.137022490335874	-0.261252077972747	-0.166916837988184	0.180501305723129	0.452544938025907	0.390533663902161	0.36072789730118	0.552554601054236	0.230769230769231	0.384615384615385	0.384615384615385	0.384615384615385	0.384615384615385
