"B.beta"	"C.beta"	"D.beta"	"E.beta"	"B.se"	"C.se"	"D.se"	"E.se"	"A.rate"	"B.rate"	"C.rate"	"D.rate"	"E.rate"
"260"	-0.506004883299494	-0.892455293208664	-0.722165627392351	-0.489183092394787	0.342619046077387	1.10900190500537	0.521461840723858	0.917134135144004	0.230769230769231	0.384615384615385	0.230769230769231	0.230769230769231	0.230769230769231
