"B.beta"	"C.beta"	"D.beta"	"E.beta"	"B.se"	"C.se"	"D.se"	"E.se"	"A.rate"	"B.rate"	"C.rate"	"D.rate"	"E.rate"
"95"	-0.428474775152799	-0.789958950198754	-0.903414226029325	-0.366591191476035	0.30629355657301	0.911333009001859	0.888064285854296	0.736700269415482	0.230769230769231	0.384615384615385	0.384615384615385	0.230769230769231	0.384615384615385
