"B.beta"	"C.beta"	"D.beta"	"E.beta"	"B.se"	"C.se"	"D.se"	"E.se"	"A.rate"	"B.rate"	"C.rate"	"D.rate"	"E.rate"
"664"	-0.307816477587261	-0.414586267566308	-0.665632390661458	-0.457755718036872	0.883138489255314	0.343849322109803	1.85626784022468	1.90097765857401	0.230769230769231	0.384615384615385	0.384615384615385	0.230769230769231	0.230769230769231
