"B.beta"	"C.beta"	"D.beta"	"E.beta"	"B.se"	"C.se"	"D.se"	"E.se"	"A.rate"	"B.rate"	"C.rate"	"D.rate"	"E.rate"
"173"	-0.066267366693207	-0.618080670035265	-0.354269935530998	-0.211461776500058	0.241178924316447	0.240791070039449	1.55520933339145	0.503825546330697	0.230769230769231	0.384615384615385	0.384615384615385	0.384615384615385	0.384615384615385
