"B.beta"	"C.beta"	"D.beta"	"E.beta"	"B.se"	"C.se"	"D.se"	"E.se"	"A.rate"	"B.rate"	"C.rate"	"D.rate"	"E.rate"
"543"	-0.334410188495406	-0.0229025044507972	0.0635649277193013	-0.524574921075449	0.303974362748136	0.463847421224635	0.538502529039712	0.506359550814454	0.230769230769231	0.384615384615385	0.230769230769231	0.230769230769231	0.384615384615385
