"B.beta"	"C.beta"	"D.beta"	"E.beta"	"B.se"	"C.se"	"D.se"	"E.se"	"A.rate"	"B.rate"	"C.rate"	"D.rate"	"E.rate"
"870"	-0.999040377585945	0.148096552740391	-0.952895646150792	-0.778288408144789	0.797810400585922	0.537692554511171	0.328008624180053	1.04556376508509	0.230769230769231	0.384615384615385	0.384615384615385	0.384615384615385	0.230769230769231
