"B.beta"	"C.beta"	"D.beta"	"E.beta"	"B.se"	"C.se"	"D.se"	"E.se"	"A.rate"	"B.rate"	"C.rate"	"D.rate"	"E.rate"
"955"	-0.667197930930274	-0.832547244581467	-0.745279816960527	-0.575789910848453	0.703599670323994	1.06389164148782	0.532417051697496	0.973426823947652	0.230769230769231	0.384615384615385	0.384615384615385	0.384615384615385	0.230769230769231
