"B.beta"	"C.beta"	"D.beta"	"E.beta"	"B.se"	"C.se"	"D.se"	"E.se"	"A.rate"	"B.rate"	"C.rate"	"D.rate"	"E.rate"
"258"	-0.802310956688983	-0.9549618025448	-0.61660960170472	-0.0395416649069635	0.419366586156692	1.9015401767445	0.539720859872583	0.780609229709362	0.230769230769231	0.384615384615385	0.230769230769231	0.230769230769231	0.230769230769231
