"B.beta"	"C.beta"	"D.beta"	"E.beta"	"B.se"	"C.se"	"D.se"	"E.se"	"A.rate"	"B.rate"	"C.rate"	"D.rate"	"E.rate"
"227"	-0.245908313756206	0.00614029709671873	-0.353783273667609	-0.296190912076036	0.549993187308417	0.277113215683142	0.92901821982951	0.548813864443047	0.230769230769231	0.384615384615385	0.384615384615385	0.384615384615385	0.230769230769231
