"B.beta"	"C.beta"	"D.beta"	"E.beta"	"B.se"	"C.se"	"D.se"	"E.se"	"A.rate"	"B.rate"	"C.rate"	"D.rate"	"E.rate"
"281"	-0.58041280173067	-1.16629188342789	-0.135482085258367	-1.08341091964238	0.376933346419464	1.29344550354355	0.787585264864517	1.79711071286803	0.230769230769231	0.384615384615385	0.230769230769231	0.230769230769231	0.230769230769231
