"B.beta"	"C.beta"	"D.beta"	"E.beta"	"B.se"	"C.se"	"D.se"	"E.se"	"A.rate"	"B.rate"	"C.rate"	"D.rate"	"E.rate"
"401"	-0.0968282482661206	-0.783924954700012	-0.985606354157743	-0.752072547416813	0.454659055866389	0.384645658483755	0.708951956402	1.75246554164765	0.230769230769231	0.384615384615385	0.384615384615385	0.230769230769231	0.230769230769231
