"B.beta"	"C.beta"	"D.beta"	"E.beta"	"B.se"	"C.se"	"D.se"	"E.se"	"A.rate"	"B.rate"	"C.rate"	"D.rate"	"E.rate"
"800"	-0.845318291372995	-0.510124337637624	-0.426692726707368	-0.361393990055786	0.627232610384076	1.04125384008495	0.466680788122425	0.84355100317745	0.230769230769231	0.384615384615385	0.230769230769231	0.384615384615385	0.230769230769231
