"B.beta"	"C.beta"	"D.beta"	"E.beta"	"B.se"	"C.se"	"D.se"	"E.se"	"A.rate"	"B.rate"	"C.rate"	"D.rate"	"E.rate"
"971"	-0.424796458363772	-0.573849417247257	-0.651717257416229	-1.06409497946215	0.420646926755611	0.365513570890383	0.679087826367485	0.861723377098757	0.230769230769231	0.384615384615385	0.384615384615385	0.230769230769231	0.230769230769231
