"B.beta"	"C.beta"	"D.beta"	"E.beta"	"B.se"	"C.se"	"D.se"	"E.se"	"A.rate"	"B.rate"	"C.rate"	"D.rate"	"E.rate"
"38"	-0.886192914816148	-0.66377934528188	-0.172874131029088	-0.170128642561457	0.400898675151203	0.541707014063956	0.370717744040375	0.768721023938001	0.230769230769231	0.384615384615385	0.230769230769231	0.384615384615385	0.230769230769231
