"B.beta"	"C.beta"	"D.beta"	"E.beta"	"B.se"	"C.se"	"D.se"	"E.se"	"A.rate"	"B.rate"	"C.rate"	"D.rate"	"E.rate"
"344"	0.000864845162549185	-0.26514707876408	-0.0404083417810673	-0.615941040564604	0.307064488421199	0.568068854546398	0.594204751670245	0.471802100848218	0.230769230769231	0.384615384615385	0.384615384615385	0.230769230769231	0.230769230769231
