"B.beta"	"C.beta"	"D.beta"	"E.beta"	"B.se"	"C.se"	"D.se"	"E.se"	"A.rate"	"B.rate"	"C.rate"	"D.rate"	"E.rate"
"942"	-0.89078351703978	-0.135699991242541	-0.287973658598669	-0.570523439311936	0.602493359732723	0.350641568440532	1.29950661630718	0.618419312561007	0.230769230769231	0.384615384615385	0.384615384615385	0.384615384615385	0.384615384615385
