"B.beta"	"C.beta"	"D.beta"	"E.beta"	"B.se"	"C.se"	"D.se"	"E.se"	"A.rate"	"B.rate"	"C.rate"	"D.rate"	"E.rate"
"263"	-0.685649447638306	-0.432000819137934	-0.344755192914612	-0.169856930651931	0.353642888201827	0.497671355062829	0.472455004753797	0.609132163967733	0.230769230769231	0.384615384615385	0.230769230769231	0.230769230769231	0.230769230769231
