"B.beta"	"C.beta"	"D.beta"	"E.beta"	"B.se"	"C.se"	"D.se"	"E.se"	"A.rate"	"B.rate"	"C.rate"	"D.rate"	"E.rate"
"33"	-0.362451012011357	-0.280297638888659	-0.131359176381767	-0.0780927401604911	0.806984212610464	0.624712650026491	0.565733118934758	0.804257830262487	0.230769230769231	0.384615384615385	0.230769230769231	0.384615384615385	0.230769230769231
