"B.beta"	"C.beta"	"D.beta"	"E.beta"	"B.se"	"C.se"	"D.se"	"E.se"	"A.rate"	"B.rate"	"C.rate"	"D.rate"	"E.rate"
"904"	-0.177463747676581	-0.111729332439504	-0.763453068533473	-1.72707832778134	0.556343678660879	0.453545839312264	0.441431425921943	1.23838272402048	0.230769230769231	0.384615384615385	0.384615384615385	0.230769230769231	0.230769230769231
