"B.beta"	"C.beta"	"D.beta"	"E.beta"	"B.se"	"C.se"	"D.se"	"E.se"	"A.rate"	"B.rate"	"C.rate"	"D.rate"	"E.rate"
"330"	-0.296229054959833	-0.420095965179918	0.727364476818453	-0.465878467293775	0.518657228239298	0.63157014949341	1.9046507564356	0.544467347815927	0.230769230769231	0.384615384615385	0.384615384615385	0.230769230769231	0.230769230769231
