"B.beta"	"C.beta"	"D.beta"	"E.beta"	"B.se"	"C.se"	"D.se"	"E.se"	"A.rate"	"B.rate"	"C.rate"	"D.rate"	"E.rate"
"448"	-0.681873050988313	-0.195548030446287	-0.470046452550463	-0.401490044036638	0.357560132702032	0.750134203190906	0.736459057194161	0.69389124673537	0.230769230769231	0.384615384615385	0.384615384615385	0.230769230769231	0.230769230769231
