"B.beta"	"C.beta"	"D.beta"	"E.beta"	"B.se"	"C.se"	"D.se"	"E.se"	"A.rate"	"B.rate"	"C.rate"	"D.rate"	"E.rate"
"1001"	0.205409028427055	-0.0922247677386952	-0.327630795118691	-0.767501766898621	0.553668427303967	0.306269304180695	0.85108496104164	0.812416105618548	0.230769230769231	0.384615384615385	0.384615384615385	0.384615384615385	0.230769230769231
