"B.beta"	"C.beta"	"D.beta"	"E.beta"	"B.se"	"C.se"	"D.se"	"E.se"	"A.rate"	"B.rate"	"C.rate"	"D.rate"	"E.rate"
"308"	-0.768371241914201	-0.442003804020066	-0.458945698018398	-0.31571688755041	0.703444803113745	0.759573369482362	0.285111290064511	0.421101738496302	0.230769230769231	0.384615384615385	0.230769230769231	0.384615384615385	0.230769230769231
