"B.beta"	"C.beta"	"D.beta"	"E.beta"	"B.se"	"C.se"	"D.se"	"E.se"	"A.rate"	"B.rate"	"C.rate"	"D.rate"	"E.rate"
"817"	0.212870994497148	-0.131934934975336	-0.491859854217665	-0.721959619217503	0.762865348740767	0.499232010622809	0.706265767834326	0.835445175859221	0.230769230769231	0.384615384615385	0.230769230769231	0.384615384615385	0.230769230769231
