"B.beta"	"C.beta"	"D.beta"	"E.beta"	"B.se"	"C.se"	"D.se"	"E.se"	"A.rate"	"B.rate"	"C.rate"	"D.rate"	"E.rate"
"309"	-0.627896667922126	-0.0291057384127731	-0.0803699364298319	-0.410923291904914	1.03462552419846	0.477362129340617	0.241897033712204	0.397890573409408	0.230769230769231	0.384615384615385	0.230769230769231	0.384615384615385	0.230769230769231
