"B.beta"	"C.beta"	"D.beta"	"E.beta"	"B.se"	"C.se"	"D.se"	"E.se"	"A.rate"	"B.rate"	"C.rate"	"D.rate"	"E.rate"
"207"	-0.0631145744724416	-0.656636699623044	-0.646912508191182	-0.485139392288638	0.372398199554761	0.45841674699517	3.37966870530791	1.78234084070441	0.230769230769231	0.384615384615385	0.384615384615385	0.230769230769231	0.384615384615385
