"B.beta"	"C.beta"	"D.beta"	"E.beta"	"B.se"	"C.se"	"D.se"	"E.se"	"A.rate"	"B.rate"	"C.rate"	"D.rate"	"E.rate"
"913"	-0.66816546246457	-0.0914375793255325	-0.530706537395668	-0.587170765893067	0.562277131071895	0.417254426242607	0.507266825676554	1.42914451021229	0.230769230769231	0.384615384615385	0.384615384615385	0.230769230769231	0.230769230769231
