"B.beta"	"C.beta"	"D.beta"	"E.beta"	"B.se"	"C.se"	"D.se"	"E.se"	"A.rate"	"B.rate"	"C.rate"	"D.rate"	"E.rate"
"534"	-0.728669893589876	-0.827356770313585	-6.10143734140954	-0.623879877226135	0.496127611125369	1.42421756975501	772695.123858903	0.453348168501604	0.230769230769231	0.384615384615385	0.230769230769231	0.230769230769231	0.230769230769231
