"B.beta"	"C.beta"	"D.beta"	"E.beta"	"B.se"	"C.se"	"D.se"	"E.se"	"A.rate"	"B.rate"	"C.rate"	"D.rate"	"E.rate"
"378"	-0.476740781141292	-0.898737805155071	-0.175044176043043	-0.739308231202487	0.58946396845382	0.599932883689125	0.51836474132716	0.924421681399006	0.230769230769231	0.384615384615385	0.384615384615385	0.384615384615385	0.230769230769231
