"B.beta"	"C.beta"	"D.beta"	"E.beta"	"B.se"	"C.se"	"D.se"	"E.se"	"A.rate"	"B.rate"	"C.rate"	"D.rate"	"E.rate"
"806"	-0.295138845927164	0.0802074413795247	-0.490434163048487	0.454005956488244	0.725866187708172	0.747270944098431	0.896133397187094	0.705307398218757	0.230769230769231	0.384615384615385	0.230769230769231	0.384615384615385	0.230769230769231
