"B.beta"	"C.beta"	"D.beta"	"E.beta"	"B.se"	"C.se"	"D.se"	"E.se"	"A.rate"	"B.rate"	"C.rate"	"D.rate"	"E.rate"
"802"	-0.504419701403223	-1.19307966980652	-0.664591086450202	-0.612318195876249	0.415654999306363	0.719298665280676	0.671328927664698	0.533622641857472	0.230769230769231	0.384615384615385	0.230769230769231	0.384615384615385	0.230769230769231
