"B.beta"	"C.beta"	"D.beta"	"E.beta"	"B.se"	"C.se"	"D.se"	"E.se"	"A.rate"	"B.rate"	"C.rate"	"D.rate"	"E.rate"
"265"	-0.33430526267246	-1.16717778202367	0.114700243989875	-0.101590557886932	0.584829049238264	1.0819220383911	0.973164390114114	0.573118843303455	0.230769230769231	0.384615384615385	0.230769230769231	0.230769230769231	0.230769230769231
