"B.beta"	"C.beta"	"D.beta"	"E.beta"	"B.se"	"C.se"	"D.se"	"E.se"	"A.rate"	"B.rate"	"C.rate"	"D.rate"	"E.rate"
"873"	-0.590745156082735	-0.571144802197728	-0.00563584042563239	-1.1315579568096	0.980608446485202	0.295245743194086	0.344555145675977	1.3516439725965	0.230769230769231	0.384615384615385	0.384615384615385	0.384615384615385	0.230769230769231
