"B.beta"	"C.beta"	"D.beta"	"E.beta"	"B.se"	"C.se"	"D.se"	"E.se"	"A.rate"	"B.rate"	"C.rate"	"D.rate"	"E.rate"
"562"	-0.266477807539271	-1.26683888038578	-1.14071526321002	-0.480088164102827	0.900331905089678	1.6797974346695	1.30335622519158	0.817883972929931	0.230769230769231	0.384615384615385	0.230769230769231	0.384615384615385	0.230769230769231
