"B.beta"	"C.beta"	"D.beta"	"E.beta"	"B.se"	"C.se"	"D.se"	"E.se"	"A.rate"	"B.rate"	"C.rate"	"D.rate"	"E.rate"
"860"	-0.0591735972213015	-0.309649524399151	-0.0338734389985565	-0.725747117825017	0.702224543816222	0.305911484890486	0.342148082872413	0.393741516992638	0.230769230769231	0.384615384615385	0.384615384615385	0.230769230769231	0.384615384615385
