"B.beta"	"C.beta"	"D.beta"	"E.beta"	"B.se"	"C.se"	"D.se"	"E.se"	"A.rate"	"B.rate"	"C.rate"	"D.rate"	"E.rate"
"825"	-0.257491178632619	-0.713660744079697	-0.383710232593638	-0.533749738522614	0.366140049536188	1.18184141676702	0.438456138346059	0.726178069063914	0.230769230769231	0.384615384615385	0.230769230769231	0.384615384615385	0.230769230769231
