"B.beta"	"C.beta"	"D.beta"	"E.beta"	"B.se"	"C.se"	"D.se"	"E.se"	"A.rate"	"B.rate"	"C.rate"	"D.rate"	"E.rate"
"339"	-0.798043159794628	-0.222200359653584	-1.12385176746441	-6.90094407326195	0.624240293669697	0.330361760890217	1.1113616917821	694724.764995006	0.230769230769231	0.384615384615385	0.384615384615385	0.230769230769231	0.230769230769231
