"B.beta"	"C.beta"	"D.beta"	"E.beta"	"B.se"	"C.se"	"D.se"	"E.se"	"A.rate"	"B.rate"	"C.rate"	"D.rate"	"E.rate"
"409"	-0.440228967877404	0.047927530884547	-0.22039225046641	-0.314435984443268	0.698826998658838	0.336151959686739	0.528950030613498	0.492080813868737	0.230769230769231	0.384615384615385	0.384615384615385	0.230769230769231	0.230769230769231
