"B.beta"	"C.beta"	"D.beta"	"E.beta"	"B.se"	"C.se"	"D.se"	"E.se"	"A.rate"	"B.rate"	"C.rate"	"D.rate"	"E.rate"
"911"	-0.979238609264145	-0.109470823063466	-0.511662028147697	-0.1443809499271	0.428172718439754	1.23835790258312	0.874208542399436	0.756703314279666	0.230769230769231	0.384615384615385	0.384615384615385	0.230769230769231	0.384615384615385
