"B.beta"	"C.beta"	"D.beta"	"E.beta"	"B.se"	"C.se"	"D.se"	"E.se"	"A.rate"	"B.rate"	"C.rate"	"D.rate"	"E.rate"
"77"	0.0566032639053221	-0.789588433928088	-0.442495355633749	0.150994964854786	0.417878404492687	0.584128213906463	0.962566673618529	0.40735159795545	0.230769230769231	0.384615384615385	0.384615384615385	0.230769230769231	0.384615384615385
