"B.beta"	"C.beta"	"D.beta"	"E.beta"	"B.se"	"C.se"	"D.se"	"E.se"	"A.rate"	"B.rate"	"C.rate"	"D.rate"	"E.rate"
"639"	-0.766018700856207	-0.540813879071613	-0.951456778480104	-0.766374449488382	0.685697182043587	1.01705971065971	0.508476499750651	0.464816359816551	0.230769230769231	0.384615384615385	0.384615384615385	0.384615384615385	0.384615384615385
