"B.beta"	"C.beta"	"D.beta"	"E.beta"	"B.se"	"C.se"	"D.se"	"E.se"	"A.rate"	"B.rate"	"C.rate"	"D.rate"	"E.rate"
"470"	-0.82103377017517	-0.373222239288308	-0.215120820148944	-0.633959363129141	0.613460721223692	1.07823914746286	0.532372499780261	0.759012499046388	0.230769230769231	0.384615384615385	0.384615384615385	0.230769230769231	0.230769230769231
