"B.beta"	"C.beta"	"D.beta"	"E.beta"	"B.se"	"C.se"	"D.se"	"E.se"	"A.rate"	"B.rate"	"C.rate"	"D.rate"	"E.rate"
"111"	-0.202787557118113	-0.738789745799803	-0.374535298577225	-0.409262394818824	0.72897064475314	2.20988602091806	0.785478583243237	0.743289488919164	0.230769230769231	0.384615384615385	0.384615384615385	0.384615384615385	0.384615384615385
