"B.beta"	"C.beta"	"D.beta"	"E.beta"	"B.se"	"C.se"	"D.se"	"E.se"	"A.rate"	"B.rate"	"C.rate"	"D.rate"	"E.rate"
"692"	0.0444412596101196	-0.564632281399969	-0.825457289530139	-0.0584426046240436	0.318925420923877	0.360258480417778	0.388325682813863	0.376721012373264	0.230769230769231	0.384615384615385	0.384615384615385	0.384615384615385	0.230769230769231
