"B.beta"	"C.beta"	"D.beta"	"E.beta"	"B.se"	"C.se"	"D.se"	"E.se"	"A.rate"	"B.rate"	"C.rate"	"D.rate"	"E.rate"
"691"	-0.195756770647348	-0.546270598568096	-0.0107640597861085	-0.596478785311679	0.38916867554029	1.85360799139616	0.324786079311696	0.486219860763312	0.230769230769231	0.384615384615385	0.384615384615385	0.384615384615385	0.230769230769231
