"B.beta"	"C.beta"	"D.beta"	"E.beta"	"B.se"	"C.se"	"D.se"	"E.se"	"A.rate"	"B.rate"	"C.rate"	"D.rate"	"E.rate"
"465"	0.0145028040831734	-0.0512900478895218	-0.286579194464687	-1.0652046029417	0.438556693974576	0.321850651827456	0.884856211399742	2.20555986609903	0.230769230769231	0.384615384615385	0.384615384615385	0.230769230769231	0.230769230769231
