"B.beta"	"C.beta"	"D.beta"	"E.beta"	"B.se"	"C.se"	"D.se"	"E.se"	"A.rate"	"B.rate"	"C.rate"	"D.rate"	"E.rate"
"619"	-0.728485191906627	-0.506057326261827	-0.353404939666464	-0.277094227812076	0.320290788629254	0.411536312022136	0.370888983254041	0.535599030388123	0.230769230769231	0.384615384615385	0.384615384615385	0.384615384615385	0.230769230769231
