"B.beta"	"C.beta"	"D.beta"	"E.beta"	"B.se"	"C.se"	"D.se"	"E.se"	"A.rate"	"B.rate"	"C.rate"	"D.rate"	"E.rate"
"395"	-0.474704365033265	-0.382244123025176	-0.351073694748443	-1.06676525670834	0.915200140734559	0.315367430295766	0.505127175788905	0.443716982657249	0.230769230769231	0.384615384615385	0.384615384615385	0.230769230769231	0.230769230769231
