"B.beta"	"C.beta"	"D.beta"	"E.beta"	"B.se"	"C.se"	"D.se"	"E.se"	"A.rate"	"B.rate"	"C.rate"	"D.rate"	"E.rate"
"607"	-0.491461472399554	0.157598795189659	-0.974754200508789	0.230404516114572	0.43166956956696	0.316896480123824	1.36734707242313	0.569990362720725	0.230769230769231	0.384615384615385	0.384615384615385	0.230769230769231	0.384615384615385
