"B.beta"	"C.beta"	"D.beta"	"E.beta"	"B.se"	"C.se"	"D.se"	"E.se"	"A.rate"	"B.rate"	"C.rate"	"D.rate"	"E.rate"
"1017"	-0.636808297370815	-0.38112763875732	-0.710232205998668	-0.517664459800874	1.16818950312845	0.640821837659052	0.964691323643972	0.86641240840426	0.230769230769231	0.384615384615385	0.384615384615385	0.384615384615385	0.230769230769231
