"B.beta"	"C.beta"	"D.beta"	"E.beta"	"B.se"	"C.se"	"D.se"	"E.se"	"A.rate"	"B.rate"	"C.rate"	"D.rate"	"E.rate"
"848"	-0.881546804548115	-0.323029266034291	-0.424366781599257	-0.529085105912818	0.324790485642236	0.655597491648086	0.423509433060422	0.596175578117492	0.230769230769231	0.384615384615385	0.384615384615385	0.230769230769231	0.230769230769231
