"B.beta"	"C.beta"	"D.beta"	"E.beta"	"B.se"	"C.se"	"D.se"	"E.se"	"A.rate"	"B.rate"	"C.rate"	"D.rate"	"E.rate"
"535"	-0.814458533588747	-0.170641071733408	-0.504174169357989	-0.0644455243074773	0.590722181528302	0.387086060031152	0.606316033826029	0.363147743740356	0.230769230769231	0.384615384615385	0.230769230769231	0.230769230769231	0.230769230769231
