"B.beta"	"C.beta"	"D.beta"	"E.beta"	"B.se"	"C.se"	"D.se"	"E.se"	"A.rate"	"B.rate"	"C.rate"	"D.rate"	"E.rate"
"724"	0.0741189382099304	-0.393265828296681	0.106926652682713	0.285146837159876	0.477947879388121	0.302669443902091	0.324252097490945	0.320558436500171	0.230769230769231	0.384615384615385	0.384615384615385	0.230769230769231	0.230769230769231
