"B.beta"	"C.beta"	"D.beta"	"E.beta"	"B.se"	"C.se"	"D.se"	"E.se"	"A.rate"	"B.rate"	"C.rate"	"D.rate"	"E.rate"
"197"	-0.438553322808089	-0.563681692147688	-1.04747298417669	-0.170154864057695	0.468191630307302	0.357797178354436	2.15394371456772	0.877867877501627	0.230769230769231	0.384615384615385	0.384615384615385	0.230769230769231	0.230769230769231
