"B.beta"	"C.beta"	"D.beta"	"E.beta"	"B.se"	"C.se"	"D.se"	"E.se"	"A.rate"	"B.rate"	"C.rate"	"D.rate"	"E.rate"
"407"	-0.0632760178677173	-0.492258976123912	-0.327836556246305	-6.72984567424048	1.12027500761707	0.315523902918335	0.450788680299205	557327.934007208	0.230769230769231	0.384615384615385	0.384615384615385	0.230769230769231	0.230769230769231
