"B.beta"	"C.beta"	"D.beta"	"E.beta"	"B.se"	"C.se"	"D.se"	"E.se"	"A.rate"	"B.rate"	"C.rate"	"D.rate"	"E.rate"
"86"	-0.836405134080326	-0.586599840158356	-0.192929869755114	-0.36360980083075	0.550115125825707	0.373811337958221	0.327866945623418	0.671989835858253	0.230769230769231	0.384615384615385	0.384615384615385	0.230769230769231	0.230769230769231
