"B.beta"	"C.beta"	"D.beta"	"E.beta"	"B.se"	"C.se"	"D.se"	"E.se"	"A.rate"	"B.rate"	"C.rate"	"D.rate"	"E.rate"
"10"	-0.031648253363327	-0.631211666050931	0.074339011319258	-0.0981586352368642	0.61864472390004	0.781835940028816	0.638713433414615	0.538303864592095	0.230769230769231	0.384615384615385	0.230769230769231	0.230769230769231	0.230769230769231
