"B.beta"	"C.beta"	"D.beta"	"E.beta"	"B.se"	"C.se"	"D.se"	"E.se"	"A.rate"	"B.rate"	"C.rate"	"D.rate"	"E.rate"
"67"	-0.339430436510532	0.257231912797845	-0.841584895820507	-1.04472686010058	1.54046579069201	0.632707322211134	0.822991254487009	1.31534218639012	0.230769230769231	0.384615384615385	0.384615384615385	0.230769230769231	0.230769230769231
