"B.beta"	"C.beta"	"D.beta"	"E.beta"	"B.se"	"C.se"	"D.se"	"E.se"	"A.rate"	"B.rate"	"C.rate"	"D.rate"	"E.rate"
"1"	-0.216170465337055	-0.60502805873862	-0.50428968274702	-0.833207501283451	0.410540873148952	0.447622898319971	0.959138353119024	0.497762192634523	0.230769230769231	0.384615384615385	0.230769230769231	0.230769230769231	0.230769230769231
