"B.beta"	"C.beta"	"D.beta"	"E.beta"	"B.se"	"C.se"	"D.se"	"E.se"	"A.rate"	"B.rate"	"C.rate"	"D.rate"	"E.rate"
"640"	-0.667498359428587	-0.879812785560744	-1.06821500769354	-0.132206802161129	0.606768468912352	0.895978347427777	0.714243534793548	0.545805621072571	0.230769230769231	0.384615384615385	0.384615384615385	0.230769230769231	0.230769230769231
