"B.beta"	"C.beta"	"D.beta"	"E.beta"	"B.se"	"C.se"	"D.se"	"E.se"	"A.rate"	"B.rate"	"C.rate"	"D.rate"	"E.rate"
"683"	-0.00988909668582667	-0.270369984876004	-0.175922813346983	-0.558845479142904	0.313791097104528	0.99503759934845	1.05384900682361	1.03119461886132	0.230769230769231	0.384615384615385	0.384615384615385	0.384615384615385	0.230769230769231
