"B.beta"	"C.beta"	"D.beta"	"E.beta"	"B.se"	"C.se"	"D.se"	"E.se"	"A.rate"	"B.rate"	"C.rate"	"D.rate"	"E.rate"
"594"	-0.537206153143388	-0.249408425753241	-0.372618801663667	-0.518184320102101	0.379175612077195	0.474923539884897	0.583133876059184	2.17979974424834	0.230769230769231	0.384615384615385	0.384615384615385	0.230769230769231	0.230769230769231
