"B.beta"	"C.beta"	"D.beta"	"E.beta"	"B.se"	"C.se"	"D.se"	"E.se"	"A.rate"	"B.rate"	"C.rate"	"D.rate"	"E.rate"
"350"	-0.334087332338762	-0.52457766442212	-0.23536384785507	-0.266445557584966	0.458316164543154	0.700562082273817	2.55819708698411	1.63969767028526	0.230769230769231	0.384615384615385	0.384615384615385	0.230769230769231	0.384615384615385
