"B.beta"	"C.beta"	"D.beta"	"E.beta"	"B.se"	"C.se"	"D.se"	"E.se"	"A.rate"	"B.rate"	"C.rate"	"D.rate"	"E.rate"
"487"	-0.0901910742659034	-0.142499318533543	-0.699876254744561	-0.256455233686682	0.595719626852263	0.982430136927301	0.354860804978914	0.77501881683709	0.230769230769231	0.384615384615385	0.384615384615385	0.384615384615385	0.230769230769231
