"B.beta"	"C.beta"	"D.beta"	"E.beta"	"B.se"	"C.se"	"D.se"	"E.se"	"A.rate"	"B.rate"	"C.rate"	"D.rate"	"E.rate"
"723"	-0.358907237175888	0.210581149359764	-0.935508219126878	-0.448192195917821	0.321225597982833	0.510783044281223	1.22025778388416	0.547836215848515	0.230769230769231	0.384615384615385	0.384615384615385	0.230769230769231	0.230769230769231
