"B.beta"	"C.beta"	"D.beta"	"E.beta"	"B.se"	"C.se"	"D.se"	"E.se"	"A.rate"	"B.rate"	"C.rate"	"D.rate"	"E.rate"
"948"	-0.782139910494884	-0.389369893099503	-0.23839911175228	-1.16991682897919	1.2380062778145	0.324820944540214	0.570605080612621	1.91487551709856	0.230769230769231	0.384615384615385	0.384615384615385	0.384615384615385	0.230769230769231
