"B.beta"	"C.beta"	"D.beta"	"E.beta"	"B.se"	"C.se"	"D.se"	"E.se"	"A.rate"	"B.rate"	"C.rate"	"D.rate"	"E.rate"
"755"	-0.122339111102378	-0.817972725841912	-0.478356326093067	-0.616820322414463	0.563694846175103	0.787868373825365	0.447285213463513	0.719411442461162	0.230769230769231	0.384615384615385	0.384615384615385	0.384615384615385	0.230769230769231
