"B.beta"	"C.beta"	"D.beta"	"E.beta"	"B.se"	"C.se"	"D.se"	"E.se"	"A.rate"	"B.rate"	"C.rate"	"D.rate"	"E.rate"
"244"	-0.251593416813501	-0.291859979139456	-0.538253539907332	-5.80732473014811	0.421882860860356	0.466964596411363	1.12671899704892	776619.417856614	0.230769230769231	0.384615384615385	0.384615384615385	0.384615384615385	0.230769230769231
