"B.beta"	"C.beta"	"D.beta"	"E.beta"	"B.se"	"C.se"	"D.se"	"E.se"	"A.rate"	"B.rate"	"C.rate"	"D.rate"	"E.rate"
"850"	-0.393382561555049	-0.61555800574528	-1.00290267088451	-0.537594002721357	0.328733941400147	0.296531571172196	1.23883245405313	0.500947996192026	0.230769230769231	0.384615384615385	0.384615384615385	0.230769230769231	0.230769230769231
