"B.beta"	"C.beta"	"D.beta"	"E.beta"	"B.se"	"C.se"	"D.se"	"E.se"	"A.rate"	"B.rate"	"C.rate"	"D.rate"	"E.rate"
"483"	-0.188009020872077	-0.355172419233878	-0.546656416802689	-0.546545375978247	0.916185702742754	0.497234081155561	2.20618081600586	1.78230512316817	0.230769230769231	0.384615384615385	0.384615384615385	0.384615384615385	0.230769230769231
