"B.beta"	"C.beta"	"D.beta"	"E.beta"	"B.se"	"C.se"	"D.se"	"E.se"	"A.rate"	"B.rate"	"C.rate"	"D.rate"	"E.rate"
"406"	-0.589508535818815	-0.317879759540589	-0.115710107696023	0.207173148267572	1.54310460001992	1.5582656492047	0.964363027680921	0.978110017455215	0.230769230769231	0.384615384615385	0.384615384615385	0.230769230769231	0.230769230769231
