"B.beta"	"C.beta"	"D.beta"	"E.beta"	"B.se"	"C.se"	"D.se"	"E.se"	"A.rate"	"B.rate"	"C.rate"	"D.rate"	"E.rate"
"119"	-1.04731937537993	-0.531149304031931	-0.241590755819841	-0.779229382812185	0.867882131861662	0.590173116948418	0.948838611240539	0.945548064749407	0.230769230769231	0.384615384615385	0.384615384615385	0.384615384615385	0.230769230769231
