"B.beta"	"C.beta"	"D.beta"	"E.beta"	"B.se"	"C.se"	"D.se"	"E.se"	"A.rate"	"B.rate"	"C.rate"	"D.rate"	"E.rate"
"192"	-0.226342650188175	-0.377030757711017	-0.661695732236476	-0.981468885176281	0.710976603076191	0.861280080772555	0.817313033827873	1.493070619633	0.230769230769231	0.384615384615385	0.384615384615385	0.230769230769231	0.230769230769231
