"B.beta"	"C.beta"	"D.beta"	"E.beta"	"B.se"	"C.se"	"D.se"	"E.se"	"A.rate"	"B.rate"	"C.rate"	"D.rate"	"E.rate"
"453"	-0.191672269834204	-0.0786820331122133	-0.460698258959401	-0.313524423065501	1.67015001773583	0.817537317157272	0.510148290633544	0.803883707221674	0.230769230769231	0.384615384615385	0.384615384615385	0.230769230769231	0.230769230769231
