"B.beta"	"C.beta"	"D.beta"	"E.beta"	"B.se"	"C.se"	"D.se"	"E.se"	"A.rate"	"B.rate"	"C.rate"	"D.rate"	"E.rate"
"511"	-0.39953124359005	-0.422656435864267	-0.214939486402232	-0.0501475070812931	0.478570923633498	1.93660219311535	0.455812338675289	2.4020574430088	0.230769230769231	0.384615384615385	0.384615384615385	0.384615384615385	0.384615384615385
