"B.beta"	"C.beta"	"D.beta"	"E.beta"	"B.se"	"C.se"	"D.se"	"E.se"	"A.rate"	"B.rate"	"C.rate"	"D.rate"	"E.rate"
"589"	-0.264072955735103	-0.279820927866648	-0.957355063170754	-0.44960971536956	0.322626117608067	0.557856621290665	1.17602364622736	0.425575257497434	0.230769230769231	0.384615384615385	0.384615384615385	0.230769230769231	0.384615384615385
