"B.beta"	"C.beta"	"D.beta"	"E.beta"	"B.se"	"C.se"	"D.se"	"E.se"	"A.rate"	"B.rate"	"C.rate"	"D.rate"	"E.rate"
"853"	-0.0494061197075004	0.146264057228302	-0.918275369105583	-0.085018862962731	0.342192009660092	0.280031999638874	1.34736048040886	1.0370306487716	0.230769230769231	0.384615384615385	0.384615384615385	0.230769230769231	0.230769230769231
