"B.beta"	"C.beta"	"D.beta"	"E.beta"	"B.se"	"C.se"	"D.se"	"E.se"	"A.rate"	"B.rate"	"C.rate"	"D.rate"	"E.rate"
"439"	-0.254866052252699	-0.43854861971519	-0.71949692952103	-0.320608678873281	0.385144246170746	0.352960266654776	0.445535402201697	0.464691922227495	0.230769230769231	0.384615384615385	0.384615384615385	0.384615384615385	0.230769230769231
