"B.beta"	"C.beta"	"D.beta"	"E.beta"	"B.se"	"C.se"	"D.se"	"E.se"	"A.rate"	"B.rate"	"C.rate"	"D.rate"	"E.rate"
"208"	-0.858179559463066	-0.68409584086699	-0.2934940649045	-0.0521451764703873	0.450788722100342	1.02207546149498	0.625540060034145	0.75221126700023	0.230769230769231	0.384615384615385	0.384615384615385	0.230769230769231	0.230769230769231
