"B.beta"	"C.beta"	"D.beta"	"E.beta"	"B.se"	"C.se"	"D.se"	"E.se"	"A.rate"	"B.rate"	"C.rate"	"D.rate"	"E.rate"
"722"	-0.0536765591566934	-0.324949304666156	-0.0311455618811052	-0.457207386164503	0.669833496560223	0.337193903297466	1.59772294538961	0.549339837238605	0.230769230769231	0.384615384615385	0.384615384615385	0.230769230769231	0.230769230769231
