"B.beta"	"C.beta"	"D.beta"	"E.beta"	"B.se"	"C.se"	"D.se"	"E.se"	"A.rate"	"B.rate"	"C.rate"	"D.rate"	"E.rate"
"510"	0.0256055806772649	-0.306929396166726	-0.270628779670696	-0.311844645518269	0.348255417087941	0.377018304881414	1.4094493015053	0.445248422269581	0.230769230769231	0.384615384615385	0.384615384615385	0.384615384615385	0.384615384615385
