"B.beta"	"C.beta"	"D.beta"	"E.beta"	"B.se"	"C.se"	"D.se"	"E.se"	"A.rate"	"B.rate"	"C.rate"	"D.rate"	"E.rate"
"497"	-0.0419746582490623	-0.668388378727808	-0.550678678206281	-0.344649429644505	0.348844727440209	0.55845077166215	0.369005425341869	0.350551663910018	0.230769230769231	0.384615384615385	0.384615384615385	0.384615384615385	0.230769230769231
