"B.beta"	"C.beta"	"D.beta"	"E.beta"	"B.se"	"C.se"	"D.se"	"E.se"	"A.rate"	"B.rate"	"C.rate"	"D.rate"	"E.rate"
"446"	-0.719148738477626	-0.0880389127526877	-0.211263393950651	-0.723809061943453	0.325814729813021	0.579834734423114	0.508328431763428	0.932944002668153	0.230769230769231	0.384615384615385	0.384615384615385	0.384615384615385	0.384615384615385
