"B.beta"	"C.beta"	"D.beta"	"E.beta"	"B.se"	"C.se"	"D.se"	"E.se"	"A.rate"	"B.rate"	"C.rate"	"D.rate"	"E.rate"
"973"	-0.522930341239179	-0.323340769178608	-1.12635326898408	-0.836793684629794	1.69126419700004	0.496533949507171	1.2377869798884	1.94955057229669	0.230769230769231	0.384615384615385	0.384615384615385	0.230769230769231	0.384615384615385
