"B.beta"	"C.beta"	"D.beta"	"E.beta"	"B.se"	"C.se"	"D.se"	"E.se"	"A.rate"	"B.rate"	"C.rate"	"D.rate"	"E.rate"
"162"	-0.352731717634905	-0.411583017888969	-0.95895345264355	-0.794993076754902	0.341001678162957	0.859745299840234	0.461148176670053	1.44461618638564	0.230769230769231	0.384615384615385	0.384615384615385	0.384615384615385	0.230769230769231
