"B.beta"	"C.beta"	"D.beta"	"E.beta"	"B.se"	"C.se"	"D.se"	"E.se"	"A.rate"	"B.rate"	"C.rate"	"D.rate"	"E.rate"
"518"	-0.0504348595586725	-1.02282951860636	-0.556310337117522	-0.695745260815994	0.353096417817758	1.61182278585635	0.578675085016894	0.712484227669138	0.230769230769231	0.384615384615385	0.230769230769231	0.230769230769231	0.230769230769231
