"B.beta"	"C.beta"	"D.beta"	"E.beta"	"B.se"	"C.se"	"D.se"	"E.se"	"A.rate"	"B.rate"	"C.rate"	"D.rate"	"E.rate"
"31"	0.271742583298741	0.359771936254912	-0.343031831027485	0.00869733109624157	0.640994315163305	2.41072550834509	0.811592979884252	0.449227131915098	0.230769230769231	0.384615384615385	0.230769230769231	0.230769230769231	0.384615384615385
