"B.beta"	"C.beta"	"D.beta"	"E.beta"	"B.se"	"C.se"	"D.se"	"E.se"	"A.rate"	"B.rate"	"C.rate"	"D.rate"	"E.rate"
"605"	0.0392071646148627	-0.0913506822196765	-1.02350014581661	-0.182506591789182	0.302457905486935	0.334293613380168	0.820189543665056	0.333838765811819	0.230769230769231	0.384615384615385	0.384615384615385	0.230769230769231	0.384615384615385
