"B.beta"	"C.beta"	"D.beta"	"E.beta"	"B.se"	"C.se"	"D.se"	"E.se"	"A.rate"	"B.rate"	"C.rate"	"D.rate"	"E.rate"
"70"	-0.355462622534141	-0.288877731301967	-0.792166572859615	-0.350135260370731	0.327008850122748	0.600195914641864	1.22842594226383	0.336980928818507	0.230769230769231	0.384615384615385	0.384615384615385	0.230769230769231	0.230769230769231
