"B.beta"	"C.beta"	"D.beta"	"E.beta"	"B.se"	"C.se"	"D.se"	"E.se"	"A.rate"	"B.rate"	"C.rate"	"D.rate"	"E.rate"
"545"	-1.07970547526391	-1.08608746792297	-0.582118215349017	-0.650338344982402	0.364917566750065	1.95375945991608	0.793578061755401	0.536661664101819	0.230769230769231	0.384615384615385	0.230769230769231	0.384615384615385	0.230769230769231
