"B.beta"	"C.beta"	"D.beta"	"E.beta"	"B.se"	"C.se"	"D.se"	"E.se"	"A.rate"	"B.rate"	"C.rate"	"D.rate"	"E.rate"
"969"	-0.0670290000446291	-0.408311263093929	-0.703534260652212	-0.351902050385463	0.288137719986822	0.696273010976388	2.42710014195672	0.59495017880885	0.230769230769231	0.384615384615385	0.384615384615385	0.230769230769231	0.230769230769231
