"B.beta"	"C.beta"	"D.beta"	"E.beta"	"B.se"	"C.se"	"D.se"	"E.se"	"A.rate"	"B.rate"	"C.rate"	"D.rate"	"E.rate"
"982"	-0.21134681583813	-0.590655578255812	-0.469480499369851	0.0463880290082827	1.07285361257916	0.375255100596404	0.76181075633706	0.343787033704689	0.230769230769231	0.384615384615385	0.384615384615385	0.230769230769231	0.230769230769231
