"B.beta"	"C.beta"	"D.beta"	"E.beta"	"B.se"	"C.se"	"D.se"	"E.se"	"A.rate"	"B.rate"	"C.rate"	"D.rate"	"E.rate"
"735"	-0.649402334388551	0.18541416224459	-0.43638644761716	-0.940173954207884	0.379576620151603	0.803631869275822	1.14036949586855	0.525931789800271	0.230769230769231	0.384615384615385	0.384615384615385	0.230769230769231	0.384615384615385
