"B.beta"	"C.beta"	"D.beta"	"E.beta"	"B.se"	"C.se"	"D.se"	"E.se"	"A.rate"	"B.rate"	"C.rate"	"D.rate"	"E.rate"
"667"	-6.23597157201077	-0.55354183640235	-0.670459209097341	-0.694025981020138	1079784.65821768	0.976864106276483	0.828005368278582	1.92873253738019	0.230769230769231	0.384615384615385	0.384615384615385	0.230769230769231	0.230769230769231
