"B.beta"	"C.beta"	"D.beta"	"E.beta"	"B.se"	"C.se"	"D.se"	"E.se"	"A.rate"	"B.rate"	"C.rate"	"D.rate"	"E.rate"
"541"	0.0970157846184395	-0.147517523735426	-0.249509401234254	0.157573606512905	1.66262015674286	0.40515557126994	0.447169760454497	0.977722846038385	0.230769230769231	0.384615384615385	0.230769230769231	0.230769230769231	0.384615384615385
