"B.beta"	"C.beta"	"D.beta"	"E.beta"	"B.se"	"C.se"	"D.se"	"E.se"	"A.rate"	"B.rate"	"C.rate"	"D.rate"	"E.rate"
"223"	-0.0401113445035765	-0.0285940329724784	-0.0269301353610491	-0.373606437058892	0.305128584024318	0.360570389676294	0.554641785448558	0.616122544192905	0.230769230769231	0.384615384615385	0.384615384615385	0.230769230769231	0.384615384615385
