"B.beta"	"C.beta"	"D.beta"	"E.beta"	"B.se"	"C.se"	"D.se"	"E.se"	"A.rate"	"B.rate"	"C.rate"	"D.rate"	"E.rate"
"89"	0.15830059318342	-0.204475455207698	0.410629133434803	-0.15547252242248	0.333068730141444	0.507579077907591	0.962099857554774	0.584020922318731	0.230769230769231	0.384615384615385	0.384615384615385	0.230769230769231	0.230769230769231
