"B.beta"	"C.beta"	"D.beta"	"E.beta"	"B.se"	"C.se"	"D.se"	"E.se"	"A.rate"	"B.rate"	"C.rate"	"D.rate"	"E.rate"
"620"	-0.545335375704369	0.0235219746059561	-0.191062763980824	-0.288428127458089	0.411365811635301	0.415651611294762	0.329135822177385	0.399820495705316	0.230769230769231	0.384615384615385	0.384615384615385	0.384615384615385	0.384615384615385
