"B.beta"	"C.beta"	"D.beta"	"E.beta"	"B.se"	"C.se"	"D.se"	"E.se"	"A.rate"	"B.rate"	"C.rate"	"D.rate"	"E.rate"
"856"	-0.393995404057143	-0.519543741228098	0.0293509850449428	-0.888935967717391	0.81633201174296	0.48875734001687	1.67086382051786	1.68378590594204	0.230769230769231	0.384615384615385	0.384615384615385	0.230769230769231	0.230769230769231
