"B.beta"	"C.beta"	"D.beta"	"E.beta"	"B.se"	"C.se"	"D.se"	"E.se"	"A.rate"	"B.rate"	"C.rate"	"D.rate"	"E.rate"
"915"	-0.566883569992767	-0.47809092430937	-1.23404064772446	0.0566044631011078	0.374388865681423	0.644622778516612	1.08122494593118	0.82278681021897	0.230769230769231	0.384615384615385	0.384615384615385	0.230769230769231	0.230769230769231
