"B.beta"	"C.beta"	"D.beta"	"E.beta"	"B.se"	"C.se"	"D.se"	"E.se"	"A.rate"	"B.rate"	"C.rate"	"D.rate"	"E.rate"
"507"	-0.169013374265806	-0.37191642754308	-0.711708587680564	-0.957226748359574	0.418348601597296	0.758218234596626	0.84776654659202	1.7471289179624	0.230769230769231	0.384615384615385	0.384615384615385	0.384615384615385	0.230769230769231
