"B.beta"	"C.beta"	"D.beta"	"E.beta"	"B.se"	"C.se"	"D.se"	"E.se"	"A.rate"	"B.rate"	"C.rate"	"D.rate"	"E.rate"
"940"	-0.499577329374681	0.0863084535979349	-0.593678026693809	-0.370390827828183	0.901509486241841	0.475816735358704	0.430108947270818	0.48393116716687	0.230769230769231	0.384615384615385	0.384615384615385	0.384615384615385	0.384615384615385
