"B.beta"	"C.beta"	"D.beta"	"E.beta"	"B.se"	"C.se"	"D.se"	"E.se"	"A.rate"	"B.rate"	"C.rate"	"D.rate"	"E.rate"
"53"	-0.314490226437145	-0.761119613406806	-0.0199221679898104	-1.0159348522866	0.870468471947161	1.42786955242481	0.268595935077182	1.08241837013131	0.230769230769231	0.384615384615385	0.230769230769231	0.384615384615385	0.230769230769231
