"B.beta"	"C.beta"	"D.beta"	"E.beta"	"B.se"	"C.se"	"D.se"	"E.se"	"A.rate"	"B.rate"	"C.rate"	"D.rate"	"E.rate"
"180"	-0.393381209907714	-0.749777293605698	-0.483079109501742	-0.267993663782508	1.04214142404413	0.483336846771555	0.584924602587009	0.951689834500045	0.230769230769231	0.384615384615385	0.384615384615385	0.384615384615385	0.230769230769231
