"B.beta"	"C.beta"	"D.beta"	"E.beta"	"B.se"	"C.se"	"D.se"	"E.se"	"A.rate"	"B.rate"	"C.rate"	"D.rate"	"E.rate"
"222"	0.00908356249093301	-0.258736175548224	-0.908656335315857	-0.12947281039714	0.407406314386589	0.399111151594527	2.31278614607765	0.30873693406268	0.230769230769231	0.384615384615385	0.384615384615385	0.230769230769231	0.384615384615385
