"B.beta"	"C.beta"	"D.beta"	"E.beta"	"B.se"	"C.se"	"D.se"	"E.se"	"A.rate"	"B.rate"	"C.rate"	"D.rate"	"E.rate"
"167"	-0.0855692389058452	-0.292681859168499	-0.388564631855326	0.0752138762211565	0.663195115577025	0.456501616287908	1.02393960032353	0.38260864720991	0.230769230769231	0.384615384615385	0.384615384615385	0.384615384615385	0.230769230769231
