"B.beta"	"C.beta"	"D.beta"	"E.beta"	"B.se"	"C.se"	"D.se"	"E.se"	"A.rate"	"B.rate"	"C.rate"	"D.rate"	"E.rate"
"807"	-0.72142284750859	-1.63155373781773	-0.201603358525585	0.0546999208534204	0.455898726523119	1.37982116750292	0.463814380636842	0.77675842801258	0.230769230769231	0.384615384615385	0.230769230769231	0.384615384615385	0.230769230769231
