"B.beta"	"C.beta"	"D.beta"	"E.beta"	"B.se"	"C.se"	"D.se"	"E.se"	"A.rate"	"B.rate"	"C.rate"	"D.rate"	"E.rate"
"1008"	-0.000469031908063496	-0.253795110824686	-0.024284389217198	-0.546315103756334	0.408011314339933	0.300722846692333	0.576988385355045	0.397644603390885	0.230769230769231	0.384615384615385	0.384615384615385	0.384615384615385	0.230769230769231
