"B.beta"	"C.beta"	"D.beta"	"E.beta"	"B.se"	"C.se"	"D.se"	"E.se"	"A.rate"	"B.rate"	"C.rate"	"D.rate"	"E.rate"
"630"	-0.832570822080546	-0.283021250996768	-0.150558472833297	-0.816734953742291	1.12731209915403	0.391250329291094	0.286667392525516	2.2680656581677	0.230769230769231	0.384615384615385	0.384615384615385	0.384615384615385	0.230769230769231
