"B.beta"	"C.beta"	"D.beta"	"E.beta"	"B.se"	"C.se"	"D.se"	"E.se"	"A.rate"	"B.rate"	"C.rate"	"D.rate"	"E.rate"
"808"	-0.355371159618203	-0.416490930429012	-0.613573710063803	-0.179512761697305	0.570792564020674	1.28416631196083	0.706042212193723	0.423989691785584	0.230769230769231	0.384615384615385	0.230769230769231	0.384615384615385	0.230769230769231
