"B.beta"	"C.beta"	"D.beta"	"E.beta"	"B.se"	"C.se"	"D.se"	"E.se"	"A.rate"	"B.rate"	"C.rate"	"D.rate"	"E.rate"
"651"	-0.317013246585615	-0.264775367773443	0.0760108694320763	-0.227275311065624	0.455142435051804	0.431018569921022	0.794390911943243	0.906119870794955	0.230769230769231	0.384615384615385	0.384615384615385	0.230769230769231	0.230769230769231
