"B.beta"	"C.beta"	"D.beta"	"E.beta"	"B.se"	"C.se"	"D.se"	"E.se"	"A.rate"	"B.rate"	"C.rate"	"D.rate"	"E.rate"
"868"	0.499992541258396	-0.498501706505982	-0.50293133164396	-0.442033621186465	0.570199531394973	1.13824926528345	0.414900513322482	2.35376234618069	0.230769230769231	0.384615384615385	0.384615384615385	0.384615384615385	0.230769230769231
