"B.beta"	"C.beta"	"D.beta"	"E.beta"	"B.se"	"C.se"	"D.se"	"E.se"	"A.rate"	"B.rate"	"C.rate"	"D.rate"	"E.rate"
"128"	-0.893989584117002	-0.637069705026809	-0.488141468711714	-0.188128572197502	0.859600313675717	0.294944870870673	0.499997913539574	0.409818113041446	0.230769230769231	0.384615384615385	0.384615384615385	0.230769230769231	0.230769230769231
