"B.beta"	"C.beta"	"D.beta"	"E.beta"	"B.se"	"C.se"	"D.se"	"E.se"	"A.rate"	"B.rate"	"C.rate"	"D.rate"	"E.rate"
"456"	-0.840097721031495	-0.689321774543106	-0.4068355327682	-0.601581399190724	0.46436160695601	0.334492359453621	1.51737774427549	0.880430308116797	0.230769230769231	0.384615384615385	0.384615384615385	0.230769230769231	0.230769230769231
