"B.beta"	"C.beta"	"D.beta"	"E.beta"	"B.se"	"C.se"	"D.se"	"E.se"	"A.rate"	"B.rate"	"C.rate"	"D.rate"	"E.rate"
"466"	-0.570685278892486	-0.954052718994105	0.627006586983065	0.197123886735507	1.0510289695522	1.13708807488244	0.558787242997432	0.60412796676432	0.230769230769231	0.384615384615385	0.384615384615385	0.230769230769231	0.230769230769231
