"B.beta"	"C.beta"	"D.beta"	"E.beta"	"B.se"	"C.se"	"D.se"	"E.se"	"A.rate"	"B.rate"	"C.rate"	"D.rate"	"E.rate"
"399"	-0.855385153505213	-0.0868955438981728	-5.77863437006339	-0.343369859213516	0.436484583837281	0.390298794901544	722895.858320056	0.340777598954156	0.230769230769231	0.384615384615385	0.384615384615385	0.230769230769231	0.384615384615385
