"B.beta"	"C.beta"	"D.beta"	"E.beta"	"B.se"	"C.se"	"D.se"	"E.se"	"A.rate"	"B.rate"	"C.rate"	"D.rate"	"E.rate"
"131"	-0.48472441582806	-0.239781664738501	-0.777093595704826	-0.474076192074891	0.37475282564848	0.234365664562223	2.32659759898229	0.915613053197677	0.230769230769231	0.384615384615385	0.384615384615385	0.230769230769231	0.230769230769231
