"B.beta"	"C.beta"	"D.beta"	"E.beta"	"B.se"	"C.se"	"D.se"	"E.se"	"A.rate"	"B.rate"	"C.rate"	"D.rate"	"E.rate"
"486"	-0.621906076234267	-0.269495395320736	0.365523083201451	-0.512343457522896	0.544280292938534	0.408013376158251	0.318754431160047	0.727040576716443	0.230769230769231	0.384615384615385	0.384615384615385	0.384615384615385	0.230769230769231
