"B.beta"	"C.beta"	"D.beta"	"E.beta"	"B.se"	"C.se"	"D.se"	"E.se"	"A.rate"	"B.rate"	"C.rate"	"D.rate"	"E.rate"
"981"	-0.444111477039953	-0.169037740149301	-0.450616562901901	-0.575486703702792	0.691471596484203	1.20716022602537	0.579445799990797	0.391042121099356	0.230769230769231	0.384615384615385	0.384615384615385	0.230769230769231	0.230769230769231
