"B.beta"	"C.beta"	"D.beta"	"E.beta"	"B.se"	"C.se"	"D.se"	"E.se"	"A.rate"	"B.rate"	"C.rate"	"D.rate"	"E.rate"
"732"	0.306957234047301	-0.597129277526914	-0.560625718701551	-0.91121215227925	0.266237475232958	0.313080084338462	0.41337067508043	0.432005219298251	0.230769230769231	0.384615384615385	0.384615384615385	0.230769230769231	0.384615384615385
