"B.beta"	"C.beta"	"D.beta"	"E.beta"	"B.se"	"C.se"	"D.se"	"E.se"	"A.rate"	"B.rate"	"C.rate"	"D.rate"	"E.rate"
"907"	-0.51054817032383	-0.7122639431319	0.181238896760709	-0.253008449616752	0.449008514318981	0.28255049944707	0.384974260381698	1.35348028940612	0.230769230769231	0.384615384615385	0.384615384615385	0.230769230769231	0.230769230769231
