"B.beta"	"C.beta"	"D.beta"	"E.beta"	"B.se"	"C.se"	"D.se"	"E.se"	"A.rate"	"B.rate"	"C.rate"	"D.rate"	"E.rate"
"107"	-0.395689457222026	-0.234058888683111	-0.515073559522606	-0.902890769748527	0.418753893416717	0.403579410857861	0.63700955281239	1.52865384820373	0.230769230769231	0.384615384615385	0.384615384615385	0.384615384615385	0.230769230769231
