"B.beta"	"C.beta"	"D.beta"	"E.beta"	"B.se"	"C.se"	"D.se"	"E.se"	"A.rate"	"B.rate"	"C.rate"	"D.rate"	"E.rate"
"930"	-0.30732896397643	-0.239016859699431	-0.542120951055725	-6.10364908528364	0.728705492017203	0.3604502662468	0.35537715501076	722262.934591462	0.230769230769231	0.384615384615385	0.384615384615385	0.384615384615385	0.230769230769231
