"B.beta"	"C.beta"	"D.beta"	"E.beta"	"B.se"	"C.se"	"D.se"	"E.se"	"A.rate"	"B.rate"	"C.rate"	"D.rate"	"E.rate"
"179"	-0.339079048137959	-0.198466964367475	-0.0340885050677792	-1.19380859144582	0.320342749625679	0.321009803428608	1.33017508328998	0.94961261771589	0.230769230769231	0.384615384615385	0.384615384615385	0.384615384615385	0.230769230769231
