"B.beta"	"C.beta"	"D.beta"	"E.beta"	"B.se"	"C.se"	"D.se"	"E.se"	"A.rate"	"B.rate"	"C.rate"	"D.rate"	"E.rate"
"581"	-0.466053191760259	0.0960415342092022	-0.407583697399989	-0.432498545831078	0.507315401367036	0.479042042915584	0.830949277215034	0.655035595759582	0.230769230769231	0.384615384615385	0.384615384615385	0.230769230769231	0.230769230769231
