"B.beta"	"C.beta"	"D.beta"	"E.beta"	"B.se"	"C.se"	"D.se"	"E.se"	"A.rate"	"B.rate"	"C.rate"	"D.rate"	"E.rate"
"270"	-0.0360932525603568	-0.84195199329534	-0.758750406035536	-0.308314259357799	0.595821802937551	0.781025578132441	0.60952064071801	0.359487198462619	0.230769230769231	0.384615384615385	0.230769230769231	0.230769230769231	0.384615384615385
