"B.beta"	"C.beta"	"D.beta"	"E.beta"	"B.se"	"C.se"	"D.se"	"E.se"	"A.rate"	"B.rate"	"C.rate"	"D.rate"	"E.rate"
"770"	-0.361620749613139	-0.470252210218338	-0.923147286983138	-0.226099102351992	0.416681976986084	0.518421516571375	0.804210039982159	0.569878123123901	0.230769230769231	0.384615384615385	0.230769230769231	0.230769230769231	0.230769230769231
