"B.beta"	"C.beta"	"D.beta"	"E.beta"	"B.se"	"C.se"	"D.se"	"E.se"	"A.rate"	"B.rate"	"C.rate"	"D.rate"	"E.rate"
"246"	-0.627340915415369	-0.00478984560788424	-0.397179739683404	-0.769813404003398	0.640266797424513	0.685784608145365	0.777700933754716	0.591874136687137	0.230769230769231	0.384615384615385	0.384615384615385	0.384615384615385	0.230769230769231
