"B.beta"	"C.beta"	"D.beta"	"E.beta"	"B.se"	"C.se"	"D.se"	"E.se"	"A.rate"	"B.rate"	"C.rate"	"D.rate"	"E.rate"
"815"	-0.381003149611901	-0.568393433370208	-0.483088685008669	-0.154487028580405	0.40165336934495	1.14474216027137	0.526468716768809	0.865667882687974	0.230769230769231	0.384615384615385	0.230769230769231	0.384615384615385	0.384615384615385
