"B.beta"	"C.beta"	"D.beta"	"E.beta"	"B.se"	"C.se"	"D.se"	"E.se"	"A.rate"	"B.rate"	"C.rate"	"D.rate"	"E.rate"
"325"	-0.381675488404072	-0.739753883979291	-0.474390801109808	-0.254562741351591	0.304871663921369	0.349791395711997	0.512290083200803	0.534017202539629	0.230769230769231	0.384615384615385	0.384615384615385	0.230769230769231	0.230769230769231
