"B.beta"	"C.beta"	"D.beta"	"E.beta"	"B.se"	"C.se"	"D.se"	"E.se"	"A.rate"	"B.rate"	"C.rate"	"D.rate"	"E.rate"
"438"	-0.524591734311084	-0.75039417865756	-0.419696064439367	-1.43175213209773	0.434858195336392	0.936998593358173	0.303128475928704	1.81550952435324	0.230769230769231	0.384615384615385	0.384615384615385	0.384615384615385	0.230769230769231
