"B.beta"	"C.beta"	"D.beta"	"E.beta"	"B.se"	"C.se"	"D.se"	"E.se"	"A.rate"	"B.rate"	"C.rate"	"D.rate"	"E.rate"
"512"	-0.43451277060322	-6.16134175601659	-0.534758234146122	-6.41770900717226	1.50050592707257	1666111.47776157	0.7510684221493	1740552.63732335	0.230769230769231	0.384615384615385	0.230769230769231	0.230769230769231	0.230769230769231
