"B.beta"	"C.beta"	"D.beta"	"E.beta"	"B.se"	"C.se"	"D.se"	"E.se"	"A.rate"	"B.rate"	"C.rate"	"D.rate"	"E.rate"
"891"	-0.14133936470678	-0.792107446002171	-0.467204032092361	-0.435564491243751	1.04146618042286	0.371035959345055	1.03040365027972	1.38226179134815	0.230769230769231	0.384615384615385	0.384615384615385	0.384615384615385	0.230769230769231
