"B.beta"	"C.beta"	"D.beta"	"E.beta"	"B.se"	"C.se"	"D.se"	"E.se"	"A.rate"	"B.rate"	"C.rate"	"D.rate"	"E.rate"
"514"	-0.738304341721535	-1.15939994300669	0.0101159612529225	-0.032060620631328	0.530135314259632	2.74083019201379	0.50821554130917	0.738714865906485	0.230769230769231	0.384615384615385	0.230769230769231	0.230769230769231	0.230769230769231
