"B.beta"	"C.beta"	"D.beta"	"E.beta"	"B.se"	"C.se"	"D.se"	"E.se"	"A.rate"	"B.rate"	"C.rate"	"D.rate"	"E.rate"
"113"	-0.345603850928124	-0.231622736823031	0.495093459210124	0.234604418114761	0.269824947112571	0.347009390307205	0.392104528815542	0.465591183856218	0.230769230769231	0.384615384615385	0.384615384615385	0.384615384615385	0.230769230769231
