"B.beta"	"C.beta"	"D.beta"	"E.beta"	"B.se"	"C.se"	"D.se"	"E.se"	"A.rate"	"B.rate"	"C.rate"	"D.rate"	"E.rate"
"22"	-0.633427461666682	-0.397611350184191	-1.40776465372502	-0.616561643244017	0.426850938993526	0.432041564085983	2.50283533416448	0.683561235523567	0.230769230769231	0.384615384615385	0.230769230769231	0.230769230769231	0.230769230769231
