"B.beta"	"C.beta"	"D.beta"	"E.beta"	"B.se"	"C.se"	"D.se"	"E.se"	"A.rate"	"B.rate"	"C.rate"	"D.rate"	"E.rate"
"220"	-0.424168001880077	-0.600892353057784	-0.100848466308424	-0.243614368052766	0.37938354770432	0.422415461380872	0.886370716694076	0.346235626389675	0.230769230769231	0.384615384615385	0.384615384615385	0.230769230769231	0.384615384615385
