"B.beta"	"C.beta"	"D.beta"	"E.beta"	"B.se"	"C.se"	"D.se"	"E.se"	"A.rate"	"B.rate"	"C.rate"	"D.rate"	"E.rate"
"416"	-0.327793898462656	-1.03223036757767	-0.438789380676872	-1.0207599091437	0.524956767169744	0.559132795556255	1.15087693383397	0.571743593034342	0.230769230769231	0.384615384615385	0.384615384615385	0.384615384615385	0.230769230769231
