"B.beta"	"C.beta"	"D.beta"	"E.beta"	"B.se"	"C.se"	"D.se"	"E.se"	"A.rate"	"B.rate"	"C.rate"	"D.rate"	"E.rate"
"697"	-0.722110009029151	-0.767025558965283	-0.79689346573289	-0.337241048147204	0.994240751123296	0.437244755658377	0.364315315862403	0.462949607750988	0.230769230769231	0.384615384615385	0.384615384615385	0.384615384615385	0.230769230769231
