"B.beta"	"C.beta"	"D.beta"	"E.beta"	"B.se"	"C.se"	"D.se"	"E.se"	"A.rate"	"B.rate"	"C.rate"	"D.rate"	"E.rate"
"152"	-0.278148020352716	-0.903193416790628	-0.0509965820024678	-0.674150262666102	0.765329369310584	0.264468136770612	0.3699228054875	0.384199383143472	0.230769230769231	0.384615384615385	0.384615384615385	0.230769230769231	0.230769230769231
