"B.beta"	"C.beta"	"D.beta"	"E.beta"	"B.se"	"C.se"	"D.se"	"E.se"	"A.rate"	"B.rate"	"C.rate"	"D.rate"	"E.rate"
"242"	-0.0201482829236245	-0.647330653770163	-0.293128656562277	0.0805046565661194	0.599345353248259	0.45633733772963	0.407310022892425	0.501466272486187	0.230769230769231	0.384615384615385	0.384615384615385	0.384615384615385	0.230769230769231
