"B.beta"	"C.beta"	"D.beta"	"E.beta"	"B.se"	"C.se"	"D.se"	"E.se"	"A.rate"	"B.rate"	"C.rate"	"D.rate"	"E.rate"
"601"	0.03875184449792	-0.54640963390395	-0.349853195126685	-0.902115348688077	0.435303640415769	0.397769644380806	0.528121170633317	1.60710438574782	0.230769230769231	0.384615384615385	0.384615384615385	0.230769230769231	0.230769230769231
