"B.beta"	"C.beta"	"D.beta"	"E.beta"	"B.se"	"C.se"	"D.se"	"E.se"	"A.rate"	"B.rate"	"C.rate"	"D.rate"	"E.rate"
"978"	-0.55054655734681	-0.863070296185777	-0.382205119686897	0.171132672357907	0.858076394130747	0.396062078921954	0.479796441651599	1.70156509225068	0.230769230769231	0.384615384615385	0.384615384615385	0.230769230769231	0.230769230769231
