"B.beta"	"C.beta"	"D.beta"	"E.beta"	"B.se"	"C.se"	"D.se"	"E.se"	"A.rate"	"B.rate"	"C.rate"	"D.rate"	"E.rate"
"371"	0.0443186618739426	-0.378419195305674	-0.634338979423735	-0.963064986508208	0.402457255038696	0.703487705313101	0.531895303319745	0.47160531943928	0.230769230769231	0.384615384615385	0.384615384615385	0.384615384615385	0.230769230769231
