"B.beta"	"C.beta"	"D.beta"	"E.beta"	"B.se"	"C.se"	"D.se"	"E.se"	"A.rate"	"B.rate"	"C.rate"	"D.rate"	"E.rate"
"15"	-0.736797563379369	-0.589173832360546	-0.942621405497497	-0.315127704796115	0.359232863589314	1.35324115754877	0.97094309288025	1.09550912156318	0.230769230769231	0.384615384615385	0.230769230769231	0.230769230769231	0.384615384615385
