"B.beta"	"C.beta"	"D.beta"	"E.beta"	"B.se"	"C.se"	"D.se"	"E.se"	"A.rate"	"B.rate"	"C.rate"	"D.rate"	"E.rate"
"146"	-0.45844497886549	-0.108458988879864	-0.7021870250817	-6.35093852481003	0.423444742897584	0.289555749999686	0.576171753061925	997890.850298014	0.230769230769231	0.384615384615385	0.384615384615385	0.230769230769231	0.230769230769231
