"B.beta"	"C.beta"	"D.beta"	"E.beta"	"B.se"	"C.se"	"D.se"	"E.se"	"A.rate"	"B.rate"	"C.rate"	"D.rate"	"E.rate"
"515"	-0.153688720230203	-1.03324285661766	-0.608785954927854	-1.17945486101063	0.392521266300849	0.94710936299479	0.45370119372984	1.4893253518715	0.230769230769231	0.384615384615385	0.230769230769231	0.230769230769231	0.230769230769231
