"高血压.beta"	"心脏病.beta"	"高血压.se"	"心脏病.se"	"新冠死亡.rate"	"高血压.rate"	"心脏病.rate"
"0"	-1.15615173310637	-0.349157007594647	0.000649678737054933	0.000616208332672794	0.355318121110511	0.360944559688557	0.307692307692308
