高血压.beta	心脏病.beta	高血压.se	心脏病.se	新冠死亡.rate	高血压.rate	心脏病.rate
-1.1561517331063702	-0.34915700759464696	0.000649678737054933	0.0006162083326727941	0.355318121110511	0.360944559688557	0.307692307692308
