"Sex.beta"	"Age.beta"	"Hypertension.beta"	"Sex.se"	"Age.se"	"Hypertension.se"	"Death.rate"	"Sex.rate"	"Age.rate"	"Hypertension.rate"
"78"	0.531475271934628	2.17037207631999	0.331282577904369	0.0856174687538448	0.0811237631043549	0.0899963395759433	0.0229002507163324	0.514438574498567	0.311358345272206	0.128916009994234
