"Sex.beta"	"Age.beta"	"Hypertension.beta"	"Sex.se"	"Age.se"	"Hypertension.se"	"Death.rate"	"Sex.rate"	"Age.rate"	"Hypertension.rate"
"26"	0.471299134258755	2.09735328250057	0.313591264500766	0.0894187332459987	0.0895483817274121	0.0790498966822782	0.0242167980011532	0.5	0.311358345272206	0.128916009994234
