"Sex.beta"	"Age.beta"	"Hypertension.beta"	"Sex.se"	"Age.se"	"Hypertension.se"	"Death.rate"	"Sex.rate"	"Age.rate"	"Hypertension.rate"
"80"	0.453547787934848	2.12574135094338	0.36454998159415	0.0710050119832327	0.102910945174159	0.0856807489993313	0.0242167980011532	0.514438574498567	0.311358345272206	0.128916009994234
