"Sex.beta"	"Age.beta"	"Hypertension.beta"	"Sex.se"	"Age.se"	"Hypertension.se"	"Death.rate"	"Sex.rate"	"Age.rate"	"Hypertension.rate"
"67"	0.593360155747863	2.1123554288024	0.412091993420274	0.0818790144166016	0.103487550746807	0.083370300522841	0.0229002507163324	0.514438574498567	0.311349899261249	0.289769420192523
