"Sex.beta"	"Age.beta"	"Hypertension.beta"	"Sex.se"	"Age.se"	"Hypertension.se"	"Death.rate"	"Sex.rate"	"Age.rate"	"Hypertension.rate"
"76"	0.491304200070952	2.25150458017451	0.397816979116515	0.07226903394678	0.184186036192539	0.116813883739772	0.0229002507163324	0.514438574498567	0.311358345272206	0.289769420192523
