"Sex.beta"	"Age.beta"	"Hypertension.beta"	"Sex.se"	"Age.se"	"Hypertension.se"	"Death.rate"	"Sex.rate"	"Age.rate"	"Hypertension.rate"
"21"	0.53343726936103	2.11928186258699	0.418600961555419	0.0846372630836276	0.10049644105324	0.0754616276665986	0.0229002507163324	0.5	0.311358345272206	0.289769420192523
