"Sex.beta"	"Age.beta"	"Hypertension.beta"	"Sex.se"	"Age.se"	"Hypertension.se"	"Death.rate"	"Sex.rate"	"Age.rate"	"Hypertension.rate"
"69"	0.498639715540889	2.15317595723882	0.3798951327465	0.0773289537574108	0.0848643768626294	0.0719164496458107	0.0229002507163324	0.514438574498567	0.311349899261249	0.128916009994234
