"Sex.beta"	"Age.beta"	"Hypertension.beta"	"Sex.se"	"Age.se"	"Hypertension.se"	"Death.rate"	"Sex.rate"	"Age.rate"	"Hypertension.rate"
"63"	0.491862447432765	2.04000399784398	0.531517847003785	0.0651118574957126	0.102171084143286	0.1536959048437	0.0229002507163324	0.514438574498567	0.311349899261249	0.460353704947392
