"Sex.beta"	"Age.beta"	"Hypertension.beta"	"Sex.se"	"Age.se"	"Hypertension.se"	"Death.rate"	"Sex.rate"	"Age.rate"	"Hypertension.rate"
"14"	0.469631447629743	1.97121207137262	0.427725990003935	0.0614390857158254	0.0764402100465314	0.0823760120657374	0.0242167980011532	0.5	0.311349899261249	0.289769420192523
