"Sex.beta"	"Age.beta"	"Hypertension.beta"	"Sex.se"	"Age.se"	"Hypertension.se"	"Death.rate"	"Sex.rate"	"Age.rate"	"Hypertension.rate"
"53"	0.51880015539284	2.10338496630896	0.372762372595803	0.0774247819724004	0.111704819810678	0.109523286985888	0.0242167980011532	0.51443922095366	0.311358345272206	0.128916009994234
