"Sex.beta"	"Age.beta"	"Hypertension.beta"	"Sex.se"	"Age.se"	"Hypertension.se"	"Death.rate"	"Sex.rate"	"Age.rate"	"Hypertension.rate"
"72"	0.529610086471583	2.12366206394617	0.576709386126717	0.0673028345118675	0.126533000670153	0.0870778275893354	0.0229002507163324	0.514438574498567	0.311358345272206	0.460353704947392
