"Sex.beta"	"Age.beta"	"Hypertension.beta"	"Sex.se"	"Age.se"	"Hypertension.se"	"Death.rate"	"Sex.rate"	"Age.rate"	"Hypertension.rate"
"22"	0.535329519100158	2.22419769014965	0.383217376531635	0.0873381723030007	0.129100217236615	0.0981944363860058	0.0229002507163324	0.5	0.311358345272206	0.289769420192523
