"Sex.beta"	"Age.beta"	"Hypertension.beta"	"Sex.se"	"Age.se"	"Hypertension.se"	"Death.rate"	"Sex.rate"	"Age.rate"	"Hypertension.rate"
"49"	0.534167770457943	2.11843030935181	0.4001971667789	0.0891601717791188	0.206079279712798	0.0659942378650956	0.0229002507163324	0.51443922095366	0.311358345272206	0.289769420192523
