"Sex.beta"	"Age.beta"	"Hypertension.beta"	"Sex.se"	"Age.se"	"Hypertension.se"	"Death.rate"	"Sex.rate"	"Age.rate"	"Hypertension.rate"
"10"	0.47732096837039	2.08760642790734	0.520805253753563	0.116731486280433	0.0827918566133999	0.095755354301892	0.0229002507163324	0.5	0.311349899261249	0.460353704947392
