"Sex.beta"	"Age.beta"	"Hypertension.beta"	"Sex.se"	"Age.se"	"Hypertension.se"	"Death.rate"	"Sex.rate"	"Age.rate"	"Hypertension.rate"
"41"	0.537807466243345	2.09480442850614	0.419469007590034	0.0653625267012918	0.110143749664909	0.0687492835076495	0.0242167980011532	0.51443922095366	0.311349899261249	0.289769420192523
