"Sex.beta"	"Age.beta"	"Hypertension.beta"	"Sex.se"	"Age.se"	"Hypertension.se"	"Death.rate"	"Sex.rate"	"Age.rate"	"Hypertension.rate"
"9"	0.585711143055913	2.09213237429065	0.610306733033774	0.107250559139676	0.0857687032310645	0.0768692307123284	0.0229002507163324	0.5	0.311349899261249	0.460353704947392
