"Sex.beta"	"Age.beta"	"Hypertension.beta"	"Sex.se"	"Age.se"	"Hypertension.se"	"Death.rate"	"Sex.rate"	"Age.rate"	"Hypertension.rate"
"77"	0.560897166322693	2.07038945001287	0.397598167602129	0.0787121482865655	0.0764349355040965	0.0714055565640217	0.0242167980011532	0.514438574498567	0.311358345272206	0.289769420192523
