"Sex.beta"	"Age.beta"	"Hypertension.beta"	"Sex.se"	"Age.se"	"Hypertension.se"	"Death.rate"	"Sex.rate"	"Age.rate"	"Hypertension.rate"
"48"	0.506995090405739	2.14838557086906	0.371245360634258	0.0797462155744607	0.0926927824290352	0.0944770909351846	0.0229002507163324	0.51443922095366	0.311358345272206	0.289769420192523
