"Sex.beta"	"Age.beta"	"Hypertension.beta"	"Sex.se"	"Age.se"	"Hypertension.se"	"Death.rate"	"Sex.rate"	"Age.rate"	"Hypertension.rate"
"43"	0.49170352403593	2.22708185519918	0.379833934819517	0.0734859444008884	0.0919037422122117	0.10856320622934	0.0229002507163324	0.51443922095366	0.311349899261249	0.128916009994234
