"Sex.beta"	"Age.beta"	"Hypertension.beta"	"Sex.se"	"Age.se"	"Hypertension.se"	"Death.rate"	"Sex.rate"	"Age.rate"	"Hypertension.rate"
"37"	0.512284376228675	2.08783183858747	0.606061969258932	0.0885900912196075	0.0965603519396641	0.0892001282789478	0.0229002507163324	0.51443922095366	0.311349899261249	0.460353704947392
