"Sex.beta"	"Age.beta"	"Hypertension.beta"	"Sex.se"	"Age.se"	"Hypertension.se"	"Death.rate"	"Sex.rate"	"Age.rate"	"Hypertension.rate"
"68"	0.564783423361177	2.04260199636267	0.430250636717161	0.142659178765434	0.100375082217456	0.0997437768136544	0.0242167980011532	0.514438574498567	0.311349899261249	0.289769420192523
