"Sex.beta"	"Age.beta"	"Hypertension.beta"	"Sex.se"	"Age.se"	"Hypertension.se"	"Death.rate"	"Sex.rate"	"Age.rate"	"Hypertension.rate"
"79"	0.532519441480907	2.24550236306876	0.318127390798427	0.084122773093191	0.100083193309847	0.095007059572015	0.0229002507163324	0.514438574498567	0.311358345272206	0.128916009994234
