"Sex.beta"	"Age.beta"	"Hypertension.beta"	"Sex.se"	"Age.se"	"Hypertension.se"	"Death.rate"	"Sex.rate"	"Age.rate"	"Hypertension.rate"
"75"	0.558615583513853	2.19089003234932	0.441636252105085	0.0806706237587893	0.0968316179630391	0.0803379092813721	0.0229002507163324	0.514438574498567	0.311358345272206	0.289769420192523
