"Sex.beta"	"Age.beta"	"Hypertension.beta"	"Sex.se"	"Age.se"	"Hypertension.se"	"Death.rate"	"Sex.rate"	"Age.rate"	"Hypertension.rate"
"17"	0.519317503902384	2.12269710399024	0.337578154826187	0.064205968640968	0.0788905723716983	0.0714438658801831	0.0242167980011532	0.5	0.311349899261249	0.128916009994234
