"Sex.beta"	"Age.beta"	"Hypertension.beta"	"Sex.se"	"Age.se"	"Hypertension.se"	"Death.rate"	"Sex.rate"	"Age.rate"	"Hypertension.rate"
"13"	0.537097767416826	2.09168689177565	0.454568980622159	0.0870435381783076	0.105145351041887	0.0929043139991636	0.0229002507163324	0.5	0.311349899261249	0.289769420192523
