"Sex.beta"	"Age.beta"	"Hypertension.beta"	"Sex.se"	"Age.se"	"Hypertension.se"	"Death.rate"	"Sex.rate"	"Age.rate"	"Hypertension.rate"
"70"	0.556573038661372	2.23603488282535	0.364659393531456	0.0704718688039085	0.108032054402634	0.120387903252137	0.0229002507163324	0.514438574498567	0.311349899261249	0.128916009994234
