"Sex.beta"	"Age.beta"	"Hypertension.beta"	"Sex.se"	"Age.se"	"Hypertension.se"	"Death.rate"	"Sex.rate"	"Age.rate"	"Hypertension.rate"
"47"	0.486964239865575	2.01844250635266	0.472992791051537	0.106379355956614	0.0773754179329827	0.0760403278793645	0.0242167980011532	0.51443922095366	0.311358345272206	0.460353704947392
