"Sex.beta"	"Age.beta"	"Hypertension.beta"	"Sex.se"	"Age.se"	"Hypertension.se"	"Death.rate"	"Sex.rate"	"Age.rate"	"Hypertension.rate"
"38"	0.482526164451263	2.00317945375597	0.547135423403804	0.0870506786424629	0.0780943823802218	0.0891812139829591	0.0242167980011532	0.51443922095366	0.311349899261249	0.460353704947392
