"Sex.beta"	"Age.beta"	"Hypertension.beta"	"Sex.se"	"Age.se"	"Hypertension.se"	"Death.rate"	"Sex.rate"	"Age.rate"	"Hypertension.rate"
"18"	0.546433238322967	2.11591151351371	0.556671273200542	0.135259696377885	0.10419595826865	0.11133920546549	0.0229002507163324	0.5	0.311358345272206	0.460353704947392
