"Sex.beta"	"Age.beta"	"Hypertension.beta"	"Sex.se"	"Age.se"	"Hypertension.se"	"Death.rate"	"Sex.rate"	"Age.rate"	"Hypertension.rate"
"25"	0.546466252725037	2.14122630193346	0.35390037683901	0.110726277951966	0.116203978089493	0.0917579713783443	0.0229002507163324	0.5	0.311358345272206	0.128916009994234
