"Sex.beta"	"Age.beta"	"Hypertension.beta"	"Sex.se"	"Age.se"	"Hypertension.se"	"Death.rate"	"Sex.rate"	"Age.rate"	"Hypertension.rate"
"46"	0.479885328934359	2.1279913327784	0.491991056895815	0.0628653276184375	0.129141106933754	0.116826393550306	0.0229002507163324	0.51443922095366	0.311358345272206	0.460353704947392
