"Sex.beta"	"Age.beta"	"Hypertension.beta"	"Sex.se"	"Age.se"	"Hypertension.se"	"Death.rate"	"Sex.rate"	"Age.rate"	"Hypertension.rate"
"50"	0.501606137131448	2.06878947349885	0.413438767325907	0.179697278836632	0.121651523642584	0.0854847815910656	0.0242167980011532	0.51443922095366	0.311358345272206	0.289769420192523
