"Sex.beta"	"Age.beta"	"Hypertension.beta"	"Sex.se"	"Age.se"	"Hypertension.se"	"Death.rate"	"Sex.rate"	"Age.rate"	"Hypertension.rate"
"64"	0.49277037369946	2.04603897796256	0.541710330129445	0.0758447084049589	0.176760459740617	0.111771100908606	0.0229002507163324	0.514438574498567	0.311349899261249	0.460353704947392
