"Sex.beta"	"Age.beta"	"Hypertension.beta"	"Sex.se"	"Age.se"	"Hypertension.se"	"Death.rate"	"Sex.rate"	"Age.rate"	"Hypertension.rate"
"23"	0.515870064700985	2.08356490165421	0.394146923123859	0.0813465399272975	0.115029130154379	0.0824007065256069	0.0242167980011532	0.5	0.311358345272206	0.289769420192523
