"Sex.beta"	"Age.beta"	"Hypertension.beta"	"Sex.se"	"Age.se"	"Hypertension.se"	"Death.rate"	"Sex.rate"	"Age.rate"	"Hypertension.rate"
"45"	0.607899786153804	2.12610958089552	0.627987620550015	0.0874676611092307	0.100314450993024	0.142347708844011	0.0229002507163324	0.51443922095366	0.311358345272206	0.460353704947392
