"Sex.beta"	"Age.beta"	"Hypertension.beta"	"Sex.se"	"Age.se"	"Hypertension.se"	"Death.rate"	"Sex.rate"	"Age.rate"	"Hypertension.rate"
"19"	0.494981049114254	2.06008720396613	0.422990421367154	0.0902142546111121	0.0808204720439057	0.0772318906163568	0.0229002507163324	0.5	0.311358345272206	0.460353704947392
