"Sex.beta"	"Age.beta"	"Hypertension.beta"	"Sex.se"	"Age.se"	"Hypertension.se"	"Death.rate"	"Sex.rate"	"Age.rate"	"Hypertension.rate"
"36"	0.521489163390502	2.07791197580068	0.606488134330288	0.102364782349668	0.127591980716845	0.113875580191636	0.0229002507163324	0.51443922095366	0.311349899261249	0.460353704947392
