"Sex.beta"	"Age.beta"	"Hypertension.beta"	"Sex.se"	"Age.se"	"Hypertension.se"	"Death.rate"	"Sex.rate"	"Age.rate"	"Hypertension.rate"
"44"	0.477346958463168	2.1736176976679	0.256851132608411	0.0684948205481688	0.079386975550315	0.0811646916915094	0.0242167980011532	0.51443922095366	0.311349899261249	0.128916009994234
