"Sex.beta"	"Age.beta"	"Hypertension.beta"	"Sex.se"	"Age.se"	"Hypertension.se"	"Death.rate"	"Sex.rate"	"Age.rate"	"Hypertension.rate"
"15"	0.551041259437175	2.1970091931195	0.43436667780806	0.0665930120096369	0.163896671808558	0.14203848951854	0.0229002507163324	0.5	0.311349899261249	0.128916009994234
