"Sex.beta"	"Age.beta"	"Hypertension.beta"	"Sex.se"	"Age.se"	"Hypertension.se"	"Death.rate"	"Sex.rate"	"Age.rate"	"Hypertension.rate"
"74"	0.467532047788445	2.04524522162412	0.531541073988445	0.0934145599642508	0.0944203260937032	0.0779552081468231	0.0242167980011532	0.514438574498567	0.311358345272206	0.460353704947392
