"Sex.beta"	"Age.beta"	"Hypertension.beta"	"Sex.se"	"Age.se"	"Hypertension.se"	"Death.rate"	"Sex.rate"	"Age.rate"	"Hypertension.rate"
"66"	0.545303409489874	2.11520377299703	0.458925623825661	0.0773542113726904	0.116074006949948	0.0799490152900705	0.0229002507163324	0.514438574498567	0.311349899261249	0.289769420192523
