"Sex.beta"	"Age.beta"	"Hypertension.beta"	"Sex.se"	"Age.se"	"Hypertension.se"	"Death.rate"	"Sex.rate"	"Age.rate"	"Hypertension.rate"
"65"	0.484155625666758	2.01639676220462	0.463027818928588	0.0603223789823663	0.0871308976080917	0.0812148214553612	0.0242167980011532	0.514438574498567	0.311349899261249	0.460353704947392
