"Sex.beta"	"Age.beta"	"Hypertension.beta"	"Sex.se"	"Age.se"	"Hypertension.se"	"Death.rate"	"Sex.rate"	"Age.rate"	"Hypertension.rate"
"12"	0.556642294847075	2.16695981147466	0.465881574958762	0.0686077012599456	0.100220787223289	0.115832132832243	0.0229002507163324	0.5	0.311349899261249	0.289769420192523
