"Sex.beta"	"Age.beta"	"Hypertension.beta"	"Sex.se"	"Age.se"	"Hypertension.se"	"Death.rate"	"Sex.rate"	"Age.rate"	"Hypertension.rate"
"73"	0.525032394590674	2.12134914243406	0.555192850869078	0.118295093580976	0.132982096008141	0.0901211732718385	0.0229002507163324	0.514438574498567	0.311358345272206	0.460353704947392
