"Sex.beta"	"Age.beta"	"Hypertension.beta"	"Sex.se"	"Age.se"	"Hypertension.se"	"Death.rate"	"Sex.rate"	"Age.rate"	"Hypertension.rate"
"11"	0.519223970970823	2.08973845762878	0.467951424608904	0.0772378187779787	0.0931677633704848	0.107667544484826	0.0242167980011532	0.5	0.311349899261249	0.460353704947392
