"Sex.beta"	"Age.beta"	"Hypertension.beta"	"Sex.se"	"Age.se"	"Hypertension.se"	"Death.rate"	"Sex.rate"	"Age.rate"	"Hypertension.rate"
"40"	0.550212878602979	2.10994380036395	0.388362669077063	0.0876173424149327	0.109547509760265	0.0997904181209056	0.0229002507163324	0.51443922095366	0.311349899261249	0.289769420192523
