"Sex.beta"	"Age.beta"	"Hypertension.beta"	"Sex.se"	"Age.se"	"Hypertension.se"	"Death.rate"	"Sex.rate"	"Age.rate"	"Hypertension.rate"
"71"	0.506264628525938	2.09823425395528	0.35103700467035	0.109230124680059	0.0883508451939989	0.0858198619887943	0.0242167980011532	0.514438574498567	0.311349899261249	0.128916009994234
