"Sex.beta"	"Age.beta"	"Hypertension.beta"	"Sex.se"	"Age.se"	"Hypertension.se"	"Death.rate"	"Sex.rate"	"Age.rate"	"Hypertension.rate"
"52"	0.613751853747412	2.16520117848733	0.367458397983181	0.0709469981695205	0.0833244355864535	0.0843515882958439	0.0229002507163324	0.51443922095366	0.311358345272206	0.128916009994234
