"Sex.beta"	"Age.beta"	"Hypertension.beta"	"Sex.se"	"Age.se"	"Hypertension.se"	"Death.rate"	"Sex.rate"	"Age.rate"	"Hypertension.rate"
"24"	0.506727670092425	2.26037562613207	0.345024269002459	0.0733712514289256	0.0984943280063942	0.0850917547906807	0.0229002507163324	0.5	0.311358345272206	0.128916009994234
