"Sex.beta"	"Age.beta"	"Hypertension.beta"	"Sex.se"	"Age.se"	"Hypertension.se"	"Death.rate"	"Sex.rate"	"Age.rate"	"Hypertension.rate"
"51"	0.538090152178323	2.10911674201889	0.387739632148995	0.0942482990438602	0.192826927354276	0.126992113119507	0.0229002507163324	0.51443922095366	0.311358345272206	0.128916009994234
