"Sex.beta"	"Age.beta"	"Hypertension.beta"	"Sex.se"	"Age.se"	"Hypertension.se"	"Death.rate"	"Sex.rate"	"Age.rate"	"Hypertension.rate"
"39"	0.548191364810927	2.08579965320786	0.438420323589082	0.103916056293846	0.0815921591845904	0.0782877383165762	0.0229002507163324	0.51443922095366	0.311349899261249	0.289769420192523
