"Sex.beta"	"Age.beta"	"Hypertension.beta"	"Sex.se"	"Age.se"	"Hypertension.se"	"Death.rate"	"Sex.rate"	"Age.rate"	"Hypertension.rate"
"42"	0.532655591920616	2.27749416751586	0.33744691211489	0.0768535080530062	0.173798066521532	0.106712186483828	0.0229002507163324	0.51443922095366	0.311349899261249	0.128916009994234
