"Sex.beta"	"Age.beta"	"Hypertension.beta"	"Sex.se"	"Age.se"	"Hypertension.se"	"Death.rate"	"Sex.rate"	"Age.rate"	"Hypertension.rate"
"20"	0.474234845872887	2.03317855433248	0.477723299689875	0.0853692326061257	0.111167679730969	0.112985279281413	0.0242167980011532	0.5	0.311358345272206	0.460353704947392
