"beta"	"se"	"z_value"	"P"
"Sex"	0.52187383640608	0.0962629854872391	5.42133441804858	5.91557759230487e-08
"Age"	2.11957600364987	0.132317793359035	16.0188282304448	9.44126988542103e-58
"Hypertension"	0.434523565044746	0.129709445818031	3.34997626660389	0.000808184847752708
