	Death	Sex	Age	Hypertension
Death	1.0	0.03794576818217735	0.1649784492391731	0.08956906613296257
Sex	0.03794576818217735	1.0	0.0	0.02409051136332501
Age	0.1649784492391731	0.0	1.0	0.3558247264803958
Hypertension	0.08956906613296257	0.02409051136332501	0.3558247264803958	1.0
rate	0.02421679800115318	0.5144385744985673	0.3113583452722063	0.28976942019252294
variance	0.023630344695724524	0.24979152756644932	0.21441432610155986	0.20580310331381202
sd	0.15372164680266903	0.4997914840875636	0.463048945686695	0.45365526924506455
mean	0.02421679800115318	0.5144385744985673	0.3113583452722063	0.28976942019252294
