"Sex.beta"	"Age.beta"	"Hypertension.beta"	"Sex.se"	"Age.se"	"Hypertension.se"	"Death.rate"	"Sex.rate"	"Age.rate"	"Hypertension.rate"
"0"	0.533464924003422	2.55665026883659	0.38100607464853	0.0729662221209233	0.114721546115713	0.0701452223826284	0.0233390998112726	0.509625931817409	0.374236081511152	0.293013045044716
