"beta"	"se"	"z_value"	"P"
"Sex"	0.533464924003422	0.0729662221209233	7.31112161897785	2.64921610934611e-13
"Age"	2.55665026883659	0.114721546115713	22.2857026896922	5.08526889477497e-110
"Hypertension"	0.38100607464853	0.0701452223826284	5.43167534019946	5.58274235576258e-08
