	Death	Sex	Age	Hypertension
Death	1.0	0.03794576818217735	0.1649784492391731	0.08956906613296257
Sex	0.03794576818217735	1.0	0.0	0.02409051136332501
Age	0.1649784492391731	0.0	1.0	0.3558247264803958
Hypertension	0.08956906613296257	0.02409051136332501	0.3558247264803958	1.0
rate	0.023339099811272645	0.5096259318174091	0.37423608151115184	0.29301304504471637
variance	0.0227943862312721	0.24990734143664659	0.23418343680633036	0.2071564004783394
sd	0.15097809851522206	0.4999073328494458	0.48392503221710936	0.4551443732249575
mean	0.023339099811272645	0.5096259318174091	0.37423608151115184	0.29301304504471637
