Sex.beta	Age.beta	Hypertension.beta	Sex.se	Age.se	Hypertension.se	Death.rate	Sex.rate	Age.rate	Hypertension.rate
0.550009378256489	2.5361623694916804	0.39206859739168304	0.0836845467477504	0.146512167847647	0.11470020498615101	0.0233390998112726	0.509625931817409	0.374236081511152	0.293013045044716
