"beta"	"se"	"z_value"	"P"
"Sex"	0.550009378256489	0.0836845467477504	6.57241270499292	4.95064131376696e-11
"Age"	2.53616236949168	0.146512167847647	17.3102507917905	3.93696410383886e-67
"Hypertension"	0.392068597391683	0.114700204986151	3.41820310991617	0.000630360472261735
