"Sex.beta"	"Age.beta"	"Hypertension.beta"	"Sex.se"	"Age.se"	"Hypertension.se"	"Death.rate"	"Sex.rate"	"Age.rate"	"Hypertension.rate"
"11"	0.309840544981062	2.01504860353802	0.517727462794149	0.0617279180594891	0.0850846761904469	0.0788058116858591	0.0242167980011532	0.36048604860486	0.311349899261249	0.460353704947392
