"Sex.beta"	"Age.beta"	"Hypertension.beta"	"Sex.se"	"Age.se"	"Hypertension.se"	"Death.rate"	"Sex.rate"	"Age.rate"	"Hypertension.rate"
"13"	0.348922840902238	2.17403652670801	0.427452262031149	0.0801854364636116	0.114131205289288	0.086932665499687	0.0229002507163324	0.36048604860486	0.311349899261249	0.289769420192523
