"Sex.beta"	"Age.beta"	"Hypertension.beta"	"Sex.se"	"Age.se"	"Hypertension.se"	"Death.rate"	"Sex.rate"	"Age.rate"	"Hypertension.rate"
"53"	0.316316454838176	2.11211012942637	0.336535109192717	0.0804932096685551	0.0881554798646095	0.066962199445817	0.0242167980011532	0.51443922095366	0.311358345272206	0.128916009994234
