"Sex.beta"	"Age.beta"	"Hypertension.beta"	"Sex.se"	"Age.se"	"Hypertension.se"	"Death.rate"	"Sex.rate"	"Age.rate"	"Hypertension.rate"
"42"	0.356504258938822	2.11235457048598	0.445271320887327	0.162421412049378	0.0788844592659977	0.0852366460449568	0.0229002507163324	0.51443922095366	0.311349899261249	0.128916009994234
