"Sex.beta"	"Age.beta"	"Hypertension.beta"	"Sex.se"	"Age.se"	"Hypertension.se"	"Death.rate"	"Sex.rate"	"Age.rate"	"Hypertension.rate"
"63"	0.348908077482656	2.07604835558246	0.564683356055224	0.0693490357027109	0.0927099401019281	0.0851550833977019	0.0229002507163324	0.514438574498567	0.311349899261249	0.460353704947392
