"Sex.beta"	"Age.beta"	"Hypertension.beta"	"Sex.se"	"Age.se"	"Hypertension.se"	"Death.rate"	"Sex.rate"	"Age.rate"	"Hypertension.rate"
"64"	0.290679000875952	2.04956095180525	0.541217181302737	0.0831646476346266	0.0957482258818876	0.0864922837963836	0.0229002507163324	0.514438574498567	0.311349899261249	0.460353704947392
