"Sex.beta"	"Age.beta"	"Hypertension.beta"	"Sex.se"	"Age.se"	"Hypertension.se"	"Death.rate"	"Sex.rate"	"Age.rate"	"Hypertension.rate"
"26"	0.327796419974781	2.1368159206077	0.355594716670078	0.0775240627530554	0.10568343227613	0.070955091413586	0.0242167980011532	0.36048604860486	0.311358345272206	0.128916009994234
