"Sex.beta"	"Age.beta"	"Hypertension.beta"	"Sex.se"	"Age.se"	"Hypertension.se"	"Death.rate"	"Sex.rate"	"Age.rate"	"Hypertension.rate"
"9"	0.278316780692704	2.0258539467651	0.489048269064782	0.0714781998693842	0.0868991237081578	0.120254605533278	0.0229002507163324	0.36048604860486	0.311349899261249	0.460353704947392
