"Sex.beta"	"Age.beta"	"Hypertension.beta"	"Sex.se"	"Age.se"	"Hypertension.se"	"Death.rate"	"Sex.rate"	"Age.rate"	"Hypertension.rate"
"25"	0.374456820541455	2.21133118239938	0.402981458691798	0.0678431902998767	0.0914294804322366	0.0744977769650204	0.0229002507163324	0.36048604860486	0.311358345272206	0.128916009994234
