"Sex.beta"	"Age.beta"	"Hypertension.beta"	"Sex.se"	"Age.se"	"Hypertension.se"	"Death.rate"	"Sex.rate"	"Age.rate"	"Hypertension.rate"
"14"	0.317403071234348	2.07575313661141	0.3807440509569	0.0599781003000492	0.111375584139344	0.11426267939794	0.0242167980011532	0.36048604860486	0.311349899261249	0.289769420192523
