"Sex.beta"	"Age.beta"	"Hypertension.beta"	"Sex.se"	"Age.se"	"Hypertension.se"	"Death.rate"	"Sex.rate"	"Age.rate"	"Hypertension.rate"
"47"	0.373219844985422	1.95658551033628	0.480150259200116	0.0833928498257261	0.0928445824857312	0.135058784231354	0.0242167980011532	0.51443922095366	0.311358345272206	0.460353704947392
