"Sex.beta"	"Age.beta"	"Hypertension.beta"	"Sex.se"	"Age.se"	"Hypertension.se"	"Death.rate"	"Sex.rate"	"Age.rate"	"Hypertension.rate"
"39"	0.304611984228813	2.05483703788103	0.485995642144217	0.0638288140325893	0.126499411246889	0.0677762996112206	0.0229002507163324	0.51443922095366	0.311349899261249	0.289769420192523
