"Sex.beta"	"Age.beta"	"Hypertension.beta"	"Sex.se"	"Age.se"	"Hypertension.se"	"Death.rate"	"Sex.rate"	"Age.rate"	"Hypertension.rate"
"71"	0.325833027861526	2.07063524563039	0.343769648055678	0.070969976095758	0.123012005194349	0.0723632397084049	0.0242167980011532	0.514438574498567	0.311349899261249	0.128916009994234
