"Sex.beta"	"Age.beta"	"Hypertension.beta"	"Sex.se"	"Age.se"	"Hypertension.se"	"Death.rate"	"Sex.rate"	"Age.rate"	"Hypertension.rate"
"72"	0.359525577300171	2.12328016210507	0.503807393838574	0.0623411539629103	0.131182257145356	0.101512329626016	0.0229002507163324	0.514438574498567	0.311358345272206	0.460353704947392
