"Sex.beta"	"Age.beta"	"Hypertension.beta"	"Sex.se"	"Age.se"	"Hypertension.se"	"Death.rate"	"Sex.rate"	"Age.rate"	"Hypertension.rate"
"24"	0.288333280288369	2.26405169284205	0.345107774205274	0.0786725004998943	0.0896027518237152	0.0730938238808767	0.0229002507163324	0.36048604860486	0.311358345272206	0.128916009994234
