"Sex.beta"	"Age.beta"	"Hypertension.beta"	"Sex.se"	"Age.se"	"Hypertension.se"	"Death.rate"	"Sex.rate"	"Age.rate"	"Hypertension.rate"
"51"	0.360868138611578	2.08686760862831	0.344750033692909	0.0764424103094537	0.0965496055214267	0.0825463516776764	0.0229002507163324	0.51443922095366	0.311358345272206	0.128916009994234
