"Sex.beta"	"Age.beta"	"Hypertension.beta"	"Sex.se"	"Age.se"	"Hypertension.se"	"Death.rate"	"Sex.rate"	"Age.rate"	"Hypertension.rate"
"65"	0.397642878460126	1.89274802696404	0.55111543048875	0.0747114429594448	0.096928591189782	0.0913819000325869	0.0242167980011532	0.514438574498567	0.311349899261249	0.460353704947392
