"Sex.beta"	"Age.beta"	"Hypertension.beta"	"Sex.se"	"Age.se"	"Hypertension.se"	"Death.rate"	"Sex.rate"	"Age.rate"	"Hypertension.rate"
"22"	0.366422790645101	2.1373047688032	0.406248032030888	0.0652839399683218	0.0842902118992612	0.0976547196327578	0.0229002507163324	0.36048604860486	0.311358345272206	0.289769420192523
