"Sex.beta"	"Age.beta"	"Hypertension.beta"	"Sex.se"	"Age.se"	"Hypertension.se"	"Death.rate"	"Sex.rate"	"Age.rate"	"Hypertension.rate"
"46"	0.349587324141628	2.07674672700822	0.571568903369137	0.10040794451759	0.12472487698061	0.136164432627338	0.0229002507163324	0.51443922095366	0.311358345272206	0.460353704947392
