"Sex.beta"	"Age.beta"	"Hypertension.beta"	"Sex.se"	"Age.se"	"Hypertension.se"	"Death.rate"	"Sex.rate"	"Age.rate"	"Hypertension.rate"
"69"	0.333162409307771	2.13014324642028	0.386161709766454	0.0866983164290773	0.140797907898542	0.0999714440559225	0.0229002507163324	0.514438574498567	0.311349899261249	0.128916009994234
