"Sex.beta"	"Age.beta"	"Hypertension.beta"	"Sex.se"	"Age.se"	"Hypertension.se"	"Death.rate"	"Sex.rate"	"Age.rate"	"Hypertension.rate"
"66"	0.404496036924236	2.16197472685708	0.450936616331649	0.0672517064006482	0.114703112988302	0.0740132230222693	0.0229002507163324	0.514438574498567	0.311349899261249	0.289769420192523
