"Sex.beta"	"Age.beta"	"Hypertension.beta"	"Sex.se"	"Age.se"	"Hypertension.se"	"Death.rate"	"Sex.rate"	"Age.rate"	"Hypertension.rate"
"45"	0.359631074414575	2.04112577672308	0.605580056426827	0.0649338027465063	0.167698790007159	0.0949134031780736	0.0229002507163324	0.51443922095366	0.311358345272206	0.460353704947392
