"Sex.beta"	"Age.beta"	"Hypertension.beta"	"Sex.se"	"Age.se"	"Hypertension.se"	"Death.rate"	"Sex.rate"	"Age.rate"	"Hypertension.rate"
"77"	0.263539650979305	2.06448370038069	0.443300141740267	0.0871246524800603	0.0856682613139008	0.0770264680952388	0.0242167980011532	0.514438574498567	0.311358345272206	0.289769420192523
