"Sex.beta"	"Age.beta"	"Hypertension.beta"	"Sex.se"	"Age.se"	"Hypertension.se"	"Death.rate"	"Sex.rate"	"Age.rate"	"Hypertension.rate"
"21"	0.398286506963115	2.08081733319057	0.406393709927762	0.119906785259309	0.109081548841471	0.06742628566588	0.0229002507163324	0.36048604860486	0.311358345272206	0.289769420192523
