"Sex.beta"	"Age.beta"	"Hypertension.beta"	"Sex.se"	"Age.se"	"Hypertension.se"	"Death.rate"	"Sex.rate"	"Age.rate"	"Hypertension.rate"
"78"	0.299053586050105	2.18220694900765	0.353681421685703	0.168180415813655	0.0968955031173449	0.0969130212311543	0.0229002507163324	0.514438574498567	0.311358345272206	0.128916009994234
