"Sex.beta"	"Age.beta"	"Hypertension.beta"	"Sex.se"	"Age.se"	"Hypertension.se"	"Death.rate"	"Sex.rate"	"Age.rate"	"Hypertension.rate"
"80"	0.318037721074607	2.08486743912958	0.363603715622038	0.106534567148439	0.145384291302544	0.0682150546820923	0.0242167980011532	0.514438574498567	0.311358345272206	0.128916009994234
