"Sex.beta"	"Age.beta"	"Hypertension.beta"	"Sex.se"	"Age.se"	"Hypertension.se"	"Death.rate"	"Sex.rate"	"Age.rate"	"Hypertension.rate"
"67"	0.33519374258662	2.1753692885297	0.360545235207185	0.135420277404431	0.115428660949093	0.07546474960169	0.0229002507163324	0.514438574498567	0.311349899261249	0.289769420192523
