"Sex.beta"	"Age.beta"	"Hypertension.beta"	"Sex.se"	"Age.se"	"Hypertension.se"	"Death.rate"	"Sex.rate"	"Age.rate"	"Hypertension.rate"
"49"	0.338616288957666	2.06222973858971	0.49520028058225	0.0904458600658889	0.102835994028904	0.108115725910248	0.0229002507163324	0.51443922095366	0.311358345272206	0.289769420192523
