"Sex.beta"	"Age.beta"	"Hypertension.beta"	"Sex.se"	"Age.se"	"Hypertension.se"	"Death.rate"	"Sex.rate"	"Age.rate"	"Hypertension.rate"
"18"	0.268767384363096	2.07983367655665	0.557828295017831	0.0657395572457968	0.0881605793054232	0.0858653533923838	0.0229002507163324	0.36048604860486	0.311358345272206	0.460353704947392
