"Sex.beta"	"Age.beta"	"Hypertension.beta"	"Sex.se"	"Age.se"	"Hypertension.se"	"Death.rate"	"Sex.rate"	"Age.rate"	"Hypertension.rate"
"19"	0.315785633120343	2.02636615373341	0.552147904936162	0.121892411333241	0.105881899451486	0.0773004889072451	0.0229002507163324	0.36048604860486	0.311358345272206	0.460353704947392
