"Sex.beta"	"Age.beta"	"Hypertension.beta"	"Sex.se"	"Age.se"	"Hypertension.se"	"Death.rate"	"Sex.rate"	"Age.rate"	"Hypertension.rate"
"40"	0.411317223760437	2.07649360042755	0.37354614986062	0.133221696425504	0.0878412820955733	0.0700678645029389	0.0229002507163324	0.51443922095366	0.311349899261249	0.289769420192523
