"Sex.beta"	"Age.beta"	"Hypertension.beta"	"Sex.se"	"Age.se"	"Hypertension.se"	"Death.rate"	"Sex.rate"	"Age.rate"	"Hypertension.rate"
"48"	0.337073090127021	2.16518794089306	0.384684911679124	0.11247132029108	0.145148539827402	0.120652572236014	0.0229002507163324	0.51443922095366	0.311358345272206	0.289769420192523
