"Sex.beta"	"Age.beta"	"Hypertension.beta"	"Sex.se"	"Age.se"	"Hypertension.se"	"Death.rate"	"Sex.rate"	"Age.rate"	"Hypertension.rate"
"41"	0.357045682356882	1.96541473302671	0.43650011236791	0.0656216713246588	0.0939944750253934	0.0708055996065825	0.0242167980011532	0.51443922095366	0.311349899261249	0.289769420192523
