"Sex.beta"	"Age.beta"	"Hypertension.beta"	"Sex.se"	"Age.se"	"Hypertension.se"	"Death.rate"	"Sex.rate"	"Age.rate"	"Hypertension.rate"
"76"	0.258318801007048	2.08952687535622	0.411520581855407	0.0870202641480827	0.109568924877174	0.0813532891033804	0.0229002507163324	0.514438574498567	0.311358345272206	0.289769420192523
