"Sex.beta"	"Age.beta"	"Hypertension.beta"	"Sex.se"	"Age.se"	"Hypertension.se"	"Death.rate"	"Sex.rate"	"Age.rate"	"Hypertension.rate"
"37"	0.307776812396439	2.12192314281382	0.53472815827508	0.0634168381135072	0.0821979965323448	0.0925963187709023	0.0229002507163324	0.51443922095366	0.311349899261249	0.460353704947392
