"Sex.beta"	"Age.beta"	"Hypertension.beta"	"Sex.se"	"Age.se"	"Hypertension.se"	"Death.rate"	"Sex.rate"	"Age.rate"	"Hypertension.rate"
"68"	0.345826615330098	2.08287301288267	0.390251276195418	0.0632150308115348	0.0800476445181018	0.0756676504266185	0.0242167980011532	0.514438574498567	0.311349899261249	0.289769420192523
