"Sex.beta"	"Age.beta"	"Hypertension.beta"	"Sex.se"	"Age.se"	"Hypertension.se"	"Death.rate"	"Sex.rate"	"Age.rate"	"Hypertension.rate"
"70"	0.32184481420869	2.1352652298035	0.359572476143993	0.12363050727001	0.0803069030341657	0.0892451976146798	0.0229002507163324	0.514438574498567	0.311349899261249	0.128916009994234
