"Sex.beta"	"Age.beta"	"Hypertension.beta"	"Sex.se"	"Age.se"	"Hypertension.se"	"Death.rate"	"Sex.rate"	"Age.rate"	"Hypertension.rate"
"73"	0.394467694924993	2.05832463285719	0.571952571305507	0.0677502771309664	0.128333039493875	0.178906982340222	0.0229002507163324	0.514438574498567	0.311358345272206	0.460353704947392
