"Sex.beta"	"Age.beta"	"Hypertension.beta"	"Sex.se"	"Age.se"	"Hypertension.se"	"Death.rate"	"Sex.rate"	"Age.rate"	"Hypertension.rate"
"79"	0.324867435870121	2.18898845655653	0.33825297268796	0.127409208045451	0.0902451985287892	0.0783110782409475	0.0229002507163324	0.514438574498567	0.311358345272206	0.128916009994234
