"Sex.beta"	"Age.beta"	"Hypertension.beta"	"Sex.se"	"Age.se"	"Hypertension.se"	"Death.rate"	"Sex.rate"	"Age.rate"	"Hypertension.rate"
"15"	0.269152957030664	2.16880900604423	0.330284372026737	0.117144725145268	0.099105073086413	0.106690947343945	0.0229002507163324	0.36048604860486	0.311349899261249	0.128916009994234
