"Sex.beta"	"Age.beta"	"Hypertension.beta"	"Sex.se"	"Age.se"	"Hypertension.se"	"Death.rate"	"Sex.rate"	"Age.rate"	"Hypertension.rate"
"17"	0.314092440643616	2.03700503942972	0.419986786156559	0.0748122341834088	0.122340171030987	0.07648980831143	0.0242167980011532	0.36048604860486	0.311349899261249	0.128916009994234
