"Sex.beta"	"Age.beta"	"Hypertension.beta"	"Sex.se"	"Age.se"	"Hypertension.se"	"Death.rate"	"Sex.rate"	"Age.rate"	"Hypertension.rate"
"74"	0.319759198872445	1.95561012778844	0.601691654395375	0.0889533019516855	0.0993823371995965	0.0724823593265381	0.0242167980011532	0.514438574498567	0.311358345272206	0.460353704947392
