"Sex.beta"	"Age.beta"	"Hypertension.beta"	"Sex.se"	"Age.se"	"Hypertension.se"	"Death.rate"	"Sex.rate"	"Age.rate"	"Hypertension.rate"
"38"	0.422221729138161	1.96424837173632	0.541564357865958	0.0779089731251507	0.0971276755029272	0.0738385265678895	0.0242167980011532	0.51443922095366	0.311349899261249	0.460353704947392
