"Sex.beta"	"Age.beta"	"Hypertension.beta"	"Sex.se"	"Age.se"	"Hypertension.se"	"Death.rate"	"Sex.rate"	"Age.rate"	"Hypertension.rate"
"75"	0.328455733377649	2.12184671262076	0.397506780152987	0.0850522286123185	0.121369504593804	0.112681372360738	0.0229002507163324	0.514438574498567	0.311358345272206	0.289769420192523
