"Sex.beta"	"Age.beta"	"Hypertension.beta"	"Sex.se"	"Age.se"	"Hypertension.se"	"Death.rate"	"Sex.rate"	"Age.rate"	"Hypertension.rate"
"50"	0.27332027529116	2.0095350521296	0.4654423883115	0.102345792753955	0.0824461650692878	0.0847434350540146	0.0242167980011532	0.51443922095366	0.311358345272206	0.289769420192523
