"Sex.beta"	"Age.beta"	"Hypertension.beta"	"Sex.se"	"Age.se"	"Hypertension.se"	"Death.rate"	"Sex.rate"	"Age.rate"	"Hypertension.rate"
"16"	0.300892619318135	2.1733207345064	0.349668464725404	0.0940721642743999	0.142851791307342	0.089709841451649	0.0229002507163324	0.36048604860486	0.311349899261249	0.128916009994234
