"Sex.beta"	"Age.beta"	"Hypertension.beta"	"Sex.se"	"Age.se"	"Hypertension.se"	"Death.rate"	"Sex.rate"	"Age.rate"	"Hypertension.rate"
"12"	0.374380805732517	2.12972491701051	0.40881894847831	0.0719816103873757	0.0828982870133924	0.0685225567280844	0.0229002507163324	0.36048604860486	0.311349899261249	0.289769420192523
