"Sex.beta"	"Age.beta"	"Hypertension.beta"	"Sex.se"	"Age.se"	"Hypertension.se"	"Death.rate"	"Sex.rate"	"Age.rate"	"Hypertension.rate"
"52"	0.327760508684005	2.12971060955275	0.41005304024461	0.0828443079383368	0.0917291730561488	0.0783354947914278	0.0229002507163324	0.51443922095366	0.311358345272206	0.128916009994234
