"Sex.beta"	"Age.beta"	"Hypertension.beta"	"Sex.se"	"Age.se"	"Hypertension.se"	"Death.rate"	"Sex.rate"	"Age.rate"	"Hypertension.rate"
"10"	0.317742714386297	2.20007195731386	0.514543612335414	0.08309801303798	0.113924681175978	0.0817419645455783	0.0229002507163324	0.36048604860486	0.311349899261249	0.460353704947392
