"Sex.beta"	"Age.beta"	"Hypertension.beta"	"Sex.se"	"Age.se"	"Hypertension.se"	"Death.rate"	"Sex.rate"	"Age.rate"	"Hypertension.rate"
"36"	0.339728683204789	2.05950081047376	0.532185185905811	0.121569173486594	0.0983099397316456	0.082771055747068	0.0229002507163324	0.51443922095366	0.311349899261249	0.460353704947392
