"Sex.beta"	"Age.beta"	"Hypertension.beta"	"Sex.se"	"Age.se"	"Hypertension.se"	"Death.rate"	"Sex.rate"	"Age.rate"	"Hypertension.rate"
"23"	0.268731054918461	2.0640557134497	0.403890004456565	0.096067535388136	0.0818516070660451	0.0852295602372764	0.0242167980011532	0.36048604860486	0.311358345272206	0.289769420192523
