"Sex.beta"	"Age.beta"	"Hypertension.beta"	"Sex.se"	"Age.se"	"Hypertension.se"	"Death.rate"	"Sex.rate"	"Age.rate"	"Hypertension.rate"
"44"	0.332262331397901	2.08297611510939	0.357283987572136	0.0741364095898361	0.0868868810772326	0.127896855638959	0.0242167980011532	0.51443922095366	0.311349899261249	0.128916009994234
