"Sex.beta"	"Age.beta"	"Hypertension.beta"	"Sex.se"	"Age.se"	"Hypertension.se"	"Death.rate"	"Sex.rate"	"Age.rate"	"Hypertension.rate"
"20"	0.364468219356291	1.96309279452528	0.591442126153005	0.0663612903490059	0.109785016736596	0.0816383189228571	0.0242167980011532	0.36048604860486	0.311358345272206	0.460353704947392
