"Sex.beta"	"Age.beta"	"Hypertension.beta"	"Sex.se"	"Age.se"	"Hypertension.se"	"Death.rate"	"Sex.rate"	"Age.rate"	"Hypertension.rate"
"43"	0.314649059411475	2.11815612530346	0.42447852169595	0.0689299432932467	0.0883457925809125	0.0683753679046021	0.0229002507163324	0.51443922095366	0.311349899261249	0.128916009994234
