"beta"	"se"	"z_value"	"P"
"Sex"	0.332516956527253	0.0997842067511394	3.33236057441982	0.000861126067118956
"Age"	2.08894536749737	0.128728518782226	16.2275258603054	3.22186488415177e-59
"Hypertension"	0.444796237643775	0.123366467449327	3.60548734871148	0.000311567670278919
