	Death	Sex	Age	Hypertension
Death	1.0	0.03794576818217735	0.1649784492391731	0.08956906613296257
Sex	0.03794576818217735	1.0	0.08851827376976425	0.02409051136332501
Age	0.1649784492391731	0.08851827376976425	1.0	0.3558247264803958
Hypertension	0.08956906613296257	0.02409051136332501	0.3558247264803958	1.0
rate	0.02290025071633238	0.5144385744985673	0.3113498992612492	0.12891600999423408
variance	0.022375829233461497	0.24979152756644932	0.21441113949125917	0.11229667236140062
sd	0.14958552481260176	0.4997914840875636	0.4630455047738388	0.335106956599532
mean	0.02290025071633238	0.5144385744985673	0.3113498992612492	0.12891600999423408
