	Death	Sex	Age	Hypertension
Death	1.0	0.03794576818217735	0.1649784492391731	0.08956906613296257
Sex	0.03794576818217735	1.0	0.08851827376976425	0.02409051136332501
Age	0.1649784492391731	0.08851827376976425	1.0	0.3558247264803958
Hypertension	0.08956906613296257	0.02409051136332501	0.3558247264803958	1.0
rate	0.02421679800115318	0.3604860486048605	0.3113498992612492	0.460353704947392
variance	0.023630344695724524	0.23053585736611468	0.21441113949125917	0.24842817128860153
sd	0.15372164680266903	0.48014149723400773	0.4630455047738388	0.4984256928455851
mean	0.02421679800115318	0.3604860486048605	0.3113498992612492	0.460353704947392
