"B.beta"	"C.beta"	"D.beta"	"B.se"	"C.se"	"D.se"	"A.rate"	"B.rate"	"C.rate"	"D.rate"
"16"	-0.331888857275489	-0.334057835730815	-0.361384558515469	0.0315950623443611	0.0282022133651879	0.0233789336028147	0.230769230769231	0.384615384615385	0.384615384615385	0.384615384615385
