"B.beta"	"C.beta"	"D.beta"	"B.se"	"C.se"	"D.se"	"A.rate"	"B.rate"	"C.rate"	"D.rate"
"56"	-0.300790730170432	-0.40442490374285	-0.404607890538087	0.022395212438601	0.0356148316005106	0.0409584343026629	0.230769230769231	0.384615384615385	0.230769230769231	0.230769230769231
