"B.beta"	"C.beta"	"D.beta"	"B.se"	"C.se"	"D.se"	"A.rate"	"B.rate"	"C.rate"	"D.rate"
"36"	-0.31139691125217	-0.350123860194149	-0.421409925593515	0.0299342350044887	0.0224732194936684	0.0275226661104236	0.230769230769231	0.384615384615385	0.384615384615385	0.230769230769231
