"B.beta"	"C.beta"	"D.beta"	"B.se"	"C.se"	"D.se"	"A.rate"	"B.rate"	"C.rate"	"D.rate"
"11"	-0.35864962784633	-0.288873043125408	-0.409779390618261	0.0273938206621556	0.0223648768824508	0.0352698088027075	0.230769230769231	0.384615384615385	0.384615384615385	0.230769230769231
