"B.beta"	"C.beta"	"D.beta"	"B.se"	"C.se"	"D.se"	"A.rate"	"B.rate"	"C.rate"	"D.rate"
"34"	-0.341934336121721	-0.372359447488703	-0.323092543018992	0.0290261802746779	0.0351879692801928	0.0217605729606201	0.230769230769231	0.384615384615385	0.230769230769231	0.384615384615385
