"B.beta"	"C.beta"	"D.beta"	"B.se"	"C.se"	"D.se"	"A.rate"	"B.rate"	"C.rate"	"D.rate"
"8"	-0.27699714459641	-0.400597136341143	-0.296787533570256	0.022681300212714	0.0326751912166687	0.0296935821426674	0.230769230769231	0.384615384615385	0.230769230769231	0.384615384615385
