"B.beta"	"C.beta"	"D.beta"	"B.se"	"C.se"	"D.se"	"A.rate"	"B.rate"	"C.rate"	"D.rate"
"14"	-0.343483433600042	-0.340703653219964	-0.389788971029942	0.028327256240539	0.0287433367178931	0.035999873044553	0.230769230769231	0.384615384615385	0.384615384615385	0.230769230769231
