"B.beta"	"C.beta"	"D.beta"	"B.se"	"C.se"	"D.se"	"A.rate"	"B.rate"	"C.rate"	"D.rate"
"61"	-0.32645777341591	-0.401340482532853	-0.353953577119197	0.0265114553643238	0.04093579699994	0.0233889251354255	0.230769230769231	0.384615384615385	0.230769230769231	0.384615384615385
