"B.beta"	"C.beta"	"D.beta"	"B.se"	"C.se"	"D.se"	"A.rate"	"B.rate"	"C.rate"	"D.rate"
"45"	-0.337682371069323	-0.330689656396206	-0.437806436512018	0.0262259806025097	0.0249640140441515	0.0341448524023917	0.230769230769231	0.384615384615385	0.384615384615385	0.230769230769231
