"B.beta"	"C.beta"	"D.beta"	"B.se"	"C.se"	"D.se"	"A.rate"	"B.rate"	"C.rate"	"D.rate"
"54"	-0.311729923726062	-0.349190529004265	-0.382311787080052	0.0229031308522529	0.0436242719878486	0.0318377760682282	0.230769230769231	0.384615384615385	0.230769230769231	0.230769230769231
