"B.beta"	"C.beta"	"D.beta"	"B.se"	"C.se"	"D.se"	"A.rate"	"B.rate"	"C.rate"	"D.rate"
"13"	-0.338909241356889	-0.297055801783822	-0.386311159423768	0.0264935919173866	0.0239560555553378	0.0299241324845178	0.230769230769231	0.384615384615385	0.384615384615385	0.230769230769231
