"B.beta"	"C.beta"	"D.beta"	"B.se"	"C.se"	"D.se"	"A.rate"	"B.rate"	"C.rate"	"D.rate"
"42"	-0.319015055913414	-0.324666249531242	-0.336000458576746	0.0237606915606399	0.0223736668519859	0.027171692149097	0.230769230769231	0.384615384615385	0.384615384615385	0.384615384615385
