"B.beta"	"C.beta"	"D.beta"	"B.se"	"C.se"	"D.se"	"A.rate"	"B.rate"	"C.rate"	"D.rate"
"66"	-0.330095738605929	-0.312360251357819	-0.377818152694487	0.0276610740379461	0.0256633234972927	0.0342703050590794	0.230769230769231	0.384615384615385	0.384615384615385	0.230769230769231
