"B.beta"	"C.beta"	"D.beta"	"B.se"	"C.se"	"D.se"	"A.rate"	"B.rate"	"C.rate"	"D.rate"
"74"	-0.35053843509278	-0.3437822881505	-0.412712912829161	0.0241146848739723	0.0274713555721055	0.0361422617293165	0.230769230769231	0.384615384615385	0.384615384615385	0.230769230769231
