"B.beta"	"C.beta"	"D.beta"	"B.se"	"C.se"	"D.se"	"A.rate"	"B.rate"	"C.rate"	"D.rate"
"26"	-0.308929617462999	-0.317785763078605	-0.298748955330876	0.026121192746397	0.0249147239535014	0.0300383804402861	0.230769230769231	0.384615384615385	0.384615384615385	0.384615384615385
