"B.beta"	"C.beta"	"D.beta"	"B.se"	"C.se"	"D.se"	"A.rate"	"B.rate"	"C.rate"	"D.rate"
"77"	-0.337512823587218	-0.329838594384591	-0.418345896406055	0.0286454985954076	0.0279798751393111	0.0343341044158836	0.230769230769231	0.384615384615385	0.384615384615385	0.230769230769231
