"B.beta"	"C.beta"	"D.beta"	"B.se"	"C.se"	"D.se"	"A.rate"	"B.rate"	"C.rate"	"D.rate"
"18"	-0.344568729786213	-0.357866386988452	-0.419340640417287	0.0282683865108687	0.0264551828168446	0.0346546371621661	0.230769230769231	0.384615384615385	0.384615384615385	0.230769230769231
