"B.beta"	"C.beta"	"D.beta"	"B.se"	"C.se"	"D.se"	"A.rate"	"B.rate"	"C.rate"	"D.rate"
"3"	-0.327355637619211	-0.378218867996642	-0.37686425327016	0.0262192010990695	0.0322680723237787	0.0349095214904094	0.230769230769231	0.384615384615385	0.230769230769231	0.230769230769231
