"B.beta"	"C.beta"	"D.beta"	"B.se"	"C.se"	"D.se"	"A.rate"	"B.rate"	"C.rate"	"D.rate"
"27"	-0.338713334275819	-0.408223902287437	-0.395165534278313	0.0272876743193157	0.0261252580602433	0.0403029341512316	0.230769230769231	0.384615384615385	0.230769230769231	0.230769230769231
