"B.beta"	"C.beta"	"D.beta"	"B.se"	"C.se"	"D.se"	"A.rate"	"B.rate"	"C.rate"	"D.rate"
"31"	-0.324684039044649	-0.389389897731686	-0.468617064653253	0.0314358370216098	0.0419788913658608	0.0311434445058799	0.230769230769231	0.384615384615385	0.230769230769231	0.230769230769231
