"B.beta"	"C.beta"	"D.beta"	"B.se"	"C.se"	"D.se"	"A.rate"	"B.rate"	"C.rate"	"D.rate"
"76"	-0.306238847072862	-0.341648494883362	-0.348305562334674	0.032169716922621	0.025991692157534	0.0339076438068049	0.230769230769231	0.384615384615385	0.384615384615385	0.230769230769231
