"B.beta"	"C.beta"	"D.beta"	"B.se"	"C.se"	"D.se"	"A.rate"	"B.rate"	"C.rate"	"D.rate"
"22"	-0.298065329116434	-0.315371116367303	-0.423990183090001	0.0272173748266004	0.0294087798366843	0.0442154312698724	0.230769230769231	0.384615384615385	0.384615384615385	0.230769230769231
