"B.beta"	"C.beta"	"D.beta"	"B.se"	"C.se"	"D.se"	"A.rate"	"B.rate"	"C.rate"	"D.rate"
"40"	-0.331222313280068	-0.304340673453199	-0.386020853386672	0.0258268514279117	0.0246037510186304	0.0484326553785754	0.230769230769231	0.384615384615385	0.384615384615385	0.230769230769231
