"B.beta"	"C.beta"	"D.beta"	"B.se"	"C.se"	"D.se"	"A.rate"	"B.rate"	"C.rate"	"D.rate"
"52"	-0.358154958062428	-0.310952178873628	-0.329083115436077	0.0257440260569881	0.0247272189050201	0.024447730943544	0.230769230769231	0.384615384615385	0.384615384615385	0.384615384615385
