"B.beta"	"C.beta"	"D.beta"	"B.se"	"C.se"	"D.se"	"A.rate"	"B.rate"	"C.rate"	"D.rate"
"19"	-0.359940739267186	-0.365873677154981	-0.367601353423953	0.027681280983423	0.0340640491469898	0.034754753726939	0.230769230769231	0.384615384615385	0.384615384615385	0.230769230769231
