"B.beta"	"C.beta"	"D.beta"	"B.se"	"C.se"	"D.se"	"A.rate"	"B.rate"	"C.rate"	"D.rate"
"25"	-0.311364133851634	-0.325707162282831	-0.321832532934064	0.0325194565587595	0.0264181783400526	0.0206511972927072	0.230769230769231	0.384615384615385	0.384615384615385	0.384615384615385
