"B.beta"	"C.beta"	"D.beta"	"B.se"	"C.se"	"D.se"	"A.rate"	"B.rate"	"C.rate"	"D.rate"
"28"	-0.340170802370938	-0.346159523809696	-0.345377049115662	0.0238970928246829	0.0326592470728777	0.0399586422496263	0.230769230769231	0.384615384615385	0.230769230769231	0.230769230769231
