"B.beta"	"C.beta"	"D.beta"	"B.se"	"C.se"	"D.se"	"A.rate"	"B.rate"	"C.rate"	"D.rate"
"51"	-0.333216998002767	-0.303700880507419	-0.319686445809179	0.0268687585679904	0.0279683135192258	0.0242630994930605	0.230769230769231	0.384615384615385	0.384615384615385	0.384615384615385
