"B.beta"	"C.beta"	"D.beta"	"B.se"	"C.se"	"D.se"	"A.rate"	"B.rate"	"C.rate"	"D.rate"
"49"	-0.330984714631555	-0.363607059028661	-0.380405196089677	0.0322960884280157	0.0257233384808735	0.030841049994409	0.230769230769231	0.384615384615385	0.384615384615385	0.230769230769231
