"B.beta"	"C.beta"	"D.beta"	"B.se"	"C.se"	"D.se"	"A.rate"	"B.rate"	"C.rate"	"D.rate"
"4"	-0.344695017887613	-0.400941757174633	-0.386501847985844	0.0247237461368051	0.034406407836531	0.0307628872502808	0.230769230769231	0.384615384615385	0.230769230769231	0.230769230769231
