"B.beta"	"C.beta"	"D.beta"	"B.se"	"C.se"	"D.se"	"A.rate"	"B.rate"	"C.rate"	"D.rate"
"48"	-0.322413991772109	-0.333363855283523	-0.393820479811256	0.0270799705293905	0.0204101928083335	0.0351486396013883	0.230769230769231	0.384615384615385	0.384615384615385	0.230769230769231
