"B.beta"	"C.beta"	"D.beta"	"B.se"	"C.se"	"D.se"	"A.rate"	"B.rate"	"C.rate"	"D.rate"
"39"	-0.293040006895127	-0.343610542438272	-0.339736104165889	0.0225857213499758	0.0219047589571578	0.0316021865965757	0.230769230769231	0.384615384615385	0.384615384615385	0.230769230769231
