"B.beta"	"C.beta"	"D.beta"	"B.se"	"C.se"	"D.se"	"A.rate"	"B.rate"	"C.rate"	"D.rate"
"37"	-0.299338573413793	-0.309956369140074	-0.413950940641496	0.022221666759776	0.024978255150412	0.0400214006294495	0.230769230769231	0.384615384615385	0.384615384615385	0.230769230769231
