"B.beta"	"C.beta"	"D.beta"	"B.se"	"C.se"	"D.se"	"A.rate"	"B.rate"	"C.rate"	"D.rate"
"79"	-0.306138389582157	-0.342707037689411	-0.313367190033814	0.0241003935124345	0.0240658313112168	0.0260654659975071	0.230769230769231	0.384615384615385	0.384615384615385	0.384615384615385
