"B.beta"	"C.beta"	"D.beta"	"B.se"	"C.se"	"D.se"	"A.rate"	"B.rate"	"C.rate"	"D.rate"
"75"	-0.330231263526088	-0.28608393959715	-0.344059763821521	0.0269306109481545	0.024221287591318	0.0427687276144363	0.230769230769231	0.384615384615385	0.384615384615385	0.230769230769231
