"B.beta"	"C.beta"	"D.beta"	"B.se"	"C.se"	"D.se"	"A.rate"	"B.rate"	"C.rate"	"D.rate"
"32"	-0.347256206293602	-0.352960127372453	-0.409060442740062	0.0302230136591163	0.0336861385189064	0.0367172306092652	0.230769230769231	0.384615384615385	0.230769230769231	0.230769230769231
