"B.beta"	"C.beta"	"D.beta"	"B.se"	"C.se"	"D.se"	"A.rate"	"B.rate"	"C.rate"	"D.rate"
"57"	-0.317337679421122	-0.412275175986277	-0.370051069713883	0.0224410752227685	0.0349221397106992	0.0272604366731205	0.230769230769231	0.384615384615385	0.230769230769231	0.230769230769231
