"B.beta"	"C.beta"	"D.beta"	"B.se"	"C.se"	"D.se"	"A.rate"	"B.rate"	"C.rate"	"D.rate"
"71"	-0.335358542466015	-0.319416104632192	-0.333092508533951	0.0240112039038561	0.0220443511621368	0.0223741746278822	0.230769230769231	0.384615384615385	0.384615384615385	0.384615384615385
