"B.beta"	"C.beta"	"D.beta"	"B.se"	"C.se"	"D.se"	"A.rate"	"B.rate"	"C.rate"	"D.rate"
"46"	-0.324209413215072	-0.347284657329177	-0.392334473229053	0.0269343275692612	0.0274264786583729	0.0353880120809517	0.230769230769231	0.384615384615385	0.384615384615385	0.230769230769231
