"B.beta"	"C.beta"	"D.beta"	"B.se"	"C.se"	"D.se"	"A.rate"	"B.rate"	"C.rate"	"D.rate"
"58"	-0.353235672372535	-0.376419314625201	-0.371037728259141	0.0292560855810078	0.0323769408309803	0.0493738008760957	0.230769230769231	0.384615384615385	0.230769230769231	0.230769230769231
