"B.beta"	"C.beta"	"D.beta"	"B.se"	"C.se"	"D.se"	"A.rate"	"B.rate"	"C.rate"	"D.rate"
"60"	-0.298276397157693	-0.363095212152378	-0.341123776010664	0.0209636923265471	0.0314321322179755	0.0302373787043331	0.230769230769231	0.384615384615385	0.230769230769231	0.384615384615385
