"B.beta"	"C.beta"	"D.beta"	"B.se"	"C.se"	"D.se"	"A.rate"	"B.rate"	"C.rate"	"D.rate"
"17"	-0.338328965526703	-0.324920168667082	-0.305638341692281	0.0223952981954265	0.0302771919125498	0.0277906044830291	0.230769230769231	0.384615384615385	0.384615384615385	0.384615384615385
