"B.beta"	"C.beta"	"D.beta"	"B.se"	"C.se"	"D.se"	"A.rate"	"B.rate"	"C.rate"	"D.rate"
"15"	-0.331644134590766	-0.322123507208318	-0.334220111388847	0.0249925745686873	0.0250551586783945	0.0309990359626705	0.230769230769231	0.384615384615385	0.384615384615385	0.384615384615385
