"B.beta"	"C.beta"	"D.beta"	"B.se"	"C.se"	"D.se"	"A.rate"	"B.rate"	"C.rate"	"D.rate"
"43"	-0.328502038537146	-0.355658491666742	-0.339838833606973	0.024835647944182	0.0295591538136959	0.0311422647182919	0.230769230769231	0.384615384615385	0.384615384615385	0.384615384615385
