"B.beta"	"C.beta"	"D.beta"	"B.se"	"C.se"	"D.se"	"A.rate"	"B.rate"	"C.rate"	"D.rate"
"47"	-0.344206959914401	-0.327836820558252	-0.404227413202153	0.0224601701083216	0.0266903461226104	0.0392245680749065	0.230769230769231	0.384615384615385	0.384615384615385	0.230769230769231
