"B.beta"	"C.beta"	"D.beta"	"B.se"	"C.se"	"D.se"	"A.rate"	"B.rate"	"C.rate"	"D.rate"
"64"	-0.360823905079541	-0.334368646304937	-0.389087774282535	0.0252003174127126	0.0223570085428726	0.0328380316830534	0.230769230769231	0.384615384615385	0.384615384615385	0.230769230769231
