"B.beta"	"C.beta"	"D.beta"	"B.se"	"C.se"	"D.se"	"A.rate"	"B.rate"	"C.rate"	"D.rate"
"24"	-0.326298636434152	-0.301796163624336	-0.340327827187285	0.026647509848523	0.0241770665463027	0.0306502621562155	0.230769230769231	0.384615384615385	0.384615384615385	0.384615384615385
