"B.beta"	"C.beta"	"D.beta"	"B.se"	"C.se"	"D.se"	"A.rate"	"B.rate"	"C.rate"	"D.rate"
"73"	-0.34997956441299	-0.331829396479695	-0.440360217312169	0.0228197771623413	0.029835402666618	0.034096250765674	0.230769230769231	0.384615384615385	0.384615384615385	0.230769230769231
