"B.beta"	"C.beta"	"D.beta"	"B.se"	"C.se"	"D.se"	"A.rate"	"B.rate"	"C.rate"	"D.rate"
"7"	-0.33974039841771	-0.373070581220811	-0.36536559007664	0.0223375271701062	0.0377584478717357	0.0201545575966196	0.230769230769231	0.384615384615385	0.230769230769231	0.384615384615385
