"B.beta"	"C.beta"	"D.beta"	"B.se"	"C.se"	"D.se"	"A.rate"	"B.rate"	"C.rate"	"D.rate"
"65"	-0.345720404102186	-0.307371724485328	-0.399657718415567	0.0260147390148727	0.0241652590214082	0.0395107621348867	0.230769230769231	0.384615384615385	0.384615384615385	0.230769230769231
