"B.beta"	"C.beta"	"D.beta"	"B.se"	"C.se"	"D.se"	"A.rate"	"B.rate"	"C.rate"	"D.rate"
"55"	-0.328922749117509	-0.385619099730602	-0.397899728420367	0.0218907299298288	0.0409093073678705	0.0386592913901377	0.230769230769231	0.384615384615385	0.230769230769231	0.230769230769231
