"B.beta"	"C.beta"	"D.beta"	"B.se"	"C.se"	"D.se"	"A.rate"	"B.rate"	"C.rate"	"D.rate"
"38"	-0.314623246047153	-0.342702662120144	-0.379651112388883	0.0223670673192342	0.0255617462002235	0.0362052498701254	0.230769230769231	0.384615384615385	0.384615384615385	0.230769230769231
