"B.beta"	"C.beta"	"D.beta"	"B.se"	"C.se"	"D.se"	"A.rate"	"B.rate"	"C.rate"	"D.rate"
"50"	-0.34706240139255	-0.350232449434399	-0.414003205049774	0.0196752912062867	0.0229081806554849	0.0357508732187138	0.230769230769231	0.384615384615385	0.384615384615385	0.230769230769231
