"B.beta"	"C.beta"	"D.beta"	"B.se"	"C.se"	"D.se"	"A.rate"	"B.rate"	"C.rate"	"D.rate"
"21"	-0.31639354418152	-0.316585448080982	-0.366990840627342	0.023290437221476	0.0261929311575679	0.0350431922882402	0.230769230769231	0.384615384615385	0.384615384615385	0.230769230769231
