"B.beta"	"C.beta"	"D.beta"	"B.se"	"C.se"	"D.se"	"A.rate"	"B.rate"	"C.rate"	"D.rate"
"23"	-0.35075722739588	-0.324950196828574	-0.358730656149124	0.0252938810653663	0.0269091239798182	0.0284843224075476	0.230769230769231	0.384615384615385	0.384615384615385	0.230769230769231
