"B.beta"	"C.beta"	"D.beta"	"B.se"	"C.se"	"D.se"	"A.rate"	"B.rate"	"C.rate"	"D.rate"
"62"	-0.357753155639994	-0.412332138421337	-0.300781537390812	0.0223624420888001	0.0322617882028048	0.0247528754981889	0.230769230769231	0.384615384615385	0.230769230769231	0.384615384615385
