"B.beta"	"C.beta"	"D.beta"	"B.se"	"C.se"	"D.se"	"A.rate"	"B.rate"	"C.rate"	"D.rate"
"33"	-0.314242644272987	-0.397169980342896	-0.349418749999214	0.0278673847384603	0.0376378118720937	0.022462442393957	0.230769230769231	0.384615384615385	0.230769230769231	0.384615384615385
