"B.beta"	"C.beta"	"D.beta"	"B.se"	"C.se"	"D.se"	"A.rate"	"B.rate"	"C.rate"	"D.rate"
"70"	-0.2836047508831	-0.271951023601908	-0.332475899748253	0.023188353739637	0.021780285270897	0.0247836161749214	0.230769230769231	0.384615384615385	0.384615384615385	0.384615384615385
