"B.beta"	"C.beta"	"D.beta"	"B.se"	"C.se"	"D.se"	"A.rate"	"B.rate"	"C.rate"	"D.rate"
"78"	-0.317679450592196	-0.294229536170708	-0.322167922007591	0.0241522201568356	0.0243500787014193	0.0303562859142704	0.230769230769231	0.384615384615385	0.384615384615385	0.384615384615385
