"B.beta"	"C.beta"	"D.beta"	"B.se"	"C.se"	"D.se"	"A.rate"	"B.rate"	"C.rate"	"D.rate"
"35"	-0.29430629899557	-0.367423397136669	-0.325976775837273	0.0246479685537611	0.038792787696528	0.0269481837446925	0.230769230769231	0.384615384615385	0.230769230769231	0.384615384615385
