"B.beta"	"C.beta"	"D.beta"	"B.se"	"C.se"	"D.se"	"A.rate"	"B.rate"	"C.rate"	"D.rate"
"10"	-0.301203473024203	-0.350761011427627	-0.376635138156989	0.0190524448277603	0.0283553085128942	0.0296871375185246	0.230769230769231	0.384615384615385	0.384615384615385	0.230769230769231
