"B.beta"	"C.beta"	"D.beta"	"B.se"	"C.se"	"D.se"	"A.rate"	"B.rate"	"C.rate"	"D.rate"
"5"	-0.358785786059403	-0.407644866587699	-0.404640181800845	0.0249218575352833	0.0375000947150195	0.0362162500394187	0.230769230769231	0.384615384615385	0.230769230769231	0.230769230769231
