"B.beta"	"C.beta"	"D.beta"	"B.se"	"C.se"	"D.se"	"A.rate"	"B.rate"	"C.rate"	"D.rate"
"12"	-0.365743957308003	-0.328358952115965	-0.356158771906612	0.0239259722129259	0.0251876108646564	0.0396900973526945	0.230769230769231	0.384615384615385	0.384615384615385	0.230769230769231
