"B.beta"	"C.beta"	"D.beta"	"B.se"	"C.se"	"D.se"	"A.rate"	"B.rate"	"C.rate"	"D.rate"
"2"	-0.32045586588738	-0.385961603646075	-0.410085180976619	0.0258940689588418	0.0280719896016387	0.0450756226195272	0.230769230769231	0.384615384615385	0.230769230769231	0.230769230769231
