"B.beta"	"C.beta"	"D.beta"	"B.se"	"C.se"	"D.se"	"A.rate"	"B.rate"	"C.rate"	"D.rate"
"0"	-0.356206026350388	-0.39733859823934	-0.414815615822089	0.0243107641366639	0.0395302715704887	0.034193080060833	0.230769230769231	0.384615384615385	0.230769230769231	0.230769230769231
