"B.beta"	"C.beta"	"D.beta"	"B.se"	"C.se"	"D.se"	"A.rate"	"B.rate"	"C.rate"	"D.rate"
"41"	-0.30127525265925	-0.326801118158849	-0.418990075759751	0.0246540609131741	0.0209066535004907	0.0412358565619354	0.230769230769231	0.384615384615385	0.384615384615385	0.230769230769231
