"B.beta"	"C.beta"	"D.beta"	"B.se"	"C.se"	"D.se"	"A.rate"	"B.rate"	"C.rate"	"D.rate"
"44"	-0.333111791756759	-0.306257769160562	-0.35794928263066	0.0231758494784796	0.0250645954393044	0.0256180651887577	0.230769230769231	0.384615384615385	0.384615384615385	0.384615384615385
