"B.beta"	"C.beta"	"D.beta"	"B.se"	"C.se"	"D.se"	"A.rate"	"B.rate"	"C.rate"	"D.rate"
"68"	-0.331241313606586	-0.364951542047031	-0.390470377880288	0.0247875373374058	0.0220902373980295	0.0362038553096455	0.230769230769231	0.384615384615385	0.384615384615385	0.230769230769231
