"B.beta"	"C.beta"	"D.beta"	"B.se"	"C.se"	"D.se"	"A.rate"	"B.rate"	"C.rate"	"D.rate"
"6"	-0.333842119018332	-0.358751212556108	-0.320730227153097	0.0238263430970944	0.0364886768510939	0.0326165208794395	0.230769230769231	0.384615384615385	0.230769230769231	0.384615384615385
