"B.beta"	"C.beta"	"D.beta"	"B.se"	"C.se"	"D.se"	"A.rate"	"B.rate"	"C.rate"	"D.rate"
"80"	-0.331069296509471	-0.341735982145258	-0.346760012702961	0.0241531110938434	0.0233780340187246	0.0239459780683249	0.230769230769231	0.384615384615385	0.384615384615385	0.384615384615385
