"B.beta"	"C.beta"	"D.beta"	"B.se"	"C.se"	"D.se"	"A.rate"	"B.rate"	"C.rate"	"D.rate"
"53"	-0.346513633535	-0.342539981805212	-0.337671033845652	0.0224979744755893	0.0287158024135435	0.0251836481044454	0.230769230769231	0.384615384615385	0.384615384615385	0.384615384615385
