"B.beta"	"C.beta"	"D.beta"	"B.se"	"C.se"	"D.se"	"A.rate"	"B.rate"	"C.rate"	"D.rate"
"20"	-0.347468901637192	-0.328961996426384	-0.390942668156685	0.0216541317756742	0.0232854975087629	0.034761165614534	0.230769230769231	0.384615384615385	0.384615384615385	0.230769230769231
