"B.beta"	"C.beta"	"D.beta"	"B.se"	"C.se"	"D.se"	"A.rate"	"B.rate"	"C.rate"	"D.rate"
"72"	-0.344224117359685	-0.338894321678429	-0.411681264034073	0.0238143018446139	0.0298889381892788	0.0382170936390725	0.230769230769231	0.384615384615385	0.384615384615385	0.230769230769231
