"B.beta"	"C.beta"	"D.beta"	"B.se"	"C.se"	"D.se"	"A.rate"	"B.rate"	"C.rate"	"D.rate"
"1"	-0.276675233780935	-0.413266025006648	-0.401789828090793	0.0218808739996526	0.0287373709769464	0.0355707089552733	0.230769230769231	0.384615384615385	0.230769230769231	0.230769230769231
