"B.beta"	"C.beta"	"D.beta"	"B.se"	"C.se"	"D.se"	"A.rate"	"B.rate"	"C.rate"	"D.rate"
"30"	-0.3295941580831	-0.365323748720795	-0.404745944495615	0.0219789563488652	0.0344652009217048	0.0393495134512452	0.230769230769231	0.384615384615385	0.230769230769231	0.230769230769231
