"B.beta"	"C.beta"	"D.beta"	"B.se"	"C.se"	"D.se"	"A.rate"	"B.rate"	"C.rate"	"D.rate"
"59"	-0.313015726396568	-0.392616516281189	-0.411487633824469	0.0231382771754834	0.0451411373174719	0.0413016616718774	0.230769230769231	0.384615384615385	0.230769230769231	0.230769230769231
