"B.beta"	"C.beta"	"D.beta"	"B.se"	"C.se"	"D.se"	"A.rate"	"B.rate"	"C.rate"	"D.rate"
"69"	-0.328574446772558	-0.31715260432614	-0.33053918121728	0.0251086993359907	0.0317432490660502	0.0234263221910097	0.230769230769231	0.384615384615385	0.384615384615385	0.384615384615385
