"B.beta"	"C.beta"	"D.beta"	"B.se"	"C.se"	"D.se"	"A.rate"	"B.rate"	"C.rate"	"D.rate"
"29"	-0.328170657268286	-0.397330025834731	-0.371256425574307	0.022788151984	0.0342058987413206	0.0453178459720139	0.230769230769231	0.384615384615385	0.230769230769231	0.230769230769231
