"B.beta"	"C.beta"	"D.beta"	"B.se"	"C.se"	"D.se"	"A.rate"	"B.rate"	"C.rate"	"D.rate"
"63"	-0.347137153736442	-0.303858230030483	-0.411126376401466	0.0325329095611245	0.0273391946201824	0.037483885071989	0.230769230769231	0.384615384615385	0.384615384615385	0.230769230769231
