"B.beta"	"C.beta"	"D.beta"	"B.se"	"C.se"	"D.se"	"A.rate"	"B.rate"	"C.rate"	"D.rate"
"67"	-0.331295919122166	-0.34655020107754	-0.414403553031273	0.0232808127384008	0.0260691855839924	0.0364179867461905	0.230769230769231	0.384615384615385	0.384615384615385	0.230769230769231
