"beta"	"se"	"z_value"	"P"
"B"	-0.329245554451816	0.00106181270713177	-310.078747636383	0
"C"	-0.346859492855918	0.002059304389684	-168.435270955327	0
"D"	-0.373490705499017	0.00258739181156423	-144.350269576381	0
