"高血压.beta"	"性别.beta"	"心脏病.beta"	"高血压.se"	"性别.se"	"心脏病.se"	"新冠死亡.rate"	"高血压.rate"	"性别.rate"	"心脏病.rate"
"52"	-1.10201061788547	0.453669070397705	-0.292597120417363	0.000690358666228195	0.000658180763192191	0.000412989193758281	0.454111224837939	0.384615384615385	0.542135789832822	0.384615384615385
