"高血压.beta"	"性别.beta"	"心脏病.beta"	"高血压.se"	"性别.se"	"心脏病.se"	"新冠死亡.rate"	"高血压.rate"	"性别.rate"	"心脏病.rate"
"42"	-1.08544733197533	0.451817014865805	-0.312137567391207	0.000956270776715981	0.00103627607763339	0.000582778400973817	0.479867011451792	0.384615384615385	0.384615384615385	0.384615384615385
