"高血压.beta"	"性别.beta"	"心脏病.beta"	"高血压.se"	"性别.se"	"心脏病.se"	"新冠死亡.rate"	"高血压.rate"	"性别.rate"	"心脏病.rate"
"11"	-2.48676967970583	0.536217805248107	-0.413043468190318	0.00434995351459817	0.000811203473606166	0.00122208439170399	0.230769230769231	0.214444444444444	0.384615384615385	0.230769230769231
