"高血压.beta"	"性别.beta"	"心脏病.beta"	"高血压.se"	"性别.se"	"心脏病.se"	"新冠死亡.rate"	"高血压.rate"	"性别.rate"	"心脏病.rate"
"65"	-1.56145214892833	0.519939328070507	-0.409786711982708	0.00236237949977611	0.000749654415858668	0.00370919233108356	0.230769230769231	0.337273734761729	0.384615384615385	0.230769230769231
