"高血压.beta"	"性别.beta"	"心脏病.beta"	"高血压.se"	"性别.se"	"心脏病.se"	"新冠死亡.rate"	"高血压.rate"	"性别.rate"	"心脏病.rate"
"23"	-2.3856018205353	0.536763104601585	-0.417147965550344	0.00679576215265268	0.00183323519707108	0.00166033956825995	0.230769230769231	0.214444444444444	0.542135789832822	0.230769230769231
