"高血压.beta"	"性别.beta"	"心脏病.beta"	"高血压.se"	"性别.se"	"心脏病.se"	"新冠死亡.rate"	"高血压.rate"	"性别.rate"	"心脏病.rate"
"10"	-1.38780702472213	0.447764432764115	-0.342121914294182	0.00125590498160857	0.000710994935133128	0.00152624108907139	0.454111224837939	0.214444444444444	0.384615384615385	0.230769230769231
