"高血压.beta"	"性别.beta"	"心脏病.beta"	"高血压.se"	"性别.se"	"心脏病.se"	"新冠死亡.rate"	"高血压.rate"	"性别.rate"	"心脏病.rate"
"50"	-1.42663366377965	0.535518448483503	-0.410721308973087	0.00081370837914591	0.000835400155053466	0.00121412874503915	0.230769230769231	0.384615384615385	0.542135789832822	0.230769230769231
