"高血压.beta"	"性别.beta"	"心脏病.beta"	"高血压.se"	"性别.se"	"心脏病.se"	"新冠死亡.rate"	"高血压.rate"	"性别.rate"	"心脏病.rate"
"70"	-1.13998330928131	0.458176026345748	-0.298515696844033	0.00115310467268357	0.00131702776040295	0.00171263935019166	0.454111224837939	0.337273734761729	0.384615384615385	0.384615384615385
