"高血压.beta"	"性别.beta"	"心脏病.beta"	"高血压.se"	"性别.se"	"心脏病.se"	"新冠死亡.rate"	"高血压.rate"	"性别.rate"	"心脏病.rate"
"4"	-1.38648541208287	0.540819404707866	-0.354854711823767	0.00133276959164711	0.00100424999778461	0.000638629399955028	0.454111224837939	0.214444444444444	0.767777777777778	0.230769230769231
