"高血压.beta"	"性别.beta"	"心脏病.beta"	"高血压.se"	"性别.se"	"心脏病.se"	"新冠死亡.rate"	"高血压.rate"	"性别.rate"	"心脏病.rate"
"78"	-1.13009044520236	0.433160460260168	-0.318489791665626	0.000667440460885701	0.00123129477637341	0.00104032020708253	0.479867011451792	0.337273734761729	0.542135789832822	0.384615384615385
