"高血压.beta"	"性别.beta"	"心脏病.beta"	"高血压.se"	"性别.se"	"心脏病.se"	"新冠死亡.rate"	"高血压.rate"	"性别.rate"	"心脏病.rate"
"25"	-1.39082195202856	0.442721274539973	-0.284628004970925	0.00354898446804896	0.000464083546727766	0.000397987641393045	0.454111224837939	0.214444444444444	0.542135789832822	0.384615384615385
