"高血压.beta"	"性别.beta"	"心脏病.beta"	"高血压.se"	"性别.se"	"心脏病.se"	"新冠死亡.rate"	"高血压.rate"	"性别.rate"	"心脏病.rate"
"7"	-1.36762193513259	0.525554176733053	-0.292931616951201	0.000696139383171944	0.00184267084730937	0.000417715638858085	0.454111224837939	0.214444444444444	0.767777777777778	0.384615384615385
