"高血压.beta"	"性别.beta"	"心脏病.beta"	"高血压.se"	"性别.se"	"心脏病.se"	"新冠死亡.rate"	"高血压.rate"	"性别.rate"	"心脏病.rate"
"64"	-1.14540203304251	0.466446570081993	-0.323006701700724	0.00154137786399369	0.000959111690778698	0.000534219315742376	0.454111224837939	0.337273734761729	0.384615384615385	0.230769230769231
