"高血压.beta"	"性别.beta"	"心脏病.beta"	"高血压.se"	"性别.se"	"心脏病.se"	"新冠死亡.rate"	"高血压.rate"	"性别.rate"	"心脏病.rate"
"47"	-1.46857669108347	0.531452628097564	-0.431204546285206	0.00153065266842722	0.00167075071134782	0.00472330463362681	0.230769230769231	0.384615384615385	0.542135789832822	0.230769230769231
