"高血压.beta"	"性别.beta"	"心脏病.beta"	"高血压.se"	"性别.se"	"心脏病.se"	"新冠死亡.rate"	"高血压.rate"	"性别.rate"	"心脏病.rate"
"39"	-1.11193902412648	0.458694394802848	-0.343005271286396	0.000621070041862235	0.00147051811737632	0.000873596282964646	0.479867011451792	0.384615384615385	0.384615384615385	0.230769230769231
