"高血压.beta"	"性别.beta"	"心脏病.beta"	"高血压.se"	"性别.se"	"心脏病.se"	"新冠死亡.rate"	"高血压.rate"	"性别.rate"	"心脏病.rate"
"3"	-1.31456660654899	0.533441633352491	-0.333069647484608	0.000888420244422825	0.00100991933400599	0.0016890586876201	0.479867011451792	0.214444444444444	0.767777777777778	0.230769230769231
