"高血压.beta"	"性别.beta"	"心脏病.beta"	"高血压.se"	"性别.se"	"心脏病.se"	"新冠死亡.rate"	"高血压.rate"	"性别.rate"	"心脏病.rate"
"17"	-2.42856003496681	0.524001136559138	-0.372042983894861	0.00502840102018168	0.000549112457585711	0.0006937993395096	0.230769230769231	0.214444444444444	0.384615384615385	0.384615384615385
