"高血压.beta"	"性别.beta"	"心脏病.beta"	"高血压.se"	"性别.se"	"心脏病.se"	"新冠死亡.rate"	"高血压.rate"	"性别.rate"	"心脏病.rate"
"29"	-1.42631323616013	0.64259572999897	-0.391270801635396	0.0010144901841166	0.00238273022272392	0.000956153149980858	0.230769230769231	0.384615384615385	0.767777777777778	0.230769230769231
