"高血压.beta"	"性别.beta"	"心脏病.beta"	"高血压.se"	"性别.se"	"心脏病.se"	"新冠死亡.rate"	"高血压.rate"	"性别.rate"	"心脏病.rate"
"33"	-1.08985882685053	0.525286149933704	-0.286570781830958	0.000796171751272995	0.000887147857958822	0.000827562430994436	0.479867011451792	0.384615384615385	0.767777777777778	0.384615384615385
