"高血压.beta"	"性别.beta"	"心脏病.beta"	"高血压.se"	"性别.se"	"心脏病.se"	"新冠死亡.rate"	"高血压.rate"	"性别.rate"	"心脏病.rate"
"61"	-1.13777183728683	0.531601990504536	-0.296573323348669	0.00239551356961583	0.00300670412458423	0.000474049076504006	0.454111224837939	0.337273734761729	0.767777777777778	0.384615384615385
