"高血压.beta"	"性别.beta"	"心脏病.beta"	"高血压.se"	"性别.se"	"心脏病.se"	"新冠死亡.rate"	"高血压.rate"	"性别.rate"	"心脏病.rate"
"73"	-1.12400146157046	0.445749401870887	-0.331183463149727	0.000443271769179102	0.00113766153462997	0.00070885946634914	0.454111224837939	0.337273734761729	0.542135789832822	0.230769230769231
