"高血压.beta"	"性别.beta"	"心脏病.beta"	"高血压.se"	"性别.se"	"心脏病.se"	"新冠死亡.rate"	"高血压.rate"	"性别.rate"	"心脏病.rate"
"8"	-2.47467394759555	0.668990659691298	-0.355244055684908	0.00300848179685319	0.0013812244729347	0.00096726736599191	0.230769230769231	0.214444444444444	0.767777777777778	0.384615384615385
