"高血压.beta"	"性别.beta"	"心脏病.beta"	"高血压.se"	"性别.se"	"心脏病.se"	"新冠死亡.rate"	"高血压.rate"	"性别.rate"	"心脏病.rate"
"49"	-1.098074736548	0.459950676119694	-0.319638144394812	0.000418555848942185	0.000362054366887857	0.000615681469204075	0.454111224837939	0.384615384615385	0.542135789832822	0.230769230769231
