"高血压.beta"	"性别.beta"	"心脏病.beta"	"高血压.se"	"性别.se"	"心脏病.se"	"新冠死亡.rate"	"高血压.rate"	"性别.rate"	"心脏病.rate"
"28"	-1.10046988400885	0.559007471044955	-0.35583105336428	0.000394718319819254	0.00227173183989633	0.000991155486133391	0.454111224837939	0.384615384615385	0.767777777777778	0.230769230769231
