"高血压.beta"	"性别.beta"	"心脏病.beta"	"高血压.se"	"性别.se"	"心脏病.se"	"新冠死亡.rate"	"高血压.rate"	"性别.rate"	"心脏病.rate"
"74"	-1.55754107075531	0.535279412288629	-0.397108257451931	0.0010723050022571	0.000623699411518372	0.00111450626757312	0.230769230769231	0.337273734761729	0.542135789832822	0.230769230769231
