"高血压.beta"	"性别.beta"	"心脏病.beta"	"高血压.se"	"性别.se"	"心脏病.se"	"新冠死亡.rate"	"高血压.rate"	"性别.rate"	"心脏病.rate"
"69"	-1.12220987759698	0.4479883761102	-0.298493526141843	0.00202999975581038	0.000410586738091996	0.000580717270702537	0.479867011451792	0.337273734761729	0.384615384615385	0.384615384615385
