"高血压.beta"	"性别.beta"	"心脏病.beta"	"高血压.se"	"性别.se"	"心脏病.se"	"新冠死亡.rate"	"高血压.rate"	"性别.rate"	"心脏病.rate"
"51"	-1.07547341767803	0.434524593667499	-0.278161977834074	0.00110561854899709	0.0008404325833079	0.000534104986627742	0.479867011451792	0.384615384615385	0.542135789832822	0.384615384615385
