"高血压.beta"	"性别.beta"	"心脏病.beta"	"高血压.se"	"性别.se"	"心脏病.se"	"新冠死亡.rate"	"高血压.rate"	"性别.rate"	"心脏病.rate"
"31"	-1.0839664199224	0.53035906254591	-0.34222391523341	0.000645739765105468	0.000623347415370261	0.000930302344751221	0.454111224837939	0.384615384615385	0.767777777777778	0.230769230769231
