"高血压.beta"	"性别.beta"	"心脏病.beta"	"高血压.se"	"性别.se"	"心脏病.se"	"新冠死亡.rate"	"高血压.rate"	"性别.rate"	"心脏病.rate"
"41"	-1.42714160403514	0.539537747428466	-0.436211067487888	0.000802281732066312	0.000539525500583676	0.00145143186443963	0.230769230769231	0.384615384615385	0.384615384615385	0.230769230769231
