"高血压.beta"	"性别.beta"	"心脏病.beta"	"高血压.se"	"性别.se"	"心脏病.se"	"新冠死亡.rate"	"高血压.rate"	"性别.rate"	"心脏病.rate"
"75"	-1.13449357632959	0.449845711434091	-0.322598459579567	0.0005261320667988	0.000984150157369286	0.00166764056852968	0.479867011451792	0.337273734761729	0.542135789832822	0.230769230769231
