"高血压.beta"	"性别.beta"	"心脏病.beta"	"高血压.se"	"性别.se"	"心脏病.se"	"新冠死亡.rate"	"高血压.rate"	"性别.rate"	"心脏病.rate"
"34"	-1.0923073915637	0.536977694933328	-0.304892615051955	0.000805697623629722	0.00101880646669959	0.000388152064346311	0.454111224837939	0.384615384615385	0.767777777777778	0.384615384615385
