"高血压.beta"	"性别.beta"	"心脏病.beta"	"高血压.se"	"性别.se"	"心脏病.se"	"新冠死亡.rate"	"高血压.rate"	"性别.rate"	"心脏病.rate"
"44"	-1.41855755617989	0.527218177998402	-0.335837482780692	0.00139092297622117	0.00190287552583616	0.00178863840836722	0.230769230769231	0.384615384615385	0.384615384615385	0.384615384615385
