"高血压.beta"	"性别.beta"	"心脏病.beta"	"高血压.se"	"性别.se"	"心脏病.se"	"新冠死亡.rate"	"高血压.rate"	"性别.rate"	"心脏病.rate"
"1"	-1.38257684412747	0.544801721744592	-0.350912274504428	0.00110790854412544	0.000676628328903243	0.000665342337545194	0.454111224837939	0.214444444444444	0.767777777777778	0.230769230769231
