"高血压.beta"	"性别.beta"	"心脏病.beta"	"高血压.se"	"性别.se"	"心脏病.se"	"新冠死亡.rate"	"高血压.rate"	"性别.rate"	"心脏病.rate"
"58"	-1.15824688038987	0.530037093771375	-0.34398457419299	0.000516843720630272	0.000714501850083525	0.00128862562066841	0.454111224837939	0.337273734761729	0.767777777777778	0.230769230769231
