"高血压.beta"	"性别.beta"	"心脏病.beta"	"高血压.se"	"性别.se"	"心脏病.se"	"新冠死亡.rate"	"高血压.rate"	"性别.rate"	"心脏病.rate"
"56"	-1.58210169126424	0.705239197840313	-0.397378610263923	0.000942902061895158	0.00160554183559508	0.000987932025513224	0.230769230769231	0.337273734761729	0.767777777777778	0.230769230769231
