"高血压.beta"	"性别.beta"	"心脏病.beta"	"高血压.se"	"性别.se"	"心脏病.se"	"新冠死亡.rate"	"高血压.rate"	"性别.rate"	"心脏病.rate"
"45"	-1.0807522288927	0.462596887711238	-0.318023986006529	0.000436675208252432	0.000972735494251705	0.000912511123979457	0.479867011451792	0.384615384615385	0.542135789832822	0.230769230769231
