"高血压.beta"	"性别.beta"	"心脏病.beta"	"高血压.se"	"性别.se"	"心脏病.se"	"新冠死亡.rate"	"高血压.rate"	"性别.rate"	"心脏病.rate"
"59"	-1.5476708400199	0.666342459551293	-0.441532485067458	0.000996579789748633	0.000923125437753206	0.000933722944204431	0.230769230769231	0.337273734761729	0.767777777777778	0.230769230769231
