"高血压.beta"	"性别.beta"	"心脏病.beta"	"高血压.se"	"性别.se"	"心脏病.se"	"新冠死亡.rate"	"高血压.rate"	"性别.rate"	"心脏病.rate"
"67"	-1.14171816955683	0.45517465116657	-0.3424780500979	0.000849368276692862	0.00203258378510571	0.00156387353921642	0.454111224837939	0.337273734761729	0.384615384615385	0.230769230769231
