"高血压.beta"	"性别.beta"	"心脏病.beta"	"高血压.se"	"性别.se"	"心脏病.se"	"新冠死亡.rate"	"高血压.rate"	"性别.rate"	"心脏病.rate"
"38"	-1.44529772209525	0.522850860257847	-0.431291633597755	0.00109129962863074	0.000908432147549094	0.00282375198721471	0.230769230769231	0.384615384615385	0.384615384615385	0.230769230769231
