"高血压.beta"	"性别.beta"	"心脏病.beta"	"高血压.se"	"性别.se"	"心脏病.se"	"新冠死亡.rate"	"高血压.rate"	"性别.rate"	"心脏病.rate"
"21"	-1.356639125117	0.444516129904861	-0.329437826268284	0.00115278797057547	0.00110677487862154	0.000506271993852443	0.479867011451792	0.214444444444444	0.542135789832822	0.230769230769231
