"高血压.beta"	"性别.beta"	"心脏病.beta"	"高血压.se"	"性别.se"	"心脏病.se"	"新冠死亡.rate"	"高血压.rate"	"性别.rate"	"心脏病.rate"
"13"	-1.38589533150248	0.441555105751706	-0.355412292395636	0.000686859377294547	0.0007058223709379	0.000533037774889373	0.454111224837939	0.214444444444444	0.384615384615385	0.230769230769231
