"高血压.beta"	"性别.beta"	"心脏病.beta"	"高血压.se"	"性别.se"	"心脏病.se"	"新冠死亡.rate"	"高血压.rate"	"性别.rate"	"心脏病.rate"
"43"	-1.11299959086061	0.44658223399795	-0.27781106816105	0.000860272842498965	0.0011859809488518	0.00204260065478367	0.454111224837939	0.384615384615385	0.384615384615385	0.384615384615385
