"高血压.beta"	"性别.beta"	"心脏病.beta"	"高血压.se"	"性别.se"	"心脏病.se"	"新冠死亡.rate"	"高血压.rate"	"性别.rate"	"心脏病.rate"
"9"	-1.35474836235017	0.466433919024635	-0.326518802027178	0.000823542487780649	0.000882459454786079	0.000771333945097527	0.479867011451792	0.214444444444444	0.384615384615385	0.230769230769231
