"高血压.beta"	"性别.beta"	"心脏病.beta"	"高血压.se"	"性别.se"	"心脏病.se"	"新冠死亡.rate"	"高血压.rate"	"性别.rate"	"心脏病.rate"
"79"	-1.13761473436218	0.465448237719122	-0.300824961494216	0.000792652995679964	0.000781908239469784	0.000954364061182949	0.454111224837939	0.337273734761729	0.542135789832822	0.384615384615385
