"高血压.beta"	"性别.beta"	"心脏病.beta"	"高血压.se"	"性别.se"	"心脏病.se"	"新冠死亡.rate"	"高血压.rate"	"性别.rate"	"心脏病.rate"
"62"	-1.57321871755447	0.658761400407054	-0.329999793054282	0.00100331041902126	0.00267628702348951	0.000641870334383508	0.230769230769231	0.337273734761729	0.767777777777778	0.384615384615385
