"高血压.beta"	"性别.beta"	"心脏病.beta"	"高血压.se"	"性别.se"	"心脏病.se"	"新冠死亡.rate"	"高血压.rate"	"性别.rate"	"心脏病.rate"
"19"	-1.37363266494522	0.450592620055537	-0.339376689190268	0.000831316716459584	0.00167724399407227	0.00128871245233215	0.454111224837939	0.214444444444444	0.542135789832822	0.230769230769231
