"高血压.beta"	"性别.beta"	"心脏病.beta"	"高血压.se"	"性别.se"	"心脏病.se"	"新冠死亡.rate"	"高血压.rate"	"性别.rate"	"心脏病.rate"
"35"	-1.43215789543917	0.682007907851751	-0.349303260820101	0.000725312570634031	0.00113914431156939	0.00115619038886388	0.230769230769231	0.384615384615385	0.767777777777778	0.384615384615385
