"高血压.beta"	"性别.beta"	"心脏病.beta"	"高血压.se"	"性别.se"	"心脏病.se"	"新冠死亡.rate"	"高血压.rate"	"性别.rate"	"心脏病.rate"
"27"	-1.08683219497403	0.503208161408031	-0.335586094151953	0.00053109332429999	0.000744306355805523	0.000973918599695141	0.479867011451792	0.384615384615385	0.767777777777778	0.230769230769231
