"高血压.beta"	"性别.beta"	"心脏病.beta"	"高血压.se"	"性别.se"	"心脏病.se"	"新冠死亡.rate"	"高血压.rate"	"性别.rate"	"心脏病.rate"
"30"	-1.09558605672439	0.547830966268027	-0.371248022399227	0.000508522142426058	0.000760492931556282	0.000583477194840925	0.479867011451792	0.384615384615385	0.767777777777778	0.230769230769231
