"高血压.beta"	"性别.beta"	"心脏病.beta"	"高血压.se"	"性别.se"	"心脏病.se"	"新冠死亡.rate"	"高血压.rate"	"性别.rate"	"心脏病.rate"
"57"	-1.10440815344665	0.530633469667302	-0.3094067591677	0.000751793312254246	0.000665157955368703	0.000513113649446078	0.479867011451792	0.337273734761729	0.767777777777778	0.230769230769231
