"高血压.beta"	"性别.beta"	"心脏病.beta"	"高血压.se"	"性别.se"	"心脏病.se"	"新冠死亡.rate"	"高血压.rate"	"性别.rate"	"心脏病.rate"
"80"	-1.55551685888265	0.555909256626775	-0.346812670845881	0.0029518789118929	0.000659731671894392	0.000827255714450418	0.230769230769231	0.337273734761729	0.542135789832822	0.384615384615385
