"高血压.beta"	"性别.beta"	"心脏病.beta"	"高血压.se"	"性别.se"	"心脏病.se"	"新冠死亡.rate"	"高血压.rate"	"性别.rate"	"心脏病.rate"
"32"	-1.45520076268045	0.649276518960008	-0.415637890775655	0.00149975258559903	0.00132492939005412	0.0013190315658952	0.230769230769231	0.384615384615385	0.767777777777778	0.230769230769231
