"高血压.beta"	"性别.beta"	"心脏病.beta"	"高血压.se"	"性别.se"	"心脏病.se"	"新冠死亡.rate"	"高血压.rate"	"性别.rate"	"心脏病.rate"
"18"	-1.33123914277682	0.434581778982666	-0.333387098555916	0.00114717750674239	0.000369135395444918	0.000974894733455259	0.479867011451792	0.214444444444444	0.542135789832822	0.230769230769231
