"高血压.beta"	"性别.beta"	"心脏病.beta"	"高血压.se"	"性别.se"	"心脏病.se"	"新冠死亡.rate"	"高血压.rate"	"性别.rate"	"心脏病.rate"
"2"	-2.41344564990899	0.660940559630133	-0.440433219681056	0.00834024340417077	0.00195063930333328	0.00151081508362541	0.230769230769231	0.214444444444444	0.767777777777778	0.230769230769231
