"高血压.beta"	"性别.beta"	"心脏病.beta"	"高血压.se"	"性别.se"	"心脏病.se"	"新冠死亡.rate"	"高血压.rate"	"性别.rate"	"心脏病.rate"
"77"	-1.60607309863019	0.544993937261429	-0.402906920518601	0.00105638423013857	0.00181971329611171	0.00085963436411172	0.230769230769231	0.337273734761729	0.542135789832822	0.230769230769231
