"高血压.beta"	"性别.beta"	"心脏病.beta"	"高血压.se"	"性别.se"	"心脏病.se"	"新冠死亡.rate"	"高血压.rate"	"性别.rate"	"心脏病.rate"
"14"	-2.44417637670529	0.53677358497688	-0.380644334602772	0.00311094339678068	0.000701612676018556	0.00207095003951866	0.230769230769231	0.214444444444444	0.384615384615385	0.230769230769231
