"高血压.beta"	"性别.beta"	"心脏病.beta"	"高血压.se"	"性别.se"	"心脏病.se"	"新冠死亡.rate"	"高血压.rate"	"性别.rate"	"心脏病.rate"
"37"	-1.08917923420205	0.451663264995123	-0.350123836583898	0.000495654210580329	0.00108468664858185	0.000859029153030178	0.454111224837939	0.384615384615385	0.384615384615385	0.230769230769231
