"高血压.beta"	"性别.beta"	"心脏病.beta"	"高血压.se"	"性别.se"	"心脏病.se"	"新冠死亡.rate"	"高血压.rate"	"性别.rate"	"心脏病.rate"
"20"	-2.45555437692288	0.532941846190754	-0.398694247390935	0.00353516337798405	0.000694257782265798	0.00185991172425651	0.230769230769231	0.214444444444444	0.542135789832822	0.230769230769231
