"高血压.beta"	"性别.beta"	"心脏病.beta"	"高血压.se"	"性别.se"	"心脏病.se"	"新冠死亡.rate"	"高血压.rate"	"性别.rate"	"心脏病.rate"
"66"	-1.13393734659948	0.463356771227122	-0.33930570745666	0.000668681698449046	0.000679462138650694	0.00104967266594503	0.479867011451792	0.337273734761729	0.384615384615385	0.230769230769231
