"高血压.beta"	"性别.beta"	"心脏病.beta"	"高血压.se"	"性别.se"	"心脏病.se"	"新冠死亡.rate"	"高血压.rate"	"性别.rate"	"心脏病.rate"
"22"	-1.35182322840198	0.445561414224669	-0.34841116939263	0.00110185292485119	0.000990864453741313	0.000696385383129575	0.454111224837939	0.214444444444444	0.542135789832822	0.230769230769231
