"高血压.beta"	"性别.beta"	"心脏病.beta"	"高血压.se"	"性别.se"	"心脏病.se"	"新冠死亡.rate"	"高血压.rate"	"性别.rate"	"心脏病.rate"
"15"	-1.33002456130437	0.451186690659021	-0.30621394216616	0.00198745954274395	0.000931568465469655	0.00116089488959257	0.479867011451792	0.214444444444444	0.384615384615385	0.384615384615385
