"高血压.beta"	"性别.beta"	"心脏病.beta"	"高血压.se"	"性别.se"	"心脏病.se"	"新冠死亡.rate"	"高血压.rate"	"性别.rate"	"心脏病.rate"
"76"	-1.12893590422107	0.440842152269975	-0.317504354642932	0.000444895987674435	0.000523551814700102	0.000928365116757787	0.454111224837939	0.337273734761729	0.542135789832822	0.230769230769231
