"高血压.beta"	"性别.beta"	"心脏病.beta"	"高血压.se"	"性别.se"	"心脏病.se"	"新冠死亡.rate"	"高血压.rate"	"性别.rate"	"心脏病.rate"
"55"	-1.14008953297822	0.533549566163945	-0.332312294669619	0.00053196564302471	0.000675383418471161	0.00115546079093762	0.454111224837939	0.337273734761729	0.767777777777778	0.230769230769231
