"高血压.beta"	"性别.beta"	"心脏病.beta"	"高血压.se"	"性别.se"	"心脏病.se"	"新冠死亡.rate"	"高血压.rate"	"性别.rate"	"心脏病.rate"
"48"	-1.06393705642281	0.434727520123516	-0.329843673925642	0.000388544972385787	0.000478927470859132	0.0027310129173603	0.479867011451792	0.384615384615385	0.542135789832822	0.230769230769231
