"高血压.beta"	"性别.beta"	"心脏病.beta"	"高血压.se"	"性别.se"	"心脏病.se"	"新冠死亡.rate"	"高血压.rate"	"性别.rate"	"心脏病.rate"
"12"	-1.34788352198487	0.484915349498222	-0.348691408421226	0.00110843484681176	0.000496133406726195	0.000506200980549168	0.479867011451792	0.214444444444444	0.384615384615385	0.230769230769231
