"高血压.beta"	"性别.beta"	"心脏病.beta"	"高血压.se"	"性别.se"	"心脏病.se"	"新冠死亡.rate"	"高血压.rate"	"性别.rate"	"心脏病.rate"
"26"	-2.42566545291105	0.544564707220212	-0.358719788235867	0.00914633912237618	0.00126697078586884	0.000599215903800437	0.230769230769231	0.214444444444444	0.542135789832822	0.384615384615385
