"高血压.beta"	"性别.beta"	"心脏病.beta"	"高血压.se"	"性别.se"	"心脏病.se"	"新冠死亡.rate"	"高血压.rate"	"性别.rate"	"心脏病.rate"
"0"	-1.34503945817643	0.512260049178882	-0.325825228303135	0.000627862587286084	0.000595617849332025	0.000605217080336897	0.479867011451792	0.214444444444444	0.767777777777778	0.230769230769231
