"高血压.beta"	"性别.beta"	"心脏病.beta"	"高血压.se"	"性别.se"	"心脏病.se"	"新冠死亡.rate"	"高血压.rate"	"性别.rate"	"心脏病.rate"
"71"	-1.57404242963149	0.516811245777658	-0.369457514893358	0.00153154717333781	0.00144010958978334	0.00111220453764501	0.230769230769231	0.337273734761729	0.384615384615385	0.384615384615385
