"高血压.beta"	"性别.beta"	"心脏病.beta"	"高血压.se"	"性别.se"	"心脏病.se"	"新冠死亡.rate"	"高血压.rate"	"性别.rate"	"心脏病.rate"
"60"	-1.1406310582408	0.517257371312462	-0.298909768807286	0.000871669491584839	0.00059647773072483	0.00203347594379242	0.479867011451792	0.337273734761729	0.767777777777778	0.384615384615385
