"高血压.beta"	"性别.beta"	"心脏病.beta"	"高血压.se"	"性别.se"	"心脏病.se"	"新冠死亡.rate"	"高血压.rate"	"性别.rate"	"心脏病.rate"
"46"	-1.09114805573372	0.461814212073843	-0.321993902958636	0.000634424979221134	0.000521869828024571	0.000784335539873253	0.454111224837939	0.384615384615385	0.542135789832822	0.230769230769231
