"高血压.beta"	"性别.beta"	"心脏病.beta"	"高血压.se"	"性别.se"	"心脏病.se"	"新冠死亡.rate"	"高血压.rate"	"性别.rate"	"心脏病.rate"
"24"	-1.35571194779737	0.460192852616278	-0.31051264303097	0.00114883536695621	0.00044225170811134	0.00130892541671912	0.479867011451792	0.214444444444444	0.542135789832822	0.384615384615385
