"高血压.beta"	"性别.beta"	"心脏病.beta"	"高血压.se"	"性别.se"	"心脏病.se"	"新冠死亡.rate"	"高血压.rate"	"性别.rate"	"心脏病.rate"
"68"	-1.58575768919714	0.538968380833808	-0.434867658821709	0.00179882434857889	0.000667793892847259	0.000934156993681439	0.230769230769231	0.337273734761729	0.384615384615385	0.230769230769231
