"高血压.beta"	"性别.beta"	"心脏病.beta"	"高血压.se"	"性别.se"	"心脏病.se"	"新冠死亡.rate"	"高血压.rate"	"性别.rate"	"心脏病.rate"
"6"	-1.34752427571186	0.504181978347683	-0.30253245192166	0.00141725745777294	0.00167673125354985	0.000652029666410157	0.479867011451792	0.214444444444444	0.767777777777778	0.384615384615385
