"高血压.beta"	"性别.beta"	"心脏病.beta"	"高血压.se"	"性别.se"	"心脏病.se"	"新冠死亡.rate"	"高血压.rate"	"性别.rate"	"心脏病.rate"
"63"	-1.12414597926375	0.461647708099191	-0.331547304583519	0.000765058892850516	0.000600529588558483	0.000959785402887659	0.479867011451792	0.337273734761729	0.384615384615385	0.230769230769231
