"高血压.beta"	"性别.beta"	"心脏病.beta"	"高血压.se"	"性别.se"	"心脏病.se"	"新冠死亡.rate"	"高血压.rate"	"性别.rate"	"心脏病.rate"
"72"	-1.12481935377155	0.450013669895673	-0.331900853188487	0.000602701662321378	0.00119766414605032	0.00061079652069225	0.479867011451792	0.337273734761729	0.542135789832822	0.230769230769231
