"高血压.beta"	"性别.beta"	"心脏病.beta"	"高血压.se"	"性别.se"	"心脏病.se"	"新冠死亡.rate"	"高血压.rate"	"性别.rate"	"心脏病.rate"
"5"	-2.41810455958417	0.67377487017133	-0.416950514103173	0.00693132080705824	0.00103695663764361	0.00104952963842906	0.230769230769231	0.214444444444444	0.767777777777778	0.230769230769231
