"高血压.beta"	"性别.beta"	"心脏病.beta"	"高血压.se"	"性别.se"	"心脏病.se"	"新冠死亡.rate"	"高血压.rate"	"性别.rate"	"心脏病.rate"
"53"	-1.42832124904623	0.513910630135512	-0.359286601513579	0.0017120905860642	0.000564652700105811	0.00128504148715158	0.230769230769231	0.384615384615385	0.542135789832822	0.384615384615385
