"高血压.beta"	"性别.beta"	"心脏病.beta"	"高血压.se"	"性别.se"	"心脏病.se"	"新冠死亡.rate"	"高血压.rate"	"性别.rate"	"心脏病.rate"
"54"	-1.13436533811852	0.535708269875427	-0.360792308494565	0.00133709922818309	0.00230729861849874	0.000826806344770591	0.479867011451792	0.337273734761729	0.767777777777778	0.230769230769231
