"高血压.beta"	"性别.beta"	"心脏病.beta"	"高血压.se"	"性别.se"	"心脏病.se"	"新冠死亡.rate"	"高血压.rate"	"性别.rate"	"心脏病.rate"
"40"	-1.09399867296754	0.463852296613736	-0.351741189294317	0.000560157755389672	0.000827692629864083	0.000754598096815061	0.454111224837939	0.384615384615385	0.384615384615385	0.230769230769231
