"高血压.beta"	"性别.beta"	"心脏病.beta"	"高血压.se"	"性别.se"	"心脏病.se"	"新冠死亡.rate"	"高血压.rate"	"性别.rate"	"心脏病.rate"
"36"	-1.07770982721912	0.452731599030965	-0.341531806827132	0.00049385303803517	0.000515825315551997	0.000952650442384354	0.479867011451792	0.384615384615385	0.384615384615385	0.230769230769231
