"高血压.beta"	"心脏病.beta"	"高血压.se"	"心脏病.se"	"新冠死亡.rate"	"高血压.rate"	"心脏病.rate"
"7"	-1.52334459274395	-0.373402061712678	0.00120313324823361	0.00172983412628925	0.230769230769231	0.337273734761729	0.384615384615385
