"高血压.beta"	"心脏病.beta"	"高血压.se"	"心脏病.se"	"新冠死亡.rate"	"高血压.rate"	"心脏病.rate"
"2"	-1.05069149029674	-0.284417091011447	0.00068748847429637	0.000606839283223179	0.479867011451792	0.384615384615385	0.384615384615385
