"高血压.beta"	"心脏病.beta"	"高血压.se"	"心脏病.se"	"新冠死亡.rate"	"高血压.rate"	"心脏病.rate"
"4"	-1.07150755847078	-0.376743466792206	0.000785778498127583	0.000533935132981989	0.479867011451792	0.337273734761729	0.230769230769231
