"高血压.beta"	"心脏病.beta"	"高血压.se"	"心脏病.se"	"新冠死亡.rate"	"高血压.rate"	"心脏病.rate"
"6"	-1.0753524407163	-0.328949389299491	0.000588354195361858	0.000520590765775541	0.479867011451792	0.337273734761729	0.384615384615385
