"高血压.beta"	"心脏病.beta"	"高血压.se"	"心脏病.se"	"新冠死亡.rate"	"高血压.rate"	"心脏病.rate"
"5"	-1.50383469388801	-0.411282814447139	0.000960736636102217	0.000922143928212248	0.230769230769231	0.337273734761729	0.230769230769231
