"高血压.beta"	"心脏病.beta"	"高血压.se"	"心脏病.se"	"新冠死亡.rate"	"高血压.rate"	"心脏病.rate"
"0"	-1.05005074327049	-0.367844821905396	0.000777780522080026	0.00139274060649336	0.479867011451792	0.384615384615385	0.230769230769231
