"高血压.beta"	"心脏病.beta"	"高血压.se"	"心脏病.se"	"新冠死亡.rate"	"高血压.rate"	"心脏病.rate"
"3"	-1.42258198309406	-0.359828220234269	0.00197165422499768	0.00259335283345884	0.230769230769231	0.384615384615385	0.384615384615385
