"高血压.beta"	"心脏病.beta"	"高血压.se"	"心脏病.se"	"新冠死亡.rate"	"高血压.rate"	"心脏病.rate"
"1"	-1.39473727530837	-0.42145288461443	0.00114993136819469	0.00217076681242536	0.230769230769231	0.384615384615385	0.230769230769231
