高血压.beta	心脏病.beta	高血压.se	心脏病.se	新冠死亡.rate	高血压.rate	心脏病.rate
-1.05005074327049	-0.36784482190539597	0.000777780522080026	0.00139274060649336	0.47986701145179206	0.384615384615385	0.23076923076923103
-1.39473727530837	-0.42145288461443	0.00114993136819469	0.0021707668124253602	0.23076923076923103	0.384615384615385	0.23076923076923103
-1.05069149029674	-0.284417091011447	0.0006874884742963701	0.000606839283223179	0.47986701145179206	0.384615384615385	0.384615384615385
-1.42258198309406	-0.35982822023426897	0.00197165422499768	0.00259335283345884	0.23076923076923103	0.384615384615385	0.384615384615385
-1.07150755847078	-0.376743466792206	0.000785778498127583	0.000533935132981989	0.47986701145179206	0.337273734761729	0.23076923076923103
-1.50383469388801	-0.411282814447139	0.000960736636102217	0.000922143928212248	0.23076923076923103	0.337273734761729	0.23076923076923103
-1.0753524407163	-0.328949389299491	0.000588354195361858	0.000520590765775541	0.47986701145179206	0.337273734761729	0.384615384615385
-1.52334459274395	-0.373402061712678	0.00120313324823361	0.00172983412628925	0.23076923076923103	0.337273734761729	0.384615384615385
