"高血压.beta"	"心脏病.beta"	"高血压.se"	"心脏病.se"	"新冠死亡.rate"	"高血压.rate"	"心脏病.rate"
"7"	-1.51534696371734	-0.352069851758674	0.00129293782439383	0.000672339078686211	0.230769230769231	0.337273734761729	0.384615384615385
