"高血压.beta"	"心脏病.beta"	"高血压.se"	"心脏病.se"	"新冠死亡.rate"	"高血压.rate"	"心脏病.rate"
"6"	-1.08935984839156	-0.312207631378902	0.00133927904170048	0.00128766217946094	0.479867011451792	0.337273734761729	0.384615384615385
