"高血压.beta"	"心脏病.beta"	"高血压.se"	"心脏病.se"	"新冠死亡.rate"	"高血压.rate"	"心脏病.rate"
"0"	-1.05811892815228	-0.361029637012561	0.000837635041982014	0.000488967546349534	0.479867011451792	0.384615384615385	0.230769230769231
