"高血压.beta"	"心脏病.beta"	"高血压.se"	"心脏病.se"	"新冠死亡.rate"	"高血压.rate"	"心脏病.rate"
"2"	-1.0387144631639	-0.321344208920792	0.000623284442429731	0.00148277479333326	0.479867011451792	0.384615384615385	0.384615384615385
