"高血压.beta"	"心脏病.beta"	"高血压.se"	"心脏病.se"	"新冠死亡.rate"	"高血压.rate"	"心脏病.rate"
"4"	-1.08603533530288	-0.371234371155422	0.000478453305880833	0.000512342629599261	0.479867011451792	0.337273734761729	0.230769230769231
