"高血压.beta"	"心脏病.beta"	"高血压.se"	"心脏病.se"	"新冠死亡.rate"	"高血压.rate"	"心脏病.rate"
"5"	-1.5223530780259	-0.430172188124134	0.00104346128298489	0.000920664958350119	0.230769230769231	0.337273734761729	0.230769230769231
