"高血压.beta"	"心脏病.beta"	"高血压.se"	"心脏病.se"	"新冠死亡.rate"	"高血压.rate"	"心脏病.rate"
"1"	-1.41306796719618	-0.438190303527846	0.000757000146330551	0.00127750786068382	0.230769230769231	0.384615384615385	0.230769230769231
