"高血压.beta"	"心脏病.beta"	"高血压.se"	"心脏病.se"	"新冠死亡.rate"	"高血压.rate"	"心脏病.rate"
"3"	-1.41363789204788	-0.390586353276	0.00141018925566912	0.000689457023019181	0.230769230769231	0.384615384615385	0.384615384615385
