"B.beta"	"C.beta"	"B.se"	"C.se"	"A.rate"	"B.rate"	"C.rate"
"0"	-0.306065636453975	-0.332556174750108	0.011301287014394	0.0093887662001866	0.230769230769231	0.384615384615385	0.307692307692308
