"beta"	"se"	"z_value"	"P"
"B"	-0.306065636453975	0.011301287014394	-27.0823700047748	1.5884907068539e-161
"C"	-0.332556174750108	0.0093887662001866	-35.4206471499417	8.21446468956908e-275
