"高血压.beta"	"心脏病.beta"	"高血压.se"	"心脏病.se"	"新冠死亡.rate"	"高血压.rate"	"心脏病.rate"
"7"	-1.53244039245627	-0.377974548912239	0.00140368510562529	0.000928543717523857	0.230769230769231	0.337273734761729	0.384615384615385
