"高血压.beta"	"心脏病.beta"	"高血压.se"	"心脏病.se"	"新冠死亡.rate"	"高血压.rate"	"心脏病.rate"
"1"	-1.4037334623924	-0.441375198992131	0.00176780325435702	0.00140217139384522	0.230769230769231	0.384615384615385	0.230769230769231
