"高血压.beta"	"心脏病.beta"	"高血压.se"	"心脏病.se"	"新冠死亡.rate"	"高血压.rate"	"心脏病.rate"
"6"	-1.08539964968829	-0.320009952784288	0.000926820094618172	0.000637274424840328	0.479867011451792	0.337273734761729	0.384615384615385
