"高血压.beta"	"心脏病.beta"	"高血压.se"	"心脏病.se"	"新冠死亡.rate"	"高血压.rate"	"心脏病.rate"
"0"	-1.04341519791616	-0.366906143287756	0.000844096142754681	0.00096625202587029	0.479867011451792	0.384615384615385	0.230769230769231
