"高血压.beta"	"心脏病.beta"	"高血压.se"	"心脏病.se"	"新冠死亡.rate"	"高血压.rate"	"心脏病.rate"
"2"	-1.04660961414838	-0.319718322144755	0.000777719363176047	0.000735982337921201	0.479867011451792	0.384615384615385	0.384615384615385
