"高血压.beta"	"心脏病.beta"	"高血压.se"	"心脏病.se"	"新冠死亡.rate"	"高血压.rate"	"心脏病.rate"
"5"	-1.53463879994049	-0.434400548185173	0.00176763743894526	0.00146872257691673	0.230769230769231	0.337273734761729	0.230769230769231
