"高血压.beta"	"心脏病.beta"	"高血压.se"	"心脏病.se"	"新冠死亡.rate"	"高血压.rate"	"心脏病.rate"
"3"	-1.40862232050031	-0.376708828376024	0.00141915845259272	0.00111735066772387	0.230769230769231	0.384615384615385	0.384615384615385
