"高血压.beta"	"心脏病.beta"	"高血压.se"	"心脏病.se"	"新冠死亡.rate"	"高血压.rate"	"心脏病.rate"
"4"	-1.08653634637453	-0.361050469078146	0.000880955685483789	0.000871090108708614	0.479867011451792	0.337273734761729	0.230769230769231
