高血压.beta	心脏病.beta	高血压.se	心脏病.se	新冠死亡.rate	高血压.rate	心脏病.rate
-1.04341519791616	-0.36690614328775606	0.0008440961427546809	0.0009662520258702901	0.47986701145179206	0.384615384615385	0.23076923076923103
-1.4037334623923998	-0.44137519899213107	0.00176780325435702	0.00140217139384522	0.23076923076923103	0.384615384615385	0.23076923076923103
-1.04660961414838	-0.31971832214475504	0.0007777193631760469	0.0007359823379212009	0.47986701145179206	0.384615384615385	0.384615384615385
-1.40862232050031	-0.376708828376024	0.0014191584525927198	0.00111735066772387	0.23076923076923103	0.384615384615385	0.384615384615385
-1.0865363463745301	-0.361050469078146	0.0008809556854837891	0.000871090108708614	0.47986701145179206	0.337273734761729	0.23076923076923103
-1.53463879994049	-0.434400548185173	0.0017676374389452602	0.00146872257691673	0.23076923076923103	0.337273734761729	0.23076923076923103
-1.08539964968829	-0.32000995278428807	0.0009268200946181721	0.000637274424840328	0.47986701145179206	0.337273734761729	0.384615384615385
-1.5324403924562702	-0.37797454891223903	0.00140368510562529	0.000928543717523857	0.23076923076923103	0.337273734761729	0.384615384615385
