"beta"	"se"	"z_value"	"P"
"高血压"	-1.2676744729271	0.0492796932596	-25.7240739354674	6.28841779110784e-146
"心脏病"	-0.374768001470064	0.00204189480059902	-183.539328941001	0
