"高血压.beta"	"心脏病.beta"	"高血压.se"	"心脏病.se"	"新冠死亡.rate"	"高血压.rate"	"心脏病.rate"
"0"	-1.16366381674227	-0.346472592235976	0.00118908349138008	0.00161566066676774	0.355318121110511	0.360944559688557	0.307692307692308
