"高血压.beta"	"心脏病.beta"	"高血压.se"	"心脏病.se"	"新冠死亡.rate"	"高血压.rate"	"心脏病.rate"
"0"	-1.1632294085741	-0.346421084475791	0.000990318444325427	0.000954679619638322	0.355318121110511	0.360944559688557	0.307692307692308
