"beta"	"se"	"z_value"	"P"
"高血压"	-1.1632294085741	0.000990318444325427	-1174.60137720292	0
"心脏病"	-0.346421084475791	0.000954679619638322	-362.866324314152	0
