Sex.beta	Age.beta	Hypertension.beta	Sex.se	Age.se	Hypertension.se	Death.rate	Sex.rate	Age.rate	Hypertension.rate
0.5652009728266489	2.61617652860702	0.362139825193747	0.0852784784372268	0.10737192047817501	0.113117897073411	0.0233390998112726	0.509625931817409	0.374236081511152	0.293013045044716
