"beta"	"se"	"z_value"	"P"
"Sex"	0.565200972826649	0.0852784784372268	6.6277093961367	3.40935815438026e-11
"Age"	2.61617652860702	0.107371920478175	24.3655558823575	3.9663696766843e-131
"Hypertension"	0.362139825193747	0.113117897073411	3.2014370366055	0.00136743956464881
