"高血压.beta"	"心脏病.beta"	"高血压.se"	"心脏病.se"	"新冠死亡.rate"	"高血压.rate"	"心脏病.rate"
"7"	-1.53604377269892	-0.395852878535909	0.00317905115786318	0.00160964144162021	0.230769230769231	0.337273734761729	0.384615384615385
