"高血压.beta"	"心脏病.beta"	"高血压.se"	"心脏病.se"	"新冠死亡.rate"	"高血压.rate"	"心脏病.rate"
"0"	-1.04504356637383	-0.362693269475182	0.00108276523739843	0.000523438654377595	0.479867011451792	0.384615384615385	0.230769230769231
