"高血压.beta"	"心脏病.beta"	"高血压.se"	"心脏病.se"	"新冠死亡.rate"	"高血压.rate"	"心脏病.rate"
"2"	-1.04503881364372	-0.315555613231158	0.000457198670659751	0.00124366714346133	0.479867011451792	0.384615384615385	0.384615384615385
