"高血压.beta"	"心脏病.beta"	"高血压.se"	"心脏病.se"	"新冠死亡.rate"	"高血压.rate"	"心脏病.rate"
"1"	-1.38181254295505	-0.402002676033943	0.000784720114137453	0.000816906249836399	0.230769230769231	0.384615384615385	0.230769230769231
