"高血压.beta"	"心脏病.beta"	"高血压.se"	"心脏病.se"	"新冠死亡.rate"	"高血压.rate"	"心脏病.rate"
"6"	-1.08296394401372	-0.311372555244199	0.000809309421690058	0.000557623558399795	0.479867011451792	0.337273734761729	0.384615384615385
