"高血压.beta"	"心脏病.beta"	"高血压.se"	"心脏病.se"	"新冠死亡.rate"	"高血压.rate"	"心脏病.rate"
"3"	-1.3959903772489	-0.382063428104715	0.000867488870427455	0.00118659421089915	0.230769230769231	0.384615384615385	0.384615384615385
