"高血压.beta"	"心脏病.beta"	"高血压.se"	"心脏病.se"	"新冠死亡.rate"	"高血压.rate"	"心脏病.rate"
"4"	-1.07878954524507	-0.350086973485122	0.00068005674727132	0.000489879691418865	0.479867011451792	0.337273734761729	0.230769230769231
