"高血压.beta"	"心脏病.beta"	"高血压.se"	"心脏病.se"	"新冠死亡.rate"	"高血压.rate"	"心脏病.rate"
"5"	-1.5313937090867	-0.438091531422912	0.00248430520766791	0.000890600757791989	0.230769230769231	0.337273734761729	0.230769230769231
