高血压.beta	心脏病.beta	高血压.se	心脏病.se	新冠死亡.rate	高血压.rate	心脏病.rate
-1.04504356637383	-0.362693269475182	0.00108276523739843	0.0005234386543775951	0.47986701145179206	0.384615384615385	0.23076923076923103
-1.38181254295505	-0.402002676033943	0.000784720114137453	0.000816906249836399	0.23076923076923103	0.384615384615385	0.23076923076923103
-1.04503881364372	-0.31555561323115805	0.00045719867065975096	0.00124366714346133	0.47986701145179206	0.384615384615385	0.384615384615385
-1.3959903772489	-0.38206342810471505	0.000867488870427455	0.00118659421089915	0.23076923076923103	0.384615384615385	0.384615384615385
-1.07878954524507	-0.350086973485122	0.00068005674727132	0.000489879691418865	0.47986701145179206	0.337273734761729	0.23076923076923103
-1.5313937090867	-0.438091531422912	0.0024843052076679102	0.0008906007577919891	0.23076923076923103	0.337273734761729	0.23076923076923103
-1.08296394401372	-0.311372555244199	0.000809309421690058	0.000557623558399795	0.47986701145179206	0.337273734761729	0.384615384615385
-1.5360437726989198	-0.395852878535909	0.00317905115786318	0.00160964144162021	0.23076923076923103	0.337273734761729	0.384615384615385
