"beta"	"se"	"z_value"	"P"
"高血压"	-1.26213453390824	0.0485373056309544	-26.0033909484938	4.53360154658452e-149
"心脏病"	-0.369714865691643	0.00190457325683416	-194.119530117835	0
