"高血压.beta"	"性别.beta"	"心脏病.beta"	"高血压.se"	"性别.se"	"心脏病.se"	"新冠死亡.rate"	"高血压.rate"	"性别.rate"	"心脏病.rate"
"0"	-1.25559726451694	0.472722751694527	-0.315057419120726	0.00154109036160048	0.000698238454074747	0.000609102953218152	0.388249155686321	0.312111187940519	0.564842984075328	0.282051282051282
