高血压.beta	心脏病.beta	高血压.se	心脏病.se	新冠死亡.rate	高血压.rate	心脏病.rate
-1.20611420611855	-0.356338005859911	0.000629891646810435	0.000706502277117059	0.355318121110511	0.360944559688557	0.307692307692308
