"beta"	"se"	"z_value"	"P"
"高血压"	-1.20611420611855	0.000629891646810435	-1914.79631810632	0
"心脏病"	-0.356338005859911	0.000706502277117059	-504.369224843801	0
