"高血压.beta"	"心脏病.beta"	"高血压.se"	"心脏病.se"	"新冠死亡.rate"	"高血压.rate"	"心脏病.rate"
"7"	-1.5218767047877	-0.375074759657665	0.00318832758367456	0.00238888805930486	0.230769230769231	0.337273734761729	0.384615384615385
