"高血压.beta"	"心脏病.beta"	"高血压.se"	"心脏病.se"	"新冠死亡.rate"	"高血压.rate"	"心脏病.rate"
"3"	-1.39732782493526	-0.391967017098341	0.000840899845993707	0.000893993760712304	0.230769230769231	0.384615384615385	0.384615384615385
