"高血压.beta"	"心脏病.beta"	"高血压.se"	"心脏病.se"	"新冠死亡.rate"	"高血压.rate"	"心脏病.rate"
"2"	-1.03857861164353	-0.335443179514854	0.000532334301304176	0.000518963495582899	0.479867011451792	0.384615384615385	0.384615384615385
