"高血压.beta"	"心脏病.beta"	"高血压.se"	"心脏病.se"	"新冠死亡.rate"	"高血压.rate"	"心脏病.rate"
"5"	-1.53968260190101	-0.462592532410592	0.00104613110622936	0.00345605752454224	0.230769230769231	0.337273734761729	0.230769230769231
