"高血压.beta"	"心脏病.beta"	"高血压.se"	"心脏病.se"	"新冠死亡.rate"	"高血压.rate"	"心脏病.rate"
"4"	-1.08869265161639	-0.380203051325176	0.000695100457623897	0.00120329353490346	0.479867011451792	0.337273734761729	0.230769230769231
