"高血压.beta"	"心脏病.beta"	"高血压.se"	"心脏病.se"	"新冠死亡.rate"	"高血压.rate"	"心脏病.rate"
"6"	-1.08429625722979	-0.309925876051693	0.000774705448134733	0.000647607039902162	0.479867011451792	0.337273734761729	0.384615384615385
