"高血压.beta"	"心脏病.beta"	"高血压.se"	"心脏病.se"	"新冠死亡.rate"	"高血压.rate"	"心脏病.rate"
"0"	-1.02912638775247	-0.380213558196792	0.00150406617110676	0.000702602162260039	0.479867011451792	0.384615384615385	0.230769230769231
