"高血压.beta"	"心脏病.beta"	"高血压.se"	"心脏病.se"	"新冠死亡.rate"	"高血压.rate"	"心脏病.rate"
"1"	-1.3879322398453	-0.454951167455252	0.00119989543518015	0.00191612356977761	0.230769230769231	0.384615384615385	0.230769230769231
