"高血压.beta"	"心脏病.beta"	"高血压.se"	"心脏病.se"	"新冠死亡.rate"	"高血压.rate"	"心脏病.rate"
"0"	-1.17532340300738	-0.360330270915597	0.00113768468470233	0.00134438496907491	0.355318121110511	0.360944559688557	0.307692307692308
