高血压.beta	心脏病.beta	高血压.se	心脏病.se	新冠死亡.rate	高血压.rate	心脏病.rate
-1.17532340300738	-0.3603302709155971	0.0011376846847023301	0.00134438496907491	0.355318121110511	0.360944559688557	0.307692307692308
