"beta"	"se"	"z_value"	"P"
"高血压"	-1.17532340300738	0.00113768468470233	-1033.08361166424	0
"心脏病"	-0.360330270915597	0.00134438496907491	-268.026108000557	0
