"高血压.beta"	"心脏病.beta"	"高血压.se"	"心脏病.se"	"新冠死亡.rate"	"高血压.rate"	"心脏病.rate"
"2"	-1.04528183957166	-0.322773465482355	0.000710280217553906	0.00053305708082335	0.479867011451792	0.384615384615385	0.384615384615385
