"高血压.beta"	"心脏病.beta"	"高血压.se"	"心脏病.se"	"新冠死亡.rate"	"高血压.rate"	"心脏病.rate"
"1"	-1.40660391946054	-0.454923061935503	0.000889669653572085	0.00110436206900198	0.230769230769231	0.384615384615385	0.230769230769231
