"高血压.beta"	"心脏病.beta"	"高血压.se"	"心脏病.se"	"新冠死亡.rate"	"高血压.rate"	"心脏病.rate"
"6"	-1.07669432562727	-0.322767867069619	0.000883574587367718	0.000671559213733315	0.479867011451792	0.337273734761729	0.384615384615385
