"高血压.beta"	"心脏病.beta"	"高血压.se"	"心脏病.se"	"新冠死亡.rate"	"高血压.rate"	"心脏病.rate"
"4"	-1.08623560199446	-0.374036916272258	0.000878922462670635	0.000504895515314737	0.479867011451792	0.337273734761729	0.230769230769231
