"高血压.beta"	"心脏病.beta"	"高血压.se"	"心脏病.se"	"新冠死亡.rate"	"高血压.rate"	"心脏病.rate"
"3"	-1.41894320564573	-0.361321067423281	0.000789932218855272	0.000570077826832943	0.230769230769231	0.384615384615385	0.384615384615385
