"高血压.beta"	"心脏病.beta"	"高血压.se"	"心脏病.se"	"新冠死亡.rate"	"高血压.rate"	"心脏病.rate"
"7"	-1.54925782215767	-0.404726021962401	0.00228866725891876	0.00145236591832466	0.230769230769231	0.337273734761729	0.384615384615385
