"高血压.beta"	"心脏病.beta"	"高血压.se"	"心脏病.se"	"新冠死亡.rate"	"高血压.rate"	"心脏病.rate"
"0"	-1.05468110081661	-0.354642098386034	0.000820726879788253	0.000886672222598578	0.479867011451792	0.384615384615385	0.230769230769231
