"高血压.beta"	"心脏病.beta"	"高血压.se"	"心脏病.se"	"新冠死亡.rate"	"高血压.rate"	"心脏病.rate"
"5"	-1.53338157417146	-0.443779473361019	0.00265392617793958	0.00382622671490952	0.230769230769231	0.337273734761729	0.230769230769231
