高血压.beta	心脏病.beta	高血压.se	心脏病.se	新冠死亡.rate	高血压.rate	心脏病.rate
-1.05468110081661	-0.354642098386034	0.000820726879788253	0.0008866722225985779	0.47986701145179206	0.384615384615385	0.23076923076923103
-1.4066039194605402	-0.45492306193550297	0.000889669653572085	0.0011043620690019801	0.23076923076923103	0.384615384615385	0.23076923076923103
-1.04528183957166	-0.32277346548235497	0.000710280217553906	0.00053305708082335	0.47986701145179206	0.384615384615385	0.384615384615385
-1.4189432056457298	-0.361321067423281	0.0007899322188552719	0.0005700778268329429	0.23076923076923103	0.384615384615385	0.384615384615385
-1.08623560199446	-0.374036916272258	0.000878922462670635	0.0005048955153147371	0.47986701145179206	0.337273734761729	0.23076923076923103
-1.53338157417146	-0.443779473361019	0.00265392617793958	0.0038262267149095203	0.23076923076923103	0.337273734761729	0.23076923076923103
-1.07669432562727	-0.32276786706961896	0.000883574587367718	0.0006715592137333151	0.47986701145179206	0.337273734761729	0.384615384615385
-1.54925782215767	-0.404726021962401	0.00228866725891876	0.00145236591832466	0.23076923076923103	0.337273734761729	0.384615384615385
