"beta"	"se"	"z_value"	"P"
"高血压"	-1.27138492368067	0.0508850631945564	-24.9854248744784	8.80513654217549e-138
"心脏病"	-0.379871246486559	0.00255542411183839	-148.652916252432	0
