"高血压.beta"	"心脏病.beta"	"高血压.se"	"心脏病.se"	"新冠死亡.rate"	"高血压.rate"	"心脏病.rate"
"0"	-1.16549491887069	-0.353294070242916	0.000780311331353871	0.000873886058288972	0.355318121110511	0.360944559688557	0.307692307692308
