高血压.beta	心脏病.beta	高血压.se	心脏病.se	新冠死亡.rate	高血压.rate	心脏病.rate
-1.1654949188706898	-0.35329407024291604	0.000780311331353871	0.000873886058288972	0.355318121110511	0.360944559688557	0.307692307692308
