"beta"	"se"	"z_value"	"P"
"高血压"	-1.16549491887069	0.000780311331353871	-1493.62808412446	0
"心脏病"	-0.353294070242916	0.000873886058288972	-404.279330116159	0
