"高血压.beta"	"心脏病.beta"	"高血压.se"	"心脏病.se"	"新冠死亡.rate"	"高血压.rate"	"心脏病.rate"
"0"	-1.05072728907462	-0.3713139657095	0.000729134417001969	0.00094506371980751	0.479867011451792	0.384615384615385	0.230769230769231
