"高血压.beta"	"心脏病.beta"	"高血压.se"	"心脏病.se"	"新冠死亡.rate"	"高血压.rate"	"心脏病.rate"
"4"	-1.08671617918746	-0.375040463662102	0.000852732801308656	0.000515332059425551	0.479867011451792	0.337273734761729	0.230769230769231
