"高血压.beta"	"心脏病.beta"	"高血压.se"	"心脏病.se"	"新冠死亡.rate"	"高血压.rate"	"心脏病.rate"
"6"	-1.06832929435371	-0.332878327185724	0.000632102670404936	0.000587880036580801	0.479867011451792	0.337273734761729	0.384615384615385
