"高血压.beta"	"心脏病.beta"	"高血压.se"	"心脏病.se"	"新冠死亡.rate"	"高血压.rate"	"心脏病.rate"
"7"	-1.51952008962632	-0.369915181400328	0.00145010839381514	0.000849995099314121	0.230769230769231	0.337273734761729	0.384615384615385
