"高血压.beta"	"心脏病.beta"	"高血压.se"	"心脏病.se"	"新冠死亡.rate"	"高血压.rate"	"心脏病.rate"
"1"	-1.43165743177721	-0.440996841797891	0.00182377295688298	0.000830151347138085	0.230769230769231	0.384615384615385	0.230769230769231
