"高血压.beta"	"心脏病.beta"	"高血压.se"	"心脏病.se"	"新冠死亡.rate"	"高血压.rate"	"心脏病.rate"
"3"	-1.38962578406227	-0.365513374872892	0.00122490721279249	0.000819360510178669	0.230769230769231	0.384615384615385	0.384615384615385
