"高血压.beta"	"心脏病.beta"	"高血压.se"	"心脏病.se"	"新冠死亡.rate"	"高血压.rate"	"心脏病.rate"
"2"	-1.04373961725523	-0.31164704633539	0.000545874669099376	0.000814295507346114	0.479867011451792	0.384615384615385	0.384615384615385
