"高血压.beta"	"心脏病.beta"	"高血压.se"	"心脏病.se"	"新冠死亡.rate"	"高血压.rate"	"心脏病.rate"
"5"	-1.55158286667674	-0.445974147508254	0.00209784264467928	0.00093977818594026	0.230769230769231	0.337273734761729	0.230769230769231
