高血压.beta	心脏病.beta	高血压.se	心脏病.se	新冠死亡.rate	高血压.rate	心脏病.rate
-1.05072728907462	-0.37131396570950004	0.0007291344170019691	0.0009450637198075099	0.47986701145179206	0.384615384615385	0.23076923076923103
-1.43165743177721	-0.44099684179789095	0.0018237729568829802	0.000830151347138085	0.23076923076923103	0.384615384615385	0.23076923076923103
-1.04373961725523	-0.31164704633539003	0.000545874669099376	0.0008142955073461139	0.47986701145179206	0.384615384615385	0.384615384615385
-1.3896257840622699	-0.36551337487289204	0.0012249072127924901	0.000819360510178669	0.23076923076923103	0.384615384615385	0.384615384615385
-1.08671617918746	-0.3750404636621021	0.000852732801308656	0.0005153320594255509	0.47986701145179206	0.337273734761729	0.23076923076923103
-1.55158286667674	-0.445974147508254	0.00209784264467928	0.00093977818594026	0.23076923076923103	0.337273734761729	0.23076923076923103
-1.06832929435371	-0.332878327185724	0.000632102670404936	0.0005878800365808009	0.47986701145179206	0.337273734761729	0.384615384615385
-1.51952008962632	-0.3699151814003279	0.00145010839381514	0.000849995099314121	0.23076923076923103	0.337273734761729	0.384615384615385
