"B.beta"	"C.beta"	"D.beta"	"B.se"	"C.se"	"D.se"	"A.rate"	"B.rate"	"C.rate"	"D.rate"
"49"	-0.81136371084617	-0.522198627791832	-0.259788334949678	0.386565863791538	0.306221741778296	0.542211852396666	0.230769230769231	0.384615384615385	0.384615384615385	0.230769230769231
