"B.beta"	"C.beta"	"D.beta"	"B.se"	"C.se"	"D.se"	"A.rate"	"B.rate"	"C.rate"	"D.rate"
"16"	-0.662007680949034	-0.628106940927932	-0.631485190884543	0.583229684856231	0.355374515460692	0.436125248641228	0.230769230769231	0.384615384615385	0.384615384615385	0.384615384615385
