"B.beta"	"C.beta"	"D.beta"	"B.se"	"C.se"	"D.se"	"A.rate"	"B.rate"	"C.rate"	"D.rate"
"44"	-0.666983862799755	-0.969340642131688	-0.0561413419256833	0.536992225698243	0.619072139402789	0.456643348468161	0.230769230769231	0.384615384615385	0.384615384615385	0.384615384615385
