"B.beta"	"C.beta"	"D.beta"	"B.se"	"C.se"	"D.se"	"A.rate"	"B.rate"	"C.rate"	"D.rate"
"18"	-0.64334766004922	-0.14865748214143	-6.62223838852911	0.763596588224319	0.477636241121833	539809.276036807	0.230769230769231	0.384615384615385	0.384615384615385	0.230769230769231
