"B.beta"	"C.beta"	"D.beta"	"B.se"	"C.se"	"D.se"	"A.rate"	"B.rate"	"C.rate"	"D.rate"
"13"	-0.56861814882032	-0.441517370540955	-6.16362200028384	0.65338648113501	0.443131833208701	874980.921478441	0.230769230769231	0.384615384615385	0.384615384615385	0.230769230769231
