"B.beta"	"C.beta"	"D.beta"	"B.se"	"C.se"	"D.se"	"A.rate"	"B.rate"	"C.rate"	"D.rate"
"73"	-0.137602602319052	-0.278569557070602	0.185621330831542	0.301186053695312	0.384387332516142	0.408412356511958	0.230769230769231	0.384615384615385	0.384615384615385	0.230769230769231
