"B.beta"	"C.beta"	"D.beta"	"B.se"	"C.se"	"D.se"	"A.rate"	"B.rate"	"C.rate"	"D.rate"
"59"	-0.170505601279721	-0.270467572504895	-0.947889593591415	0.406103999946623	0.645072762109752	1.05912995472033	0.230769230769231	0.384615384615385	0.230769230769231	0.230769230769231
