"B.beta"	"C.beta"	"D.beta"	"B.se"	"C.se"	"D.se"	"A.rate"	"B.rate"	"C.rate"	"D.rate"
"71"	-0.402253220469765	-0.38844572444657	-0.389788682224957	0.367784566345293	0.346431051758492	0.682327700932948	0.230769230769231	0.384615384615385	0.384615384615385	0.384615384615385
