"B.beta"	"C.beta"	"D.beta"	"B.se"	"C.se"	"D.se"	"A.rate"	"B.rate"	"C.rate"	"D.rate"
"45"	-0.488409077397022	-0.0876795570462072	0.176288899999608	0.967537845087233	1.36817635822014	0.539424105819686	0.230769230769231	0.384615384615385	0.384615384615385	0.230769230769231
