"B.beta"	"C.beta"	"D.beta"	"B.se"	"C.se"	"D.se"	"A.rate"	"B.rate"	"C.rate"	"D.rate"
"64"	-0.318162500189097	-0.327563992616091	-0.287188981510191	0.681368186315105	0.780594955783075	0.660209600951717	0.230769230769231	0.384615384615385	0.384615384615385	0.230769230769231
