"B.beta"	"C.beta"	"D.beta"	"B.se"	"C.se"	"D.se"	"A.rate"	"B.rate"	"C.rate"	"D.rate"
"42"	-0.548028940387659	-0.649398424154515	-0.193881082584229	1.23593400414248	0.336913480032721	0.404772703205859	0.230769230769231	0.384615384615385	0.384615384615385	0.384615384615385
