"B.beta"	"C.beta"	"D.beta"	"B.se"	"C.se"	"D.se"	"A.rate"	"B.rate"	"C.rate"	"D.rate"
"74"	-0.443963684976167	-0.606854358278158	-0.26310365414196	0.578792386382217	0.663137892720175	0.407000094899243	0.230769230769231	0.384615384615385	0.384615384615385	0.230769230769231
