"B.beta"	"C.beta"	"D.beta"	"B.se"	"C.se"	"D.se"	"A.rate"	"B.rate"	"C.rate"	"D.rate"
"3"	0.15282831587656	-0.603724618411815	-0.0710899812013264	0.357321806858935	0.718097119545681	0.482532693518516	0.230769230769231	0.384615384615385	0.230769230769231	0.230769230769231
