"B.beta"	"C.beta"	"D.beta"	"B.se"	"C.se"	"D.se"	"A.rate"	"B.rate"	"C.rate"	"D.rate"
"17"	-0.0167245082960492	-0.00615781573277013	-0.483491536449241	0.420935387789063	0.63267916096158	0.328927017045667	0.230769230769231	0.384615384615385	0.384615384615385	0.384615384615385
