"B.beta"	"C.beta"	"D.beta"	"B.se"	"C.se"	"D.se"	"A.rate"	"B.rate"	"C.rate"	"D.rate"
"61"	-0.0662264419037597	-0.225068775148562	-0.532688275583691	0.325555498041098	1.28206793179311	0.449558282900213	0.230769230769231	0.384615384615385	0.230769230769231	0.384615384615385
