"B.beta"	"C.beta"	"D.beta"	"B.se"	"C.se"	"D.se"	"A.rate"	"B.rate"	"C.rate"	"D.rate"
"50"	-0.417098576311131	-0.786753568678722	-0.733867585383972	0.471486453393265	0.700595730298386	1.93282767112983	0.230769230769231	0.384615384615385	0.384615384615385	0.230769230769231
