"B.beta"	"C.beta"	"D.beta"	"B.se"	"C.se"	"D.se"	"A.rate"	"B.rate"	"C.rate"	"D.rate"
"78"	-0.58699526761317	-0.534347689999228	-0.720834924023727	0.525871508951909	0.375044978080003	0.561350990338195	0.230769230769231	0.384615384615385	0.384615384615385	0.384615384615385
