"B.beta"	"C.beta"	"D.beta"	"B.se"	"C.se"	"D.se"	"A.rate"	"B.rate"	"C.rate"	"D.rate"
"11"	-0.438017518933336	-0.122250332934174	0.299692508493251	0.870341259592238	0.5319348597896	0.628102825145069	0.230769230769231	0.384615384615385	0.384615384615385	0.230769230769231
