"B.beta"	"C.beta"	"D.beta"	"B.se"	"C.se"	"D.se"	"A.rate"	"B.rate"	"C.rate"	"D.rate"
"75"	-0.507668680771171	-0.621454720718687	0.0164012408413855	0.394078125039924	0.967906129748898	0.538026144528854	0.230769230769231	0.384615384615385	0.384615384615385	0.230769230769231
