"B.beta"	"C.beta"	"D.beta"	"B.se"	"C.se"	"D.se"	"A.rate"	"B.rate"	"C.rate"	"D.rate"
"33"	-0.0556968436222247	-0.558806926978938	-0.756571624282178	0.303544528309383	0.506397579178395	0.99792681469515	0.230769230769231	0.384615384615385	0.230769230769231	0.384615384615385
