"B.beta"	"C.beta"	"D.beta"	"B.se"	"C.se"	"D.se"	"A.rate"	"B.rate"	"C.rate"	"D.rate"
"53"	0.166203193149773	-0.1240367970017	-0.962273136967208	0.934093896488355	0.628962335150813	0.454344752077684	0.230769230769231	0.384615384615385	0.384615384615385	0.384615384615385
