"B.beta"	"C.beta"	"D.beta"	"B.se"	"C.se"	"D.se"	"A.rate"	"B.rate"	"C.rate"	"D.rate"
"20"	-0.618108329834552	-0.72691619388355	-0.633560937992756	0.325874459467718	0.892221602761727	0.603790707247458	0.230769230769231	0.384615384615385	0.384615384615385	0.230769230769231
