"B.beta"	"C.beta"	"D.beta"	"B.se"	"C.se"	"D.se"	"A.rate"	"B.rate"	"C.rate"	"D.rate"
"80"	0.0362029657785555	-0.388157827953584	-0.471445315990834	0.403768622191839	0.439466867841752	0.493666028704815	0.230769230769231	0.384615384615385	0.384615384615385	0.384615384615385
