"B.beta"	"C.beta"	"D.beta"	"B.se"	"C.se"	"D.se"	"A.rate"	"B.rate"	"C.rate"	"D.rate"
"36"	-0.201368137074772	-0.286374359857423	-0.742185398947737	0.269995112330467	0.513562073540207	0.533262510504484	0.230769230769231	0.384615384615385	0.384615384615385	0.230769230769231
