"B.beta"	"C.beta"	"D.beta"	"B.se"	"C.se"	"D.se"	"A.rate"	"B.rate"	"C.rate"	"D.rate"
"14"	-0.139078114171346	0.0629572107032559	-1.08795391093311	0.285357970758969	0.32692750821876	1.2905662532142	0.230769230769231	0.384615384615385	0.384615384615385	0.230769230769231
