"B.beta"	"C.beta"	"D.beta"	"B.se"	"C.se"	"D.se"	"A.rate"	"B.rate"	"C.rate"	"D.rate"
"34"	-0.19138414032022	-0.467241042091952	0.0587063258789001	0.725924811877897	1.24853358254391	0.424603712375998	0.230769230769231	0.384615384615385	0.230769230769231	0.384615384615385
