"B.beta"	"C.beta"	"D.beta"	"B.se"	"C.se"	"D.se"	"A.rate"	"B.rate"	"C.rate"	"D.rate"
"41"	-0.712817983201521	-0.841806850915458	-0.105906877087901	0.696835758177188	0.434478187112296	0.870562457208917	0.230769230769231	0.384615384615385	0.384615384615385	0.230769230769231
