"B.beta"	"C.beta"	"D.beta"	"B.se"	"C.se"	"D.se"	"A.rate"	"B.rate"	"C.rate"	"D.rate"
"23"	-0.805771911897176	-0.189768348384587	-0.335857463349284	0.934781074919267	0.422685554997464	3.04515083300732	0.230769230769231	0.384615384615385	0.384615384615385	0.230769230769231
