"B.beta"	"C.beta"	"D.beta"	"B.se"	"C.se"	"D.se"	"A.rate"	"B.rate"	"C.rate"	"D.rate"
"32"	0.0099554242193871	-0.392535069940242	-0.108210291506933	0.382136362217081	0.63057001426438	0.44814891689727	0.230769230769231	0.384615384615385	0.230769230769231	0.230769230769231
