"B.beta"	"C.beta"	"D.beta"	"B.se"	"C.se"	"D.se"	"A.rate"	"B.rate"	"C.rate"	"D.rate"
"38"	-0.284042540469997	-0.147799286238885	0.126006173821982	0.408511145397576	0.322344157415197	0.550618527615042	0.230769230769231	0.384615384615385	0.384615384615385	0.230769230769231
