"B.beta"	"C.beta"	"D.beta"	"B.se"	"C.se"	"D.se"	"A.rate"	"B.rate"	"C.rate"	"D.rate"
"67"	-0.00309177531212584	-0.482968066060856	-0.0685795991236654	0.447133199768134	0.45167390280064	0.570137952369874	0.230769230769231	0.384615384615385	0.384615384615385	0.230769230769231
