"B.beta"	"C.beta"	"D.beta"	"B.se"	"C.se"	"D.se"	"A.rate"	"B.rate"	"C.rate"	"D.rate"
"22"	-0.239838327467617	-0.807982265668479	-0.685859499415867	0.312550774022785	0.340601946807007	0.471115257809299	0.230769230769231	0.384615384615385	0.384615384615385	0.230769230769231
