"B.beta"	"C.beta"	"D.beta"	"B.se"	"C.se"	"D.se"	"A.rate"	"B.rate"	"C.rate"	"D.rate"
"79"	-0.187314428761827	-1.17732465340478	0.0238440682837533	0.505681027417008	1.70293599403502	0.37065886985086	0.230769230769231	0.384615384615385	0.384615384615385	0.384615384615385
