"B.beta"	"C.beta"	"D.beta"	"B.se"	"C.se"	"D.se"	"A.rate"	"B.rate"	"C.rate"	"D.rate"
"57"	0.0622322783454479	-0.92138477342334	-0.560150555109423	0.322301510314827	0.914276935574689	2.1711198474032	0.230769230769231	0.384615384615385	0.230769230769231	0.230769230769231
