"B.beta"	"C.beta"	"D.beta"	"B.se"	"C.se"	"D.se"	"A.rate"	"B.rate"	"C.rate"	"D.rate"
"70"	-0.687141172229343	-0.400419788137404	-0.753318790012458	0.709796262129655	0.691199403315772	0.453721039918803	0.230769230769231	0.384615384615385	0.384615384615385	0.384615384615385
