"B.beta"	"C.beta"	"D.beta"	"B.se"	"C.se"	"D.se"	"A.rate"	"B.rate"	"C.rate"	"D.rate"
"30"	-0.0590910452610546	-0.195021711243389	-0.381411690924616	0.34849341642433	0.907698443692477	0.928683173480327	0.230769230769231	0.384615384615385	0.230769230769231	0.230769230769231
