"B.beta"	"C.beta"	"D.beta"	"B.se"	"C.se"	"D.se"	"A.rate"	"B.rate"	"C.rate"	"D.rate"
"28"	-0.401976808384205	-0.0724284348189809	-0.629905300628431	0.352832643346138	1.05580063211301	1.17320028291398	0.230769230769231	0.384615384615385	0.230769230769231	0.230769230769231
