"B.beta"	"C.beta"	"D.beta"	"B.se"	"C.se"	"D.se"	"A.rate"	"B.rate"	"C.rate"	"D.rate"
"51"	-0.840600978784572	-0.3422033067165	0.0776114625771006	0.508384898058481	0.28949048216512	1.78495584044432	0.230769230769231	0.384615384615385	0.384615384615385	0.384615384615385
