"B.beta"	"C.beta"	"D.beta"	"B.se"	"C.se"	"D.se"	"A.rate"	"B.rate"	"C.rate"	"D.rate"
"21"	-0.854841472771502	-0.24822680039803	0.0977055921920848	0.396514666754884	0.724185105387734	0.502528386977244	0.230769230769231	0.384615384615385	0.384615384615385	0.230769230769231
