"B.beta"	"C.beta"	"D.beta"	"B.se"	"C.se"	"D.se"	"A.rate"	"B.rate"	"C.rate"	"D.rate"
"69"	-0.0517734170242113	-0.453019515561876	-0.492489154141497	0.607195369590556	0.723982133580794	0.823670305460881	0.230769230769231	0.384615384615385	0.384615384615385	0.384615384615385
