"B.beta"	"C.beta"	"D.beta"	"B.se"	"C.se"	"D.se"	"A.rate"	"B.rate"	"C.rate"	"D.rate"
"62"	-0.570761173470684	-0.549262338718719	-0.262587069426091	0.283166606023949	1.79505604037131	0.619797364254	0.230769230769231	0.384615384615385	0.230769230769231	0.384615384615385
