"B.beta"	"C.beta"	"D.beta"	"B.se"	"C.se"	"D.se"	"A.rate"	"B.rate"	"C.rate"	"D.rate"
"19"	-0.524359206790601	-0.476495799463984	0.0685748809508034	0.289648453036383	0.430386616362087	0.303680980700986	0.230769230769231	0.384615384615385	0.384615384615385	0.230769230769231
