"B.beta"	"C.beta"	"D.beta"	"B.se"	"C.se"	"D.se"	"A.rate"	"B.rate"	"C.rate"	"D.rate"
"72"	-0.269845130458406	-0.59497242627484	-0.479425676394599	0.510014231267889	2.05665932763107	0.866529637734941	0.230769230769231	0.384615384615385	0.384615384615385	0.230769230769231
