"B.beta"	"C.beta"	"D.beta"	"B.se"	"C.se"	"D.se"	"A.rate"	"B.rate"	"C.rate"	"D.rate"
"25"	-0.239579354714794	-0.381428618850891	-0.197591578446759	0.460399050881865	0.42213505759141	0.382059636546145	0.230769230769231	0.384615384615385	0.384615384615385	0.384615384615385
