"B.beta"	"C.beta"	"D.beta"	"B.se"	"C.se"	"D.se"	"A.rate"	"B.rate"	"C.rate"	"D.rate"
"2"	-0.427629088785514	-0.705885110620683	-0.377680267811029	0.472952293575428	0.714088207883139	0.481109834426099	0.230769230769231	0.384615384615385	0.230769230769231	0.230769230769231
