"B.beta"	"C.beta"	"D.beta"	"B.se"	"C.se"	"D.se"	"A.rate"	"B.rate"	"C.rate"	"D.rate"
"77"	-0.0921087920076988	-0.00292157678731188	-0.231702114240413	0.360815198085279	0.618459308220991	0.550274230839662	0.230769230769231	0.384615384615385	0.384615384615385	0.230769230769231
