"B.beta"	"C.beta"	"D.beta"	"B.se"	"C.se"	"D.se"	"A.rate"	"B.rate"	"C.rate"	"D.rate"
"43"	-0.962722169193123	0.109047890921631	0.105200690189448	0.876468880597501	0.602393156892142	0.2806430112944	0.230769230769231	0.384615384615385	0.384615384615385	0.384615384615385
