"B.beta"	"C.beta"	"D.beta"	"B.se"	"C.se"	"D.se"	"A.rate"	"B.rate"	"C.rate"	"D.rate"
"46"	0.0533896739995992	0.108575241475703	0.0877100990853633	0.82301298289221	0.544686146731319	0.362777301181875	0.230769230769231	0.384615384615385	0.384615384615385	0.230769230769231
