"B.beta"	"C.beta"	"D.beta"	"B.se"	"C.se"	"D.se"	"A.rate"	"B.rate"	"C.rate"	"D.rate"
"66"	-0.0618323090831862	0.0613440178109746	-1.23788223285123	1.2286106224963	0.340168410826421	1.54996728325243	0.230769230769231	0.384615384615385	0.384615384615385	0.230769230769231
