"B.beta"	"C.beta"	"D.beta"	"B.se"	"C.se"	"D.se"	"A.rate"	"B.rate"	"C.rate"	"D.rate"
"12"	-0.288609689581764	-0.275504303713109	-1.07769475156041	0.330534233569128	0.451682261711689	0.61326350111007	0.230769230769231	0.384615384615385	0.384615384615385	0.230769230769231
