"B.beta"	"C.beta"	"D.beta"	"B.se"	"C.se"	"D.se"	"A.rate"	"B.rate"	"C.rate"	"D.rate"
"1"	-0.306316068529289	-0.575573139945705	-0.302772161128581	0.472944838532325	0.434146543256112	0.98481890112963	0.230769230769231	0.384615384615385	0.230769230769231	0.230769230769231
