"B.beta"	"C.beta"	"D.beta"	"B.se"	"C.se"	"D.se"	"A.rate"	"B.rate"	"C.rate"	"D.rate"
"8"	-0.222112075152547	0.22545620954192	-0.551600632096198	0.462362568921523	0.954421023076762	0.425239645145144	0.230769230769231	0.384615384615385	0.230769230769231	0.384615384615385
