"B.beta"	"C.beta"	"D.beta"	"B.se"	"C.se"	"D.se"	"A.rate"	"B.rate"	"C.rate"	"D.rate"
"29"	0.117130531467643	-0.51964431731787	0.250762233340647	0.356409281522692	0.488666042351274	0.786196345803418	0.230769230769231	0.384615384615385	0.230769230769231	0.230769230769231
