"B.beta"	"C.beta"	"D.beta"	"B.se"	"C.se"	"D.se"	"A.rate"	"B.rate"	"C.rate"	"D.rate"
"60"	-0.625929343181582	-0.89004770153605	-0.923941102486722	0.284319583326563	2.29631669635863	0.390085917968007	0.230769230769231	0.384615384615385	0.230769230769231	0.384615384615385
