"B.beta"	"C.beta"	"D.beta"	"B.se"	"C.se"	"D.se"	"A.rate"	"B.rate"	"C.rate"	"D.rate"
"47"	-0.326065123987502	-0.514381119006773	0.00297774125907406	0.867971841264139	0.340575719740472	0.677510192153993	0.230769230769231	0.384615384615385	0.384615384615385	0.230769230769231
