"B.beta"	"C.beta"	"D.beta"	"B.se"	"C.se"	"D.se"	"A.rate"	"B.rate"	"C.rate"	"D.rate"
"48"	-0.156723127554672	-0.286305449372312	-5.93911203717323	0.33747563555578	0.759822953590004	822993.682726036	0.230769230769231	0.384615384615385	0.384615384615385	0.230769230769231
