"B.beta"	"C.beta"	"D.beta"	"B.se"	"C.se"	"D.se"	"A.rate"	"B.rate"	"C.rate"	"D.rate"
"37"	-0.512087406369314	0.0159128152354111	-11.6869743716364	0.366841223669337	0.792987957660811	1255101.76202028	0.230769230769231	0.384615384615385	0.384615384615385	0.230769230769231
