"B.beta"	"C.beta"	"D.beta"	"B.se"	"C.se"	"D.se"	"A.rate"	"B.rate"	"C.rate"	"D.rate"
"35"	-0.233737266317878	-0.997528627115242	-0.630063869909633	0.682176929940277	1.53942334445756	0.330861525674208	0.230769230769231	0.384615384615385	0.230769230769231	0.384615384615385
