"B.beta"	"C.beta"	"D.beta"	"B.se"	"C.se"	"D.se"	"A.rate"	"B.rate"	"C.rate"	"D.rate"
"15"	-0.497159622674147	-0.491404837379316	-0.684619345107203	0.939681219798684	0.686727527865541	1.04948778470643	0.230769230769231	0.384615384615385	0.384615384615385	0.384615384615385
