"B.beta"	"C.beta"	"D.beta"	"B.se"	"C.se"	"D.se"	"A.rate"	"B.rate"	"C.rate"	"D.rate"
"39"	-0.207717952270892	-0.0887020312498863	-0.478441596186583	0.492542889633751	1.27348881790092	0.521598400253013	0.230769230769231	0.384615384615385	0.384615384615385	0.230769230769231
