"B.beta"	"C.beta"	"D.beta"	"B.se"	"C.se"	"D.se"	"A.rate"	"B.rate"	"C.rate"	"D.rate"
"55"	-0.534650364946186	-0.378316211497321	-0.640933801239474	0.31443213028332	0.447071093823137	1.70990549412581	0.230769230769231	0.384615384615385	0.230769230769231	0.230769230769231
