"B.beta"	"C.beta"	"D.beta"	"B.se"	"C.se"	"D.se"	"A.rate"	"B.rate"	"C.rate"	"D.rate"
"58"	-0.457430123200533	-1.4258460416291	-0.843779087981364	0.409151028951156	1.53152612762333	0.748804530011941	0.230769230769231	0.384615384615385	0.230769230769231	0.230769230769231
