"B.beta"	"C.beta"	"D.beta"	"B.se"	"C.se"	"D.se"	"A.rate"	"B.rate"	"C.rate"	"D.rate"
"10"	-0.57126178032591	-0.367601561979156	-0.684215435105651	0.799044223659016	0.510289149691091	1.35526479340317	0.230769230769231	0.384615384615385	0.384615384615385	0.230769230769231
