"B.beta"	"C.beta"	"D.beta"	"B.se"	"C.se"	"D.se"	"A.rate"	"B.rate"	"C.rate"	"D.rate"
"31"	-0.387084671208383	-0.857879918599247	-0.296598891409836	0.35044695117032	0.643500741814097	0.675401805028843	0.230769230769231	0.384615384615385	0.230769230769231	0.230769230769231
