"B.beta"	"C.beta"	"D.beta"	"B.se"	"C.se"	"D.se"	"A.rate"	"B.rate"	"C.rate"	"D.rate"
"4"	-0.168869264831873	0.0897028315684292	-0.854674702276591	0.8019478584982	1.93732135668489	1.95002474536237	0.230769230769231	0.384615384615385	0.230769230769231	0.230769230769231
