"B.beta"	"C.beta"	"D.beta"	"B.se"	"C.se"	"D.se"	"A.rate"	"B.rate"	"C.rate"	"D.rate"
"6"	-0.276786118503104	-0.460527337323541	0.123421106000947	0.678837854925334	1.23104683072176	0.435426230371629	0.230769230769231	0.384615384615385	0.230769230769231	0.384615384615385
