"B.beta"	"C.beta"	"D.beta"	"B.se"	"C.se"	"D.se"	"A.rate"	"B.rate"	"C.rate"	"D.rate"
"76"	0.334795591191314	-0.154782028025733	0.141060709449037	0.318161299924755	0.663965095191583	2.24323112103437	0.230769230769231	0.384615384615385	0.384615384615385	0.230769230769231
