"B.beta"	"C.beta"	"D.beta"	"B.se"	"C.se"	"D.se"	"A.rate"	"B.rate"	"C.rate"	"D.rate"
"0"	-0.237388082564848	0.112136897402827	-0.529135633231174	0.243922667881752	0.476106636028149	0.491804911394502	0.230769230769231	0.384615384615385	0.230769230769231	0.230769230769231
