"B.beta"	"C.beta"	"D.beta"	"B.se"	"C.se"	"D.se"	"A.rate"	"B.rate"	"C.rate"	"D.rate"
"27"	-0.547926918037269	-0.783596006314113	-0.635378489367604	0.444017678854753	2.25833642822181	0.485429981651336	0.230769230769231	0.384615384615385	0.230769230769231	0.230769230769231
