"B.beta"	"C.beta"	"D.beta"	"B.se"	"C.se"	"D.se"	"A.rate"	"B.rate"	"C.rate"	"D.rate"
"68"	-0.274080257972083	-0.221384356068948	-6.24257167507167	0.474409274818744	0.364179603948044	768612.117668771	0.230769230769231	0.384615384615385	0.384615384615385	0.230769230769231
