"B.beta"	"C.beta"	"D.beta"	"B.se"	"C.se"	"D.se"	"A.rate"	"B.rate"	"C.rate"	"D.rate"
"63"	0.121070838811118	-0.785499908673087	-0.127321159137988	0.282254408213537	0.545911980253099	1.11379089712269	0.230769230769231	0.384615384615385	0.384615384615385	0.230769230769231
