"B.beta"	"C.beta"	"D.beta"	"B.se"	"C.se"	"D.se"	"A.rate"	"B.rate"	"C.rate"	"D.rate"
"24"	-0.71358556415628	-0.336676990757247	-0.843201683743761	0.306986464762143	0.576373476717613	0.481414826640506	0.230769230769231	0.384615384615385	0.384615384615385	0.384615384615385
