"B.beta"	"C.beta"	"D.beta"	"B.se"	"C.se"	"D.se"	"A.rate"	"B.rate"	"C.rate"	"D.rate"
"65"	-0.335623598414049	-0.593033474650163	-0.447183809499673	0.280199246391249	0.407672059249798	1.06889101881736	0.230769230769231	0.384615384615385	0.384615384615385	0.230769230769231
