"B.beta"	"C.beta"	"D.beta"	"B.se"	"C.se"	"D.se"	"A.rate"	"B.rate"	"C.rate"	"D.rate"
"26"	-0.251268224650096	0.137337238881607	-0.821117268624742	0.784101984218031	0.414370731964116	0.469022651394107	0.230769230769231	0.384615384615385	0.384615384615385	0.384615384615385
