"B.beta"	"C.beta"	"D.beta"	"B.se"	"C.se"	"D.se"	"A.rate"	"B.rate"	"C.rate"	"D.rate"
"7"	-0.558517443008912	-1.16089499249634	-0.616815840480506	0.248645947398299	1.08021325231727	0.285697030235702	0.230769230769231	0.384615384615385	0.230769230769231	0.384615384615385
