"B.beta"	"C.beta"	"D.beta"	"B.se"	"C.se"	"D.se"	"A.rate"	"B.rate"	"C.rate"	"D.rate"
"52"	-0.20248557513207	-0.598458544148536	-0.343283247181797	0.310969653172014	0.825645980914425	0.261088070173377	0.230769230769231	0.384615384615385	0.384615384615385	0.384615384615385
