"B.beta"	"C.beta"	"D.beta"	"B.se"	"C.se"	"D.se"	"A.rate"	"B.rate"	"C.rate"	"D.rate"
"54"	0.0369198108660975	-0.183867426509072	-1.55411374880873	0.331346513811559	0.495815361500596	1.24648200795245	0.230769230769231	0.384615384615385	0.230769230769231	0.230769230769231
