"B.beta"	"C.beta"	"D.beta"	"B.se"	"C.se"	"D.se"	"A.rate"	"B.rate"	"C.rate"	"D.rate"
"56"	-0.758365243033403	-1.14563279486007	0.0287817984285686	0.345102264434565	1.01185716138218	1.016961534436	0.230769230769231	0.384615384615385	0.230769230769231	0.230769230769231
