"B.beta"	"C.beta"	"D.beta"	"B.se"	"C.se"	"D.se"	"A.rate"	"B.rate"	"C.rate"	"D.rate"
"9"	-0.263592197529843	-0.0546004277621522	-0.283635643691929	0.442136714947473	0.234560574268766	0.344265709826514	0.230769230769231	0.384615384615385	0.384615384615385	0.230769230769231
