"B.beta"	"C.beta"	"D.beta"	"B.se"	"C.se"	"D.se"	"A.rate"	"B.rate"	"C.rate"	"D.rate"
"5"	-0.497800910885519	-0.876865799698956	-0.465866683496597	1.70313237479033	1.51027225538908	0.836231000378434	0.230769230769231	0.384615384615385	0.230769230769231	0.230769230769231
