"B.beta"	"C.beta"	"D.beta"	"B.se"	"C.se"	"D.se"	"A.rate"	"B.rate"	"C.rate"	"D.rate"
"40"	-0.959491231833589	-0.0369185304957123	-0.694754123366426	0.327411640141415	0.384692211745546	0.542813156817721	0.230769230769231	0.384615384615385	0.384615384615385	0.230769230769231
