"Sex.beta"	"Age.beta"	"Hypertension.beta"	"Sex.se"	"Age.se"	"Hypertension.se"	"Death.rate"	"Sex.rate"	"Age.rate"	"Hypertension.rate"
"0"	0.527302658717757	2.56945612115236	0.358444062309758	0.0696094635763888	0.114700986673844	0.0719425294494411	0.0233390998112726	0.509625931817409	0.374236081511152	0.293013045044716
