"beta"	"se"	"z_value"	"P"
"Sex"	0.527302658717757	0.0696094635763888	7.57515762406501	3.58691861703042e-14
"Age"	2.56945612115236	0.114700986673844	22.401342792793	3.81893157848319e-111
"Hypertension"	0.358444062309758	0.0719425294494411	4.98236668981261	6.28112620921543e-07
