"高血压.beta"	"心脏病.beta"	"高血压.se"	"心脏病.se"	"新冠死亡.rate"	"高血压.rate"	"心脏病.rate"
"0"	-1.17397431686226	-0.36152580927571	0.000618295655241189	0.0009391445237703	0.355318121110511	0.360944559688557	0.307692307692308
