"beta"	"se"	"z_value"	"P"
"高血压"	-1.17397431686226	0.000618295655241189	-1898.7264537777	0
"心脏病"	-0.36152580927571	0.0009391445237703	-384.952262538171	0
