"高血压.beta"	"心脏病.beta"	"高血压.se"	"心脏病.se"	"新冠死亡.rate"	"高血压.rate"	"心脏病.rate"
"0"	-1.04935414539162	-0.373618257592646	0.00064786362876766	0.000764955732409196	0.479867011451792	0.384615384615385	0.230769230769231
