"高血压.beta"	"心脏病.beta"	"高血压.se"	"心脏病.se"	"新冠死亡.rate"	"高血压.rate"	"心脏病.rate"
"5"	-1.5117348130174	-0.43274031460893	0.00222100959877444	0.00199712335721791	0.230769230769231	0.337273734761729	0.230769230769231
