"高血压.beta"	"心脏病.beta"	"高血压.se"	"心脏病.se"	"新冠死亡.rate"	"高血压.rate"	"心脏病.rate"
"4"	-1.09881263147667	-0.36761831443156	0.00081762475077072	0.000559589322933519	0.479867011451792	0.337273734761729	0.230769230769231
