"高血压.beta"	"心脏病.beta"	"高血压.se"	"心脏病.se"	"新冠死亡.rate"	"高血压.rate"	"心脏病.rate"
"1"	-1.39392730734968	-0.446502894063921	0.000850000047265307	0.000802384259689808	0.230769230769231	0.384615384615385	0.230769230769231
