"高血压.beta"	"心脏病.beta"	"高血压.se"	"心脏病.se"	"新冠死亡.rate"	"高血压.rate"	"心脏病.rate"
"7"	-1.52048470919083	-0.370992589505726	0.00160442821239613	0.000709814429325999	0.230769230769231	0.337273734761729	0.384615384615385
