"高血压.beta"	"心脏病.beta"	"高血压.se"	"心脏病.se"	"新冠死亡.rate"	"高血压.rate"	"心脏病.rate"
"6"	-1.08388178499907	-0.303306171965791	0.000744489124816705	0.00173800469657526	0.479867011451792	0.337273734761729	0.384615384615385
