"高血压.beta"	"心脏病.beta"	"高血压.se"	"心脏病.se"	"新冠死亡.rate"	"高血压.rate"	"心脏病.rate"
"3"	-1.36451365235885	-0.373052872119231	0.00076931600164978	0.000909870732420295	0.230769230769231	0.384615384615385	0.384615384615385
