"高血压.beta"	"心脏病.beta"	"高血压.se"	"心脏病.se"	"新冠死亡.rate"	"高血压.rate"	"心脏病.rate"
"2"	-1.04609313332292	-0.319565460970167	0.00112699573286226	0.000673452553124036	0.479867011451792	0.384615384615385	0.384615384615385
