"Sex.beta"	"Age.beta"	"Hypertension.beta"	"Sex.se"	"Age.se"	"Hypertension.se"	"Death.rate"	"Sex.rate"	"Age.rate"	"Hypertension.rate"
"0"	0.514039080079804	2.57158399365643	0.421500947306081	0.122653486313577	0.154695057221665	0.0779986856177339	0.0233390998112726	0.509625931817409	0.374236081511152	0.293013045044716
