Sex.beta	Age.beta	Hypertension.beta	Sex.se	Age.se	Hypertension.se	Death.rate	Sex.rate	Age.rate	Hypertension.rate
0.514039080079804	2.5715839936564304	0.421500947306081	0.12265348631357699	0.15469505722166502	0.0779986856177339	0.0233390998112726	0.509625931817409	0.374236081511152	0.293013045044716
