"beta"	"se"	"z_value"	"P"
"Sex"	0.514039080079804	0.122653486313577	4.19098629423062	2.77744439579054e-05
"Age"	2.57158399365643	0.154695057221665	16.6235692325422	4.70464046096998e-62
"Hypertension"	0.421500947306081	0.0779986856177339	5.40394936104215	6.51893554639217e-08
