"高血压.beta"	"心脏病.beta"	"高血压.se"	"心脏病.se"	"新冠死亡.rate"	"高血压.rate"	"心脏病.rate"
"0"	-1.18256950026975	-0.359537791138327	0.0010753912909699	0.000462881242897204	0.355318121110511	0.360944559688557	0.307692307692308
