"Sex.beta"	"Age.beta"	"Hypertension.beta"	"Sex.se"	"Age.se"	"Hypertension.se"	"Death.rate"	"Sex.rate"	"Age.rate"	"Hypertension.rate"
"0"	0.452468232797334	2.52574448272889	0.406473081895264	0.0616284667667314	0.135905577595853	0.106815740452375	0.0233390998112726	0.509625931817409	0.374236081511152	0.293013045044716
