"beta"	"se"	"z_value"	"P"
"Sex"	0.452468232797334	0.0616284667667314	7.3418706733361	2.10628875057433e-13
"Age"	2.52574448272889	0.135905577595853	18.584553536425	4.28551316133476e-77
"Hypertension"	0.406473081895264	0.106815740452375	3.80536688856728	0.00014159414784966
