高血压.beta	心脏病.beta	高血压.se	心脏病.se	新冠死亡.rate	高血压.rate	心脏病.rate
-1.17391193927217	-0.37403584354027003	0.00144095471315925	0.00138957684023745	0.355318121110511	0.360944559688557	0.307692307692308
