"beta"	"se"	"z_value"	"P"
"高血压"	-1.17391193927217	0.00144095471315925	-814.676497846628	0
"心脏病"	-0.37403584354027	0.00138957684023745	-269.172479498403	0
