B.beta	C.beta	D.beta	B.se	C.se	D.se	A.rate	B.rate	C.rate	D.rate
-0.326890944472527	-0.3467280532699	-0.321254912753281	0.0305029725888609	0.0289102559672596	0.0296559867042652	0.23076923076923103	0.384615384615385	0.33333333333333304	0.282051282051282
