"高血压.beta"	"性别.beta"	"心脏病.beta"	"高血压.se"	"性别.se"	"心脏病.se"	"新冠死亡.rate"	"高血压.rate"	"性别.rate"	"心脏病.rate"
"35"	-1.45022596489935	0.664987024760283	-0.331096567531963	0.00128601935538631	0.00246934303498552	0.00091483758897394	0.230769230769231	0.384615384615385	0.767777777777778	0.384615384615385
