"高血压.beta"	"性别.beta"	"心脏病.beta"	"高血压.se"	"性别.se"	"心脏病.se"	"新冠死亡.rate"	"高血压.rate"	"性别.rate"	"心脏病.rate"
"38"	-1.46724077872382	0.536573889527702	-0.420422644280122	0.00105168880742464	0.00099058577106893	0.00336290069723014	0.230769230769231	0.384615384615385	0.384615384615385	0.230769230769231
