"高血压.beta"	"性别.beta"	"心脏病.beta"	"高血压.se"	"性别.se"	"心脏病.se"	"新冠死亡.rate"	"高血压.rate"	"性别.rate"	"心脏病.rate"
"53"	-1.43548990884955	0.532444785756801	-0.329008373489336	0.00357081148921862	0.000538749023155069	0.00145398305445793	0.230769230769231	0.384615384615385	0.542135789832822	0.384615384615385
