"高血压.beta"	"性别.beta"	"心脏病.beta"	"高血压.se"	"性别.se"	"心脏病.se"	"新冠死亡.rate"	"高血压.rate"	"性别.rate"	"心脏病.rate"
"42"	-1.07616258282055	0.44675811336129	-0.29656986875176	0.00107442012224017	0.000789907150230412	0.00101064731357916	0.479867011451792	0.384615384615385	0.384615384615385	0.384615384615385
