"高血压.beta"	"性别.beta"	"心脏病.beta"	"高血压.se"	"性别.se"	"心脏病.se"	"新冠死亡.rate"	"高血压.rate"	"性别.rate"	"心脏病.rate"
"22"	-1.37725637483745	0.45832664174602	-0.336888979108312	0.00206720912843454	0.000427321610774528	0.000611484615110218	0.454111224837939	0.214444444444444	0.542135789832822	0.230769230769231
