"高血压.beta"	"性别.beta"	"心脏病.beta"	"高血压.se"	"性别.se"	"心脏病.se"	"新冠死亡.rate"	"高血压.rate"	"性别.rate"	"心脏病.rate"
"69"	-1.11824912954286	0.4777093777537	-0.303236722039138	0.00117992083929046	0.000392370211470161	0.00203846639104549	0.479867011451792	0.337273734761729	0.384615384615385	0.384615384615385
