"高血压.beta"	"性别.beta"	"心脏病.beta"	"高血压.se"	"性别.se"	"心脏病.se"	"新冠死亡.rate"	"高血压.rate"	"性别.rate"	"心脏病.rate"
"39"	-1.08161452838398	0.453794041215867	-0.35301650503824	0.00114923439101355	0.0017904080477669	0.000963170857936504	0.479867011451792	0.384615384615385	0.384615384615385	0.230769230769231
