"高血压.beta"	"性别.beta"	"心脏病.beta"	"高血压.se"	"性别.se"	"心脏病.se"	"新冠死亡.rate"	"高血压.rate"	"性别.rate"	"心脏病.rate"
"9"	-1.35239335259324	0.458735791297918	-0.364668594147885	0.000630896480920416	0.000374682845873747	0.000945634966542411	0.479867011451792	0.214444444444444	0.384615384615385	0.230769230769231
