"高血压.beta"	"性别.beta"	"心脏病.beta"	"高血压.se"	"性别.se"	"心脏病.se"	"新冠死亡.rate"	"高血压.rate"	"性别.rate"	"心脏病.rate"
"73"	-1.14312559853377	0.443115744458923	-0.330549589549038	0.000444244741256976	0.000509249495310763	0.00103152677808236	0.454111224837939	0.337273734761729	0.542135789832822	0.230769230769231
