"高血压.beta"	"性别.beta"	"心脏病.beta"	"高血压.se"	"性别.se"	"心脏病.se"	"新冠死亡.rate"	"高血压.rate"	"性别.rate"	"心脏病.rate"
"20"	-2.47493567951983	0.506363744395976	-0.427974630616069	0.00543378543123781	0.000693371433880179	0.000886332123963741	0.230769230769231	0.214444444444444	0.542135789832822	0.230769230769231
