"高血压.beta"	"性别.beta"	"心脏病.beta"	"高血压.se"	"性别.se"	"心脏病.se"	"新冠死亡.rate"	"高血压.rate"	"性别.rate"	"心脏病.rate"
"50"	-1.44978495108579	0.539800000054987	-0.429753032571499	0.000994665415324445	0.0010498105330937	0.00228147217764849	0.230769230769231	0.384615384615385	0.542135789832822	0.230769230769231
