"高血压.beta"	"性别.beta"	"心脏病.beta"	"高血压.se"	"性别.se"	"心脏病.se"	"新冠死亡.rate"	"高血压.rate"	"性别.rate"	"心脏病.rate"
"8"	-2.41948465589998	0.663890678221385	-0.356883860049875	0.00707031913385973	0.00141616440649544	0.000588593121545303	0.230769230769231	0.214444444444444	0.767777777777778	0.384615384615385
