"高血压.beta"	"性别.beta"	"心脏病.beta"	"高血压.se"	"性别.se"	"心脏病.se"	"新冠死亡.rate"	"高血压.rate"	"性别.rate"	"心脏病.rate"
"4"	-1.40993820179174	0.524834094086506	-0.359232919239823	0.00115646669419685	0.000778484022229623	0.000500110134231479	0.454111224837939	0.214444444444444	0.767777777777778	0.230769230769231
