"高血压.beta"	"性别.beta"	"心脏病.beta"	"高血压.se"	"性别.se"	"心脏病.se"	"新冠死亡.rate"	"高血压.rate"	"性别.rate"	"心脏病.rate"
"57"	-1.12099976255341	0.520578764962306	-0.343690283409632	0.000749773668238173	0.000978743351342885	0.00100337119320657	0.479867011451792	0.337273734761729	0.767777777777778	0.230769230769231
