"高血压.beta"	"性别.beta"	"心脏病.beta"	"高血压.se"	"性别.se"	"心脏病.se"	"新冠死亡.rate"	"高血压.rate"	"性别.rate"	"心脏病.rate"
"46"	-1.11458892434965	0.447504355476959	-0.343388445798777	0.000672406581374476	0.00103560309988928	0.001178841438783	0.454111224837939	0.384615384615385	0.542135789832822	0.230769230769231
