"高血压.beta"	"性别.beta"	"心脏病.beta"	"高血压.se"	"性别.se"	"心脏病.se"	"新冠死亡.rate"	"高血压.rate"	"性别.rate"	"心脏病.rate"
"12"	-1.34790800137136	0.466628923802204	-0.337526428787542	0.00117578356049614	0.000452910582252643	0.000793483262904136	0.479867011451792	0.214444444444444	0.384615384615385	0.230769230769231
