"高血压.beta"	"性别.beta"	"心脏病.beta"	"高血压.se"	"性别.se"	"心脏病.se"	"新冠死亡.rate"	"高血压.rate"	"性别.rate"	"心脏病.rate"
"48"	-1.08045012779296	0.44281546266068	-0.327447966763941	0.000705247606284085	0.000664938400178429	0.000714672220597763	0.479867011451792	0.384615384615385	0.542135789832822	0.230769230769231
