"高血压.beta"	"性别.beta"	"心脏病.beta"	"高血压.se"	"性别.se"	"心脏病.se"	"新冠死亡.rate"	"高血压.rate"	"性别.rate"	"心脏病.rate"
"37"	-1.08676940318157	0.463262184584491	-0.340770659011959	0.000968087666784999	0.000701757340298971	0.00108704096619652	0.454111224837939	0.384615384615385	0.384615384615385	0.230769230769231
