"高血压.beta"	"性别.beta"	"心脏病.beta"	"高血压.se"	"性别.se"	"心脏病.se"	"新冠死亡.rate"	"高血压.rate"	"性别.rate"	"心脏病.rate"
"63"	-1.13983112178616	0.460601642567858	-0.344796490223256	0.000460585570365642	0.00106848636325126	0.000797588109931605	0.479867011451792	0.337273734761729	0.384615384615385	0.230769230769231
