"高血压.beta"	"性别.beta"	"心脏病.beta"	"高血压.se"	"性别.se"	"心脏病.se"	"新冠死亡.rate"	"高血压.rate"	"性别.rate"	"心脏病.rate"
"40"	-1.09408743632096	0.464802917701842	-0.340880219432044	0.000707732705087184	0.000403811621571093	0.00107898112526999	0.454111224837939	0.384615384615385	0.384615384615385	0.230769230769231
