"高血压.beta"	"性别.beta"	"心脏病.beta"	"高血压.se"	"性别.se"	"心脏病.se"	"新冠死亡.rate"	"高血压.rate"	"性别.rate"	"心脏病.rate"
"31"	-1.08077719740254	0.523572922838578	-0.344383925804041	0.000811513245555951	0.00114327780095002	0.000888645327566418	0.454111224837939	0.384615384615385	0.767777777777778	0.230769230769231
