"高血压.beta"	"性别.beta"	"心脏病.beta"	"高血压.se"	"性别.se"	"心脏病.se"	"新冠死亡.rate"	"高血压.rate"	"性别.rate"	"心脏病.rate"
"51"	-1.08234706815217	0.442403685028211	-0.297459932835459	0.00059740902786608	0.000403477511239615	0.000409965758540492	0.479867011451792	0.384615384615385	0.542135789832822	0.384615384615385
