"高血压.beta"	"性别.beta"	"心脏病.beta"	"高血压.se"	"性别.se"	"心脏病.se"	"新冠死亡.rate"	"高血压.rate"	"性别.rate"	"心脏病.rate"
"18"	-1.34170386582705	0.432940389960913	-0.300253904167123	0.000650483775493552	0.000468782295582256	0.000682661926765221	0.479867011451792	0.214444444444444	0.542135789832822	0.230769230769231
