"高血压.beta"	"性别.beta"	"心脏病.beta"	"高血压.se"	"性别.se"	"心脏病.se"	"新冠死亡.rate"	"高血压.rate"	"性别.rate"	"心脏病.rate"
"43"	-1.12681182984189	0.465119315790587	-0.289044625359972	0.000879531096710514	0.00060389689295813	0.000946895231610154	0.454111224837939	0.384615384615385	0.384615384615385	0.384615384615385
