"高血压.beta"	"性别.beta"	"心脏病.beta"	"高血压.se"	"性别.se"	"心脏病.se"	"新冠死亡.rate"	"高血压.rate"	"性别.rate"	"心脏病.rate"
"7"	-1.40392705473256	0.541669702075865	-0.307129597018458	0.00150300223762471	0.00210799071698744	0.000398237103898522	0.454111224837939	0.214444444444444	0.767777777777778	0.384615384615385
