"高血压.beta"	"性别.beta"	"心脏病.beta"	"高血压.se"	"性别.se"	"心脏病.se"	"新冠死亡.rate"	"高血压.rate"	"性别.rate"	"心脏病.rate"
"29"	-1.46006913827316	0.671210083141741	-0.402654608534044	0.00206227523926935	0.0013136948795089	0.0016214363734707	0.230769230769231	0.384615384615385	0.767777777777778	0.230769230769231
