"高血压.beta"	"性别.beta"	"心脏病.beta"	"高血压.se"	"性别.se"	"心脏病.se"	"新冠死亡.rate"	"高血压.rate"	"性别.rate"	"心脏病.rate"
"36"	-1.08414405692036	0.469519101909266	-0.326944833623393	0.000536832239926023	0.00133184599468314	0.00156534646390816	0.479867011451792	0.384615384615385	0.384615384615385	0.230769230769231
