"高血压.beta"	"性别.beta"	"心脏病.beta"	"高血压.se"	"性别.se"	"心脏病.se"	"新冠死亡.rate"	"高血压.rate"	"性别.rate"	"心脏病.rate"
"19"	-1.3941291220821	0.458148598995457	-0.344290640830621	0.000901464403354117	0.00101540871637196	0.00209087004284735	0.454111224837939	0.214444444444444	0.542135789832822	0.230769230769231
