"高血压.beta"	"性别.beta"	"心脏病.beta"	"高血压.se"	"性别.se"	"心脏病.se"	"新冠死亡.rate"	"高血压.rate"	"性别.rate"	"心脏病.rate"
"77"	-1.57438974882797	0.543926738479622	-0.426118590500677	0.00155679324470043	0.000552144529190816	0.000760819073516067	0.230769230769231	0.337273734761729	0.542135789832822	0.230769230769231
