"高血压.beta"	"性别.beta"	"心脏病.beta"	"高血压.se"	"性别.se"	"心脏病.se"	"新冠死亡.rate"	"高血压.rate"	"性别.rate"	"心脏病.rate"
"5"	-2.43740694265381	0.669130381802826	-0.40213634791814	0.004731336941849	0.00243427631450452	0.00177315181170045	0.230769230769231	0.214444444444444	0.767777777777778	0.230769230769231
