"高血压.beta"	"性别.beta"	"心脏病.beta"	"高血压.se"	"性别.se"	"心脏病.se"	"新冠死亡.rate"	"高血压.rate"	"性别.rate"	"心脏病.rate"
"58"	-1.12583145495395	0.535085955270522	-0.337280729750186	0.0012640391444983	0.00112533112220107	0.000616965911942297	0.454111224837939	0.337273734761729	0.767777777777778	0.230769230769231
