"高血压.beta"	"性别.beta"	"心脏病.beta"	"高血压.se"	"性别.se"	"心脏病.se"	"新冠死亡.rate"	"高血压.rate"	"性别.rate"	"心脏病.rate"
"66"	-1.123167989682	0.466668916868541	-0.330734187795925	0.000558564992409599	0.000489677511060368	0.00118809886460267	0.479867011451792	0.337273734761729	0.384615384615385	0.230769230769231
