"高血压.beta"	"性别.beta"	"心脏病.beta"	"高血压.se"	"性别.se"	"心脏病.se"	"新冠死亡.rate"	"高血压.rate"	"性别.rate"	"心脏病.rate"
"1"	-1.37308287584512	0.53045461389268	-0.332969355514085	0.00220592530500182	0.000559184686393534	0.00061044727385412	0.454111224837939	0.214444444444444	0.767777777777778	0.230769230769231
