"高血压.beta"	"性别.beta"	"心脏病.beta"	"高血压.se"	"性别.se"	"心脏病.se"	"新冠死亡.rate"	"高血压.rate"	"性别.rate"	"心脏病.rate"
"72"	-1.14465561221213	0.469092826356256	-0.349462252315871	0.000689046441347374	0.000491566644667466	0.00154059246718129	0.479867011451792	0.337273734761729	0.542135789832822	0.230769230769231
