"高血压.beta"	"性别.beta"	"心脏病.beta"	"高血压.se"	"性别.se"	"心脏病.se"	"新冠死亡.rate"	"高血压.rate"	"性别.rate"	"心脏病.rate"
"78"	-1.12085016524173	0.459214639341451	-0.304963674093755	0.000709783120234538	0.000454597521131921	0.000464999082735449	0.479867011451792	0.337273734761729	0.542135789832822	0.384615384615385
