"高血压.beta"	"性别.beta"	"心脏病.beta"	"高血压.se"	"性别.se"	"心脏病.se"	"新冠死亡.rate"	"高血压.rate"	"性别.rate"	"心脏病.rate"
"24"	-1.34555093843457	0.448759619910703	-0.289612855884734	0.0010768923790381	0.000607746995306252	0.000463992497470612	0.479867011451792	0.214444444444444	0.542135789832822	0.384615384615385
