"高血压.beta"	"性别.beta"	"心脏病.beta"	"高血压.se"	"性别.se"	"心脏病.se"	"新冠死亡.rate"	"高血压.rate"	"性别.rate"	"心脏病.rate"
"6"	-1.35142837126876	0.506067022622717	-0.29042420402478	0.000900282157184038	0.000517128067386134	0.00071750671832807	0.479867011451792	0.214444444444444	0.767777777777778	0.384615384615385
