"高血压.beta"	"性别.beta"	"心脏病.beta"	"高血压.se"	"性别.se"	"心脏病.se"	"新冠死亡.rate"	"高血压.rate"	"性别.rate"	"心脏病.rate"
"47"	-1.46679088254051	0.523775081894774	-0.414911660501376	0.00121838783740118	0.000893675732118227	0.00146462165873228	0.230769230769231	0.384615384615385	0.542135789832822	0.230769230769231
