"高血压.beta"	"性别.beta"	"心脏病.beta"	"高血压.se"	"性别.se"	"心脏病.se"	"新冠死亡.rate"	"高血压.rate"	"性别.rate"	"心脏病.rate"
"33"	-1.064509999236	0.531480051975541	-0.290031892742149	0.000746385004542673	0.00105627192926495	0.000510923460927011	0.479867011451792	0.384615384615385	0.767777777777778	0.384615384615385
