"高血压.beta"	"性别.beta"	"心脏病.beta"	"高血压.se"	"性别.se"	"心脏病.se"	"新冠死亡.rate"	"高血压.rate"	"性别.rate"	"心脏病.rate"
"17"	-2.4608094491846	0.525763098213483	-0.363782438371661	0.00679859410671771	0.00113141389284255	0.00114825989035407	0.230769230769231	0.214444444444444	0.384615384615385	0.384615384615385
