"高血压.beta"	"性别.beta"	"心脏病.beta"	"高血压.se"	"性别.se"	"心脏病.se"	"新冠死亡.rate"	"高血压.rate"	"性别.rate"	"心脏病.rate"
"62"	-1.52826756188808	0.680043416438278	-0.377496193706185	0.000944221862910272	0.00211205162478805	0.000828785598937713	0.230769230769231	0.337273734761729	0.767777777777778	0.384615384615385
