"高血压.beta"	"性别.beta"	"心脏病.beta"	"高血压.se"	"性别.se"	"心脏病.se"	"新冠死亡.rate"	"高血压.rate"	"性别.rate"	"心脏病.rate"
"16"	-1.37708364804717	0.449343471289344	-0.304230191852523	0.00114301917380103	0.00124324870244232	0.00048044928702055	0.454111224837939	0.214444444444444	0.384615384615385	0.384615384615385
