"高血压.beta"	"性别.beta"	"心脏病.beta"	"高血压.se"	"性别.se"	"心脏病.se"	"新冠死亡.rate"	"高血压.rate"	"性别.rate"	"心脏病.rate"
"32"	-1.45555937874422	0.699752691835964	-0.431392569057401	0.000769558932950867	0.00216355492376536	0.00115144497283274	0.230769230769231	0.384615384615385	0.767777777777778	0.230769230769231
