"高血压.beta"	"性别.beta"	"心脏病.beta"	"高血压.se"	"性别.se"	"心脏病.se"	"新冠死亡.rate"	"高血压.rate"	"性别.rate"	"心脏病.rate"
"0"	-1.31881686748095	0.52552902162979	-0.297164021410307	0.00125176542341373	0.000941686948149789	0.000628049490754803	0.479867011451792	0.214444444444444	0.767777777777778	0.230769230769231
