"高血压.beta"	"性别.beta"	"心脏病.beta"	"高血压.se"	"性别.se"	"心脏病.se"	"新冠死亡.rate"	"高血压.rate"	"性别.rate"	"心脏病.rate"
"56"	-1.61803493569725	0.654800938228103	-0.433107477530294	0.00546837060795851	0.00282827293616018	0.00239270885184657	0.230769230769231	0.337273734761729	0.767777777777778	0.230769230769231
