"高血压.beta"	"性别.beta"	"心脏病.beta"	"高血压.se"	"性别.se"	"心脏病.se"	"新冠死亡.rate"	"高血压.rate"	"性别.rate"	"心脏病.rate"
"34"	-1.0727288414238	0.534858762243263	-0.296730655668383	0.000500383296867036	0.00143094490556372	0.000488915154763624	0.454111224837939	0.384615384615385	0.767777777777778	0.384615384615385
