"高血压.beta"	"性别.beta"	"心脏病.beta"	"高血压.se"	"性别.se"	"心脏病.se"	"新冠死亡.rate"	"高血压.rate"	"性别.rate"	"心脏病.rate"
"68"	-1.57387346012678	0.525736355359552	-0.412602329119461	0.000910016673517546	0.00107159982881933	0.00175165837987193	0.230769230769231	0.337273734761729	0.384615384615385	0.230769230769231
