"高血压.beta"	"性别.beta"	"心脏病.beta"	"高血压.se"	"性别.se"	"心脏病.se"	"新冠死亡.rate"	"高血压.rate"	"性别.rate"	"心脏病.rate"
"67"	-1.14325252002958	0.4522005222196	-0.33841089419787	0.000460767368737524	0.000637175141360881	0.000750827821636255	0.454111224837939	0.337273734761729	0.384615384615385	0.230769230769231
