"高血压.beta"	"性别.beta"	"心脏病.beta"	"高血压.se"	"性别.se"	"心脏病.se"	"新冠死亡.rate"	"高血压.rate"	"性别.rate"	"心脏病.rate"
"70"	-1.14530726195321	0.466645882732598	-0.288034456416799	0.000517418706306284	0.000385210951904249	0.000781363011584192	0.454111224837939	0.337273734761729	0.384615384615385	0.384615384615385
