"高血压.beta"	"性别.beta"	"心脏病.beta"	"高血压.se"	"性别.se"	"心脏病.se"	"新冠死亡.rate"	"高血压.rate"	"性别.rate"	"心脏病.rate"
"28"	-1.07905147587566	0.527085396580549	-0.346499031747667	0.000910168663448706	0.000587580807564785	0.000936584392328999	0.454111224837939	0.384615384615385	0.767777777777778	0.230769230769231
