"高血压.beta"	"性别.beta"	"心脏病.beta"	"高血压.se"	"性别.se"	"心脏病.se"	"新冠死亡.rate"	"高血压.rate"	"性别.rate"	"心脏病.rate"
"44"	-1.43784513095598	0.515293938091777	-0.366569224490337	0.000749351082561374	0.00266994168842491	0.0006270607115463	0.230769230769231	0.384615384615385	0.384615384615385	0.384615384615385
