"高血压.beta"	"性别.beta"	"心脏病.beta"	"高血压.se"	"性别.se"	"心脏病.se"	"新冠死亡.rate"	"高血压.rate"	"性别.rate"	"心脏病.rate"
"3"	-1.34768121794568	0.510938416905414	-0.32127031086149	0.000733693866983798	0.000965412649648449	0.00173102463307932	0.479867011451792	0.214444444444444	0.767777777777778	0.230769230769231
