"高血压.beta"	"性别.beta"	"心脏病.beta"	"高血压.se"	"性别.se"	"心脏病.se"	"新冠死亡.rate"	"高血压.rate"	"性别.rate"	"心脏病.rate"
"45"	-1.09433591510272	0.440115647547829	-0.364387008838595	0.000706321306726042	0.00120844796993297	0.000938980511529882	0.479867011451792	0.384615384615385	0.542135789832822	0.230769230769231
