"高血压.beta"	"性别.beta"	"心脏病.beta"	"高血压.se"	"性别.se"	"心脏病.se"	"新冠死亡.rate"	"高血压.rate"	"性别.rate"	"心脏病.rate"
"52"	-1.08202100023524	0.456783991646324	-0.291282357888799	0.000933268595377404	0.000657485591214336	0.000780733871739568	0.454111224837939	0.384615384615385	0.542135789832822	0.384615384615385
