"高血压.beta"	"性别.beta"	"心脏病.beta"	"高血压.se"	"性别.se"	"心脏病.se"	"新冠死亡.rate"	"高血压.rate"	"性别.rate"	"心脏病.rate"
"2"	-2.509272990057	0.644066302960292	-0.434923440941973	0.00311341343814388	0.000990997885107582	0.0017947452109186	0.230769230769231	0.214444444444444	0.767777777777778	0.230769230769231
