"高血压.beta"	"性别.beta"	"心脏病.beta"	"高血压.se"	"性别.se"	"心脏病.se"	"新冠死亡.rate"	"高血压.rate"	"性别.rate"	"心脏病.rate"
"25"	-1.37026900997054	0.444966029660803	-0.309887831033264	0.000771485615456359	0.000358273903766051	0.000428041335249759	0.454111224837939	0.214444444444444	0.542135789832822	0.384615384615385
