"高血压.beta"	"性别.beta"	"心脏病.beta"	"高血压.se"	"性别.se"	"心脏病.se"	"新冠死亡.rate"	"高血压.rate"	"性别.rate"	"心脏病.rate"
"26"	-2.49082341013051	0.530757873431323	-0.329541378412383	0.00920990250634374	0.000736849485320789	0.00077789807635678	0.230769230769231	0.214444444444444	0.542135789832822	0.384615384615385
