"高血压.beta"	"性别.beta"	"心脏病.beta"	"高血压.se"	"性别.se"	"心脏病.se"	"新冠死亡.rate"	"高血压.rate"	"性别.rate"	"心脏病.rate"
"60"	-1.11253806637985	0.523917595736237	-0.289360973323113	0.000901229795497576	0.000555855815084652	0.000946106566959177	0.479867011451792	0.337273734761729	0.767777777777778	0.384615384615385
