"高血压.beta"	"性别.beta"	"心脏病.beta"	"高血压.se"	"性别.se"	"心脏病.se"	"新冠死亡.rate"	"高血压.rate"	"性别.rate"	"心脏病.rate"
"75"	-1.13832227130719	0.444928599997951	-0.352760017081784	0.000558092890556891	0.000450612581813689	0.000796811980597253	0.479867011451792	0.337273734761729	0.542135789832822	0.230769230769231
