"高血压.beta"	"性别.beta"	"心脏病.beta"	"高血压.se"	"性别.se"	"心脏病.se"	"新冠死亡.rate"	"高血压.rate"	"性别.rate"	"心脏病.rate"
"14"	-2.43121156545688	0.54496975680594	-0.402415574013165	0.0034806253109064	0.000603478298602467	0.000993807061905454	0.230769230769231	0.214444444444444	0.384615384615385	0.230769230769231
