"高血压.beta"	"性别.beta"	"心脏病.beta"	"高血压.se"	"性别.se"	"心脏病.se"	"新冠死亡.rate"	"高血压.rate"	"性别.rate"	"心脏病.rate"
"13"	-1.38018603517224	0.455918338057986	-0.344887501204541	0.00271437114779024	0.000390319000245431	0.000812691438072228	0.454111224837939	0.214444444444444	0.384615384615385	0.230769230769231
