"高血压.beta"	"性别.beta"	"心脏病.beta"	"高血压.se"	"性别.se"	"心脏病.se"	"新冠死亡.rate"	"高血压.rate"	"性别.rate"	"心脏病.rate"
"15"	-1.3555243569698	0.453557204666021	-0.299733694744466	0.00160065582941323	0.000448841275000965	0.000418030640978371	0.479867011451792	0.214444444444444	0.384615384615385	0.384615384615385
