"高血压.beta"	"性别.beta"	"心脏病.beta"	"高血压.se"	"性别.se"	"心脏病.se"	"新冠死亡.rate"	"高血压.rate"	"性别.rate"	"心脏病.rate"
"65"	-1.56756546421109	0.531183486818995	-0.416924841418906	0.00151312382556875	0.001826038353317	0.00151569670309256	0.230769230769231	0.337273734761729	0.384615384615385	0.230769230769231
