"高血压.beta"	"性别.beta"	"心脏病.beta"	"高血压.se"	"性别.se"	"心脏病.se"	"新冠死亡.rate"	"高血压.rate"	"性别.rate"	"心脏病.rate"
"71"	-1.59853978449044	0.535607035843304	-0.343991762103469	0.00217795740858067	0.000985222103833451	0.00062907027107626	0.230769230769231	0.337273734761729	0.384615384615385	0.384615384615385
