"高血压.beta"	"性别.beta"	"心脏病.beta"	"高血压.se"	"性别.se"	"心脏病.se"	"新冠死亡.rate"	"高血压.rate"	"性别.rate"	"心脏病.rate"
"49"	-1.10303551706461	0.436517449614071	-0.339466779588344	0.00061563156960958	0.000723060468377918	0.00186585202820428	0.454111224837939	0.384615384615385	0.542135789832822	0.230769230769231
