"高血压.beta"	"性别.beta"	"心脏病.beta"	"高血压.se"	"性别.se"	"心脏病.se"	"新冠死亡.rate"	"高血压.rate"	"性别.rate"	"心脏病.rate"
"27"	-1.08612524832206	0.538598729310937	-0.330750924385122	0.00047779029045137	0.00165525049261211	0.00142978378065282	0.479867011451792	0.384615384615385	0.767777777777778	0.230769230769231
