"高血压.beta"	"性别.beta"	"心脏病.beta"	"高血压.se"	"性别.se"	"心脏病.se"	"新冠死亡.rate"	"高血压.rate"	"性别.rate"	"心脏病.rate"
"59"	-1.5343392930212	0.674312703012454	-0.420820918582759	0.00124167673538772	0.00132272244491838	0.00114146693197533	0.230769230769231	0.337273734761729	0.767777777777778	0.230769230769231
