"高血压.beta"	"性别.beta"	"心脏病.beta"	"高血压.se"	"性别.se"	"心脏病.se"	"新冠死亡.rate"	"高血压.rate"	"性别.rate"	"心脏病.rate"
"74"	-1.60737938307198	0.512129136095246	-0.464373097963128	0.00127001064480994	0.000515474755394031	0.00129556802251054	0.230769230769231	0.337273734761729	0.542135789832822	0.230769230769231
