"高血压.beta"	"性别.beta"	"心脏病.beta"	"高血压.se"	"性别.se"	"心脏病.se"	"新冠死亡.rate"	"高血压.rate"	"性别.rate"	"心脏病.rate"
"64"	-1.15070688010498	0.461396235370994	-0.339353956828508	0.00106983295928946	0.0006573484055017	0.000616641415747385	0.454111224837939	0.337273734761729	0.384615384615385	0.230769230769231
