"高血压.beta"	"性别.beta"	"心脏病.beta"	"高血压.se"	"性别.se"	"心脏病.se"	"新冠死亡.rate"	"高血压.rate"	"性别.rate"	"心脏病.rate"
"79"	-1.15585924408795	0.439882885066977	-0.314944156565775	0.000483733468440528	0.000474550030551413	0.000544449655893075	0.454111224837939	0.337273734761729	0.542135789832822	0.384615384615385
