"高血压.beta"	"性别.beta"	"心脏病.beta"	"高血压.se"	"性别.se"	"心脏病.se"	"新冠死亡.rate"	"高血压.rate"	"性别.rate"	"心脏病.rate"
"21"	-1.35338580609802	0.448075859111258	-0.355896035284096	0.000873003127507378	0.00167155599461935	0.000719316584716458	0.479867011451792	0.214444444444444	0.542135789832822	0.230769230769231
