"高血压.beta"	"性别.beta"	"心脏病.beta"	"高血压.se"	"性别.se"	"心脏病.se"	"新冠死亡.rate"	"高血压.rate"	"性别.rate"	"心脏病.rate"
"55"	-1.13967795474569	0.535994646904375	-0.327037526254479	0.00101254754578361	0.000794015754732717	0.00153263816793037	0.454111224837939	0.337273734761729	0.767777777777778	0.230769230769231
