"高血压.beta"	"性别.beta"	"心脏病.beta"	"高血压.se"	"性别.se"	"心脏病.se"	"新冠死亡.rate"	"高血压.rate"	"性别.rate"	"心脏病.rate"
"41"	-1.46588037046589	0.524784443954925	-0.424982472953503	0.000935884346248653	0.000612971360877176	0.00107680437413474	0.230769230769231	0.384615384615385	0.384615384615385	0.230769230769231
