"高血压.beta"	"性别.beta"	"心脏病.beta"	"高血压.se"	"性别.se"	"心脏病.se"	"新冠死亡.rate"	"高血压.rate"	"性别.rate"	"心脏病.rate"
"61"	-1.13869811646196	0.506908223888975	-0.3075375772106	0.000432931089690619	0.00134886783791175	0.000760304177764022	0.454111224837939	0.337273734761729	0.767777777777778	0.384615384615385
