"高血压.beta"	"性别.beta"	"心脏病.beta"	"高血压.se"	"性别.se"	"心脏病.se"	"新冠死亡.rate"	"高血压.rate"	"性别.rate"	"心脏病.rate"
"76"	-1.13369012080429	0.446962931487586	-0.338777431684052	0.000661817593120929	0.000361890457810845	0.00156802016837519	0.454111224837939	0.337273734761729	0.542135789832822	0.230769230769231
