"高血压.beta"	"性别.beta"	"心脏病.beta"	"高血压.se"	"性别.se"	"心脏病.se"	"新冠死亡.rate"	"高血压.rate"	"性别.rate"	"心脏病.rate"
"80"	-1.55274006346843	0.512979297942184	-0.326062206481273	0.00131613345870222	0.000766583342858279	0.000939255882971042	0.230769230769231	0.337273734761729	0.542135789832822	0.384615384615385
