"高血压.beta"	"性别.beta"	"心脏病.beta"	"高血压.se"	"性别.se"	"心脏病.se"	"新冠死亡.rate"	"高血压.rate"	"性别.rate"	"心脏病.rate"
"10"	-1.40289938364532	0.476244767578072	-0.357884946350203	0.000781328208734998	0.000615892223114375	0.000600513818690322	0.454111224837939	0.214444444444444	0.384615384615385	0.230769230769231
