"高血压.beta"	"性别.beta"	"心脏病.beta"	"高血压.se"	"性别.se"	"心脏病.se"	"新冠死亡.rate"	"高血压.rate"	"性别.rate"	"心脏病.rate"
"23"	-2.46720925505091	0.530971185118744	-0.426119892815509	0.00343340718771086	0.000535380324718334	0.00110938684503566	0.230769230769231	0.214444444444444	0.542135789832822	0.230769230769231
