"高血压.beta"	"性别.beta"	"心脏病.beta"	"高血压.se"	"性别.se"	"心脏病.se"	"新冠死亡.rate"	"高血压.rate"	"性别.rate"	"心脏病.rate"
"11"	-2.50595660245812	0.541994965115431	-0.395421010729569	0.00345050892366387	0.00123683682124182	0.00121359483906782	0.230769230769231	0.214444444444444	0.384615384615385	0.230769230769231
