"高血压.beta"	"性别.beta"	"心脏病.beta"	"高血压.se"	"性别.se"	"心脏病.se"	"新冠死亡.rate"	"高血压.rate"	"性别.rate"	"心脏病.rate"
"54"	-1.11464780874589	0.521679378650874	-0.340321722021403	0.000415584479099145	0.000792566984286918	0.000766576174798363	0.479867011451792	0.337273734761729	0.767777777777778	0.230769230769231
