"高血压.beta"	"性别.beta"	"心脏病.beta"	"高血压.se"	"性别.se"	"心脏病.se"	"新冠死亡.rate"	"高血压.rate"	"性别.rate"	"心脏病.rate"
"30"	-1.09304051974276	0.533139868744182	-0.344430381671166	0.000983723816833842	0.000846081441172871	0.000843638723370559	0.479867011451792	0.384615384615385	0.767777777777778	0.230769230769231
