"高血压.beta"	"性别.beta"	"心脏病.beta"	"高血压.se"	"性别.se"	"心脏病.se"	"新冠死亡.rate"	"高血压.rate"	"性别.rate"	"心脏病.rate"
"0"	-1.26014310491541	0.459946459330167	-0.321688668417305	0.00201239231457741	0.00071516741379013	0.000700730156778489	0.388249155686321	0.312111187940519	0.564842984075328	0.282051282051282
