"高血压.beta"	"心脏病.beta"	"高血压.se"	"心脏病.se"	"新冠死亡.rate"	"高血压.rate"	"心脏病.rate"
"0"	-1.17960847678064	-0.350471868143462	0.00049433430735052	0.00118432397555858	0.355318121110511	0.360944559688557	0.307692307692308
