高血压.beta	心脏病.beta	高血压.se	心脏病.se	新冠死亡.rate	高血压.rate	心脏病.rate
-1.1796084767806398	-0.35047186814346193	0.0004943343073505201	0.00118432397555858	0.355318121110511	0.360944559688557	0.307692307692308
