"高血压.beta"	"心脏病.beta"	"高血压.se"	"心脏病.se"	"新冠死亡.rate"	"高血压.rate"	"心脏病.rate"
"6"	-1.08876716062377	-0.316927533131261	0.000664903473911048	0.000467252611021864	0.479867011451792	0.337273734761729	0.384615384615385
