"高血压.beta"	"心脏病.beta"	"高血压.se"	"心脏病.se"	"新冠死亡.rate"	"高血压.rate"	"心脏病.rate"
"0"	-1.03842590155246	-0.369560995273336	0.00220765689774525	0.000655966594381555	0.479867011451792	0.384615384615385	0.230769230769231
