"高血压.beta"	"心脏病.beta"	"高血压.se"	"心脏病.se"	"新冠死亡.rate"	"高血压.rate"	"心脏病.rate"
"7"	-1.53202484639255	-0.380946332702076	0.00130627061344877	0.000636522600772277	0.230769230769231	0.337273734761729	0.384615384615385
