"高血压.beta"	"心脏病.beta"	"高血压.se"	"心脏病.se"	"新冠死亡.rate"	"高血压.rate"	"心脏病.rate"
"3"	-1.40004394903053	-0.380449578807449	0.00191071887337555	0.000920109979698905	0.230769230769231	0.384615384615385	0.384615384615385
