"高血压.beta"	"心脏病.beta"	"高血压.se"	"心脏病.se"	"新冠死亡.rate"	"高血压.rate"	"心脏病.rate"
"2"	-1.04626063271312	-0.303687700577631	0.000558163521024934	0.000590672319209723	0.479867011451792	0.384615384615385	0.384615384615385
