"高血压.beta"	"心脏病.beta"	"高血压.se"	"心脏病.se"	"新冠死亡.rate"	"高血压.rate"	"心脏病.rate"
"1"	-1.40680974183047	-0.445089336035962	0.00173532194048368	0.00147609249920346	0.230769230769231	0.384615384615385	0.230769230769231
