"高血压.beta"	"心脏病.beta"	"高血压.se"	"心脏病.se"	"新冠死亡.rate"	"高血压.rate"	"心脏病.rate"
"5"	-1.54537523157701	-0.408909259465759	0.00209527668007939	0.00240013173999646	0.230769230769231	0.337273734761729	0.230769230769231
