"高血压.beta"	"心脏病.beta"	"高血压.se"	"心脏病.se"	"新冠死亡.rate"	"高血压.rate"	"心脏病.rate"
"4"	-1.08619519703115	-0.378116797906661	0.00069349769385787	0.00132320845475976	0.479867011451792	0.337273734761729	0.230769230769231
