高血压.beta	心脏病.beta	高血压.se	心脏病.se	新冠死亡.rate	高血压.rate	心脏病.rate
-1.03842590155246	-0.369560995273336	0.00220765689774525	0.000655966594381555	0.47986701145179206	0.384615384615385	0.23076923076923103
-1.40680974183047	-0.445089336035962	0.00173532194048368	0.00147609249920346	0.23076923076923103	0.384615384615385	0.23076923076923103
-1.04626063271312	-0.30368770057763106	0.000558163521024934	0.0005906723192097231	0.47986701145179206	0.384615384615385	0.384615384615385
-1.40004394903053	-0.38044957880744895	0.00191071887337555	0.0009201099796989051	0.23076923076923103	0.384615384615385	0.384615384615385
-1.08619519703115	-0.37811679790666103	0.00069349769385787	0.00132320845475976	0.47986701145179206	0.337273734761729	0.23076923076923103
-1.5453752315770102	-0.40890925946575896	0.00209527668007939	0.00240013173999646	0.23076923076923103	0.337273734761729	0.23076923076923103
-1.08876716062377	-0.316927533131261	0.0006649034739110481	0.00046725261102186394	0.47986701145179206	0.337273734761729	0.384615384615385
-1.53202484639255	-0.380946332702076	0.0013062706134487699	0.0006365226007722769	0.23076923076923103	0.337273734761729	0.384615384615385
