"beta"	"se"	"z_value"	"P"
"高血压"	-1.26798783259388	0.0500594865379787	-25.329621222381	1.5073060932469e-141
"心脏病"	-0.372960941737517	0.00208596392243876	-178.795490049261	0
