"高血压.beta"	"心脏病.beta"	"高血压.se"	"心脏病.se"	"新冠死亡.rate"	"高血压.rate"	"心脏病.rate"
"4"	-1.06632320445108	-0.376014004114899	0.000603984682324811	0.000499685330071014	0.479867011451792	0.337273734761729	0.230769230769231
