"高血压.beta"	"心脏病.beta"	"高血压.se"	"心脏病.se"	"新冠死亡.rate"	"高血压.rate"	"心脏病.rate"
"2"	-1.03754915606603	-0.319788646287776	0.000675213571456218	0.000982277377323125	0.479867011451792	0.384615384615385	0.384615384615385
