"高血压.beta"	"心脏病.beta"	"高血压.se"	"心脏病.se"	"新冠死亡.rate"	"高血压.rate"	"心脏病.rate"
"3"	-1.40292736583422	-0.379719148080821	0.000918124353740562	0.000785589013630181	0.230769230769231	0.384615384615385	0.384615384615385
