"高血压.beta"	"心脏病.beta"	"高血压.se"	"心脏病.se"	"新冠死亡.rate"	"高血压.rate"	"心脏病.rate"
"6"	-1.09527128715273	-0.314700506959755	0.000500957794941135	0.000625362429898342	0.479867011451792	0.337273734761729	0.384615384615385
