"高血压.beta"	"心脏病.beta"	"高血压.se"	"心脏病.se"	"新冠死亡.rate"	"高血压.rate"	"心脏病.rate"
"7"	-1.52257910544276	-0.369167163217874	0.00169300401110943	0.000793015700551397	0.230769230769231	0.337273734761729	0.384615384615385
