"高血压.beta"	"心脏病.beta"	"高血压.se"	"心脏病.se"	"新冠死亡.rate"	"高血压.rate"	"心脏病.rate"
"0"	-1.02989137502033	-0.346705078458464	0.000614069104365549	0.000688886078970726	0.479867011451792	0.384615384615385	0.230769230769231
