"高血压.beta"	"心脏病.beta"	"高血压.se"	"心脏病.se"	"新冠死亡.rate"	"高血压.rate"	"心脏病.rate"
"5"	-1.51128461810743	-0.434468793650016	0.00317348311767252	0.00227416349980774	0.230769230769231	0.337273734761729	0.230769230769231
