高血压.beta	心脏病.beta	高血压.se	心脏病.se	新冠死亡.rate	高血压.rate	心脏病.rate
-1.02989137502033	-0.346705078458464	0.000614069104365549	0.000688886078970726	0.47986701145179206	0.384615384615385	0.23076923076923103
-1.3910093335857299	-0.43746507138578006	0.0007521276528551	0.00207855401453319	0.23076923076923103	0.384615384615385	0.23076923076923103
-1.03754915606603	-0.31978864628777603	0.000675213571456218	0.000982277377323125	0.47986701145179206	0.384615384615385	0.384615384615385
-1.40292736583422	-0.379719148080821	0.0009181243537405619	0.0007855890136301809	0.23076923076923103	0.384615384615385	0.384615384615385
-1.06632320445108	-0.376014004114899	0.000603984682324811	0.000499685330071014	0.47986701145179206	0.337273734761729	0.23076923076923103
-1.51128461810743	-0.43446879365001595	0.00317348311767252	0.00227416349980774	0.23076923076923103	0.337273734761729	0.23076923076923103
-1.09527128715273	-0.314700506959755	0.000500957794941135	0.000625362429898342	0.47986701145179206	0.337273734761729	0.384615384615385
-1.52257910544276	-0.36916716321787396	0.0016930040111094301	0.0007930157005513969	0.23076923076923103	0.337273734761729	0.384615384615385
