"beta"	"se"	"z_value"	"P"
"高血压"	-1.25710443070754	0.0481015394689955	-26.1343908029767	1.48300491658821e-150
"心脏病"	-0.372253551519423	0.00213307720335196	-174.514804684264	0
