"高血压.beta"	"心脏病.beta"	"高血压.se"	"心脏病.se"	"新冠死亡.rate"	"高血压.rate"	"心脏病.rate"
"0"	-1.17248524633604	-0.331661660200558	0.0310804565047308	0.0256137515732098	0.355318121110511	0.360944559688557	0.307692307692308
