"beta"	"se"	"z_value"	"P"
"高血压"	-1.17248524633604	0.0310804565047308	-37.7241964305632	1.99306019738679e-311
"心脏病"	-0.331661660200558	0.0256137515732098	-12.9485780032103	2.39346527798157e-38
