高血压.beta	心脏病.beta	高血压.se	心脏病.se	新冠死亡.rate	高血压.rate	心脏病.rate
-1.1659692740493601	-0.34470593386666604	0.00110737037862207	0.000996932838977052	0.355318121110511	0.360944559688557	0.307692307692308
