"beta"	"se"	"z_value"	"P"
"高血压"	-1.16596927404936	0.00110737037862207	-1052.91715993	0
"心脏病"	-0.344705933866666	0.000996932838977052	-345.766455261286	0
