Sex.beta	Age.beta	Hypertension.beta	Sex.se	Age.se	Hypertension.se	Death.rate	Sex.rate	Age.rate	Hypertension.rate
0.543544748608619	2.56373769258689	0.376581829331863	0.114044595466029	0.143791670035164	0.10066599299809899	0.0233390998112726	0.509625931817409	0.374236081511152	0.293013045044716
