"beta"	"se"	"z_value"	"P"
"Sex"	0.543544748608619	0.114044595466029	4.76607195972322	1.87852191426879e-06
"Age"	2.56373769258689	0.143791670035164	17.8295285948062	4.16921572511863e-71
"Hypertension"	0.376581829331863	0.100665992998099	3.74090413372244	0.000183359455221202
