"Sex.beta"	"Age.beta"	"Hypertension.beta"	"Sex.se"	"Age.se"	"Hypertension.se"	"Death.rate"	"Sex.rate"	"Age.rate"	"Hypertension.rate"
"17"	0.57354080576806	2.07938844839558	0.318695392116031	0.0735295282756784	0.137430165992136	0.0810149068783162	0.0242167980011532	0.5	0.311349899261249	0.128916009994234
