"Sex.beta"	"Age.beta"	"Hypertension.beta"	"Sex.se"	"Age.se"	"Hypertension.se"	"Death.rate"	"Sex.rate"	"Age.rate"	"Hypertension.rate"
"53"	0.523831987668729	2.12567856047774	0.270668316523468	0.117387368781943	0.117631485729124	0.0728805224922714	0.0242167980011532	0.51443922095366	0.311358345272206	0.128916009994234
