"Sex.beta"	"Age.beta"	"Hypertension.beta"	"Sex.se"	"Age.se"	"Hypertension.se"	"Death.rate"	"Sex.rate"	"Age.rate"	"Hypertension.rate"
"64"	0.524825964250095	2.10157201560495	0.607613166197478	0.0760502800128754	0.138082856444735	0.088505861706253	0.0229002507163324	0.514438574498567	0.311349899261249	0.460353704947392
