"Sex.beta"	"Age.beta"	"Hypertension.beta"	"Sex.se"	"Age.se"	"Hypertension.se"	"Death.rate"	"Sex.rate"	"Age.rate"	"Hypertension.rate"
"50"	0.56002896897617	2.14153027037017	0.359272015850226	0.0817730877195833	0.104149130809624	0.0683276841935417	0.0242167980011532	0.51443922095366	0.311358345272206	0.289769420192523
