"Sex.beta"	"Age.beta"	"Hypertension.beta"	"Sex.se"	"Age.se"	"Hypertension.se"	"Death.rate"	"Sex.rate"	"Age.rate"	"Hypertension.rate"
"9"	0.536819975353816	2.07547669072664	0.595351301604291	0.101539192693656	0.0995299901081289	0.133140342790068	0.0229002507163324	0.5	0.311349899261249	0.460353704947392
