"Sex.beta"	"Age.beta"	"Hypertension.beta"	"Sex.se"	"Age.se"	"Hypertension.se"	"Death.rate"	"Sex.rate"	"Age.rate"	"Hypertension.rate"
"44"	0.506677655161904	2.08297694903178	0.284242707406962	0.0916940172580791	0.0776877097195941	0.0884230958297607	0.0242167980011532	0.51443922095366	0.311349899261249	0.128916009994234
