"Sex.beta"	"Age.beta"	"Hypertension.beta"	"Sex.se"	"Age.se"	"Hypertension.se"	"Death.rate"	"Sex.rate"	"Age.rate"	"Hypertension.rate"
"46"	0.480246104459861	2.0575284379521	0.614276731676312	0.117661701831564	0.0874966226429848	0.0937615476120302	0.0229002507163324	0.51443922095366	0.311358345272206	0.460353704947392
