"Sex.beta"	"Age.beta"	"Hypertension.beta"	"Sex.se"	"Age.se"	"Hypertension.se"	"Death.rate"	"Sex.rate"	"Age.rate"	"Hypertension.rate"
"66"	0.480805796613545	2.13523721243358	0.407667269885858	0.0782386975399759	0.18451408882438	0.143996020357058	0.0229002507163324	0.514438574498567	0.311349899261249	0.289769420192523
