"Sex.beta"	"Age.beta"	"Hypertension.beta"	"Sex.se"	"Age.se"	"Hypertension.se"	"Death.rate"	"Sex.rate"	"Age.rate"	"Hypertension.rate"
"71"	0.506888398191455	2.21579928041381	0.293767755091724	0.0693286453291985	0.126912395147911	0.0949155288123325	0.0242167980011532	0.514438574498567	0.311349899261249	0.128916009994234
