"Sex.beta"	"Age.beta"	"Hypertension.beta"	"Sex.se"	"Age.se"	"Hypertension.se"	"Death.rate"	"Sex.rate"	"Age.rate"	"Hypertension.rate"
"10"	0.534817786837754	2.15538244022369	0.507515857321503	0.0822221491114652	0.0882249163447941	0.090891015347004	0.0229002507163324	0.5	0.311349899261249	0.460353704947392
