"Sex.beta"	"Age.beta"	"Hypertension.beta"	"Sex.se"	"Age.se"	"Hypertension.se"	"Death.rate"	"Sex.rate"	"Age.rate"	"Hypertension.rate"
"75"	0.486178991792981	2.16912459472018	0.412365763893466	0.0664455549400451	0.0989729547263658	0.089722484474276	0.0229002507163324	0.514438574498567	0.311358345272206	0.289769420192523
