"Sex.beta"	"Age.beta"	"Hypertension.beta"	"Sex.se"	"Age.se"	"Hypertension.se"	"Death.rate"	"Sex.rate"	"Age.rate"	"Hypertension.rate"
"69"	0.519799302643554	2.1713129601629	0.324341228612755	0.0864523245232734	0.0789982554007504	0.069872557835468	0.0229002507163324	0.514438574498567	0.311349899261249	0.128916009994234
