"Sex.beta"	"Age.beta"	"Hypertension.beta"	"Sex.se"	"Age.se"	"Hypertension.se"	"Death.rate"	"Sex.rate"	"Age.rate"	"Hypertension.rate"
"67"	0.564719789785716	2.15552492270707	0.361233029524937	0.0624960385094578	0.0786706244205741	0.0667352823217368	0.0229002507163324	0.514438574498567	0.311349899261249	0.289769420192523
