"Sex.beta"	"Age.beta"	"Hypertension.beta"	"Sex.se"	"Age.se"	"Hypertension.se"	"Death.rate"	"Sex.rate"	"Age.rate"	"Hypertension.rate"
"43"	0.461481081439664	2.1547843932812	0.325702979894707	0.106686564819723	0.0912832310443979	0.0753629378004768	0.0229002507163324	0.51443922095366	0.311349899261249	0.128916009994234
