"Sex.beta"	"Age.beta"	"Hypertension.beta"	"Sex.se"	"Age.se"	"Hypertension.se"	"Death.rate"	"Sex.rate"	"Age.rate"	"Hypertension.rate"
"77"	0.453865654950716	2.03853833084997	0.396934086244472	0.130967939734748	0.0807776233451871	0.101303083024358	0.0242167980011532	0.514438574498567	0.311358345272206	0.289769420192523
