"Sex.beta"	"Age.beta"	"Hypertension.beta"	"Sex.se"	"Age.se"	"Hypertension.se"	"Death.rate"	"Sex.rate"	"Age.rate"	"Hypertension.rate"
"14"	0.524734411251103	2.09488962223093	0.411353187889579	0.114069317571492	0.114178397751167	0.122713495846896	0.0242167980011532	0.5	0.311349899261249	0.289769420192523
