"Sex.beta"	"Age.beta"	"Hypertension.beta"	"Sex.se"	"Age.se"	"Hypertension.se"	"Death.rate"	"Sex.rate"	"Age.rate"	"Hypertension.rate"
"38"	0.513544527505888	1.99719592401718	0.534882247777943	0.0731051925067729	0.172828984958422	0.097651254184046	0.0242167980011532	0.51443922095366	0.311349899261249	0.460353704947392
