"Sex.beta"	"Age.beta"	"Hypertension.beta"	"Sex.se"	"Age.se"	"Hypertension.se"	"Death.rate"	"Sex.rate"	"Age.rate"	"Hypertension.rate"
"78"	0.530047002427373	2.15282309241957	0.419747988248339	0.0727674870652841	0.0963679027486757	0.105084777567634	0.0229002507163324	0.514438574498567	0.311358345272206	0.128916009994234
