"Sex.beta"	"Age.beta"	"Hypertension.beta"	"Sex.se"	"Age.se"	"Hypertension.se"	"Death.rate"	"Sex.rate"	"Age.rate"	"Hypertension.rate"
"13"	0.507890802515399	2.14876006960909	0.428795325293575	0.0698711356595203	0.100327788434927	0.0869866860429079	0.0229002507163324	0.5	0.311349899261249	0.289769420192523
