"Sex.beta"	"Age.beta"	"Hypertension.beta"	"Sex.se"	"Age.se"	"Hypertension.se"	"Death.rate"	"Sex.rate"	"Age.rate"	"Hypertension.rate"
"25"	0.515218692367434	2.25057144582819	0.371086103782852	0.062852169024765	0.128774443224854	0.0829576087945077	0.0229002507163324	0.5	0.311358345272206	0.128916009994234
