"Sex.beta"	"Age.beta"	"Hypertension.beta"	"Sex.se"	"Age.se"	"Hypertension.se"	"Death.rate"	"Sex.rate"	"Age.rate"	"Hypertension.rate"
"24"	0.562939942419977	2.08824341748287	0.440371610592491	0.0818561322619888	0.103976991298343	0.103941320385486	0.0229002507163324	0.5	0.311358345272206	0.128916009994234
