"Sex.beta"	"Age.beta"	"Hypertension.beta"	"Sex.se"	"Age.se"	"Hypertension.se"	"Death.rate"	"Sex.rate"	"Age.rate"	"Hypertension.rate"
"41"	0.580905907946118	2.07712313456584	0.398691967836691	0.126474681078351	0.119857975362338	0.0876354979611118	0.0242167980011532	0.51443922095366	0.311349899261249	0.289769420192523
