"Sex.beta"	"Age.beta"	"Hypertension.beta"	"Sex.se"	"Age.se"	"Hypertension.se"	"Death.rate"	"Sex.rate"	"Age.rate"	"Hypertension.rate"
"36"	0.453369263214353	2.12988741680292	0.50438721098752	0.100346097568246	0.129470725224032	0.106506363932718	0.0229002507163324	0.51443922095366	0.311349899261249	0.460353704947392
