"Sex.beta"	"Age.beta"	"Hypertension.beta"	"Sex.se"	"Age.se"	"Hypertension.se"	"Death.rate"	"Sex.rate"	"Age.rate"	"Hypertension.rate"
"52"	0.528359906193261	2.16297494825401	0.397713154183228	0.0816810171529374	0.0857445799420766	0.0786926197995408	0.0229002507163324	0.51443922095366	0.311358345272206	0.128916009994234
