"Sex.beta"	"Age.beta"	"Hypertension.beta"	"Sex.se"	"Age.se"	"Hypertension.se"	"Death.rate"	"Sex.rate"	"Age.rate"	"Hypertension.rate"
"23"	0.50009982260586	2.0299794184297	0.423564403343938	0.0776748989765277	0.121370592536134	0.101378973246854	0.0242167980011532	0.5	0.311358345272206	0.289769420192523
