"Sex.beta"	"Age.beta"	"Hypertension.beta"	"Sex.se"	"Age.se"	"Hypertension.se"	"Death.rate"	"Sex.rate"	"Age.rate"	"Hypertension.rate"
"72"	0.558445083690422	2.07212673065987	0.482182668686001	0.0679089545072638	0.11502594348317	0.112916127116388	0.0229002507163324	0.514438574498567	0.311358345272206	0.460353704947392
