"Sex.beta"	"Age.beta"	"Hypertension.beta"	"Sex.se"	"Age.se"	"Hypertension.se"	"Death.rate"	"Sex.rate"	"Age.rate"	"Hypertension.rate"
"26"	0.571307086870363	2.08883035375424	0.341924867622464	0.0850792214137582	0.0834240786523324	0.148472071995708	0.0242167980011532	0.5	0.311358345272206	0.128916009994234
