"Sex.beta"	"Age.beta"	"Hypertension.beta"	"Sex.se"	"Age.se"	"Hypertension.se"	"Death.rate"	"Sex.rate"	"Age.rate"	"Hypertension.rate"
"16"	0.606847202033774	2.22311347141888	0.269820970379236	0.0905643679179363	0.117341585207738	0.0737931384884377	0.0229002507163324	0.5	0.311349899261249	0.128916009994234
