"Sex.beta"	"Age.beta"	"Hypertension.beta"	"Sex.se"	"Age.se"	"Hypertension.se"	"Death.rate"	"Sex.rate"	"Age.rate"	"Hypertension.rate"
"70"	0.518753780387268	2.18025587662207	0.376754659521349	0.147743817598794	0.104554188487975	0.140633181590328	0.0229002507163324	0.514438574498567	0.311349899261249	0.128916009994234
