"Sex.beta"	"Age.beta"	"Hypertension.beta"	"Sex.se"	"Age.se"	"Hypertension.se"	"Death.rate"	"Sex.rate"	"Age.rate"	"Hypertension.rate"
"49"	0.494608186373519	2.13804076919596	0.376052855617022	0.0887273812777252	0.0853788109584658	0.105142012451632	0.0229002507163324	0.51443922095366	0.311358345272206	0.289769420192523
