"Sex.beta"	"Age.beta"	"Hypertension.beta"	"Sex.se"	"Age.se"	"Hypertension.se"	"Death.rate"	"Sex.rate"	"Age.rate"	"Hypertension.rate"
"19"	0.499352467735833	2.16104710734203	0.591600035517347	0.0705563785540582	0.083866982343038	0.117351677195368	0.0229002507163324	0.5	0.311358345272206	0.460353704947392
