"Sex.beta"	"Age.beta"	"Hypertension.beta"	"Sex.se"	"Age.se"	"Hypertension.se"	"Death.rate"	"Sex.rate"	"Age.rate"	"Hypertension.rate"
"68"	0.502971806379936	2.14175905928588	0.350686257071222	0.0679288087212254	0.121215658377516	0.0743047478893752	0.0242167980011532	0.514438574498567	0.311349899261249	0.289769420192523
