"Sex.beta"	"Age.beta"	"Hypertension.beta"	"Sex.se"	"Age.se"	"Hypertension.se"	"Death.rate"	"Sex.rate"	"Age.rate"	"Hypertension.rate"
"45"	0.505564343650073	2.01403610525869	0.63019540009351	0.0898171653991342	0.106233182113496	0.145387519143358	0.0229002507163324	0.51443922095366	0.311358345272206	0.460353704947392
