"Sex.beta"	"Age.beta"	"Hypertension.beta"	"Sex.se"	"Age.se"	"Hypertension.se"	"Death.rate"	"Sex.rate"	"Age.rate"	"Hypertension.rate"
"79"	0.565925079422388	2.17701546401578	0.454208310999422	0.0930022840300612	0.191521544009531	0.0892890300911992	0.0229002507163324	0.514438574498567	0.311358345272206	0.128916009994234
