"Sex.beta"	"Age.beta"	"Hypertension.beta"	"Sex.se"	"Age.se"	"Hypertension.se"	"Death.rate"	"Sex.rate"	"Age.rate"	"Hypertension.rate"
"21"	0.560956149037882	2.11138978409968	0.390273950471	0.107631646934358	0.128717736250092	0.0876081159076886	0.0229002507163324	0.5	0.311358345272206	0.289769420192523
