"Sex.beta"	"Age.beta"	"Hypertension.beta"	"Sex.se"	"Age.se"	"Hypertension.se"	"Death.rate"	"Sex.rate"	"Age.rate"	"Hypertension.rate"
"40"	0.478362756000887	2.18931243482873	0.425718037508611	0.085444201261685	0.102806666405564	0.106317918465897	0.0229002507163324	0.51443922095366	0.311349899261249	0.289769420192523
