"Sex.beta"	"Age.beta"	"Hypertension.beta"	"Sex.se"	"Age.se"	"Hypertension.se"	"Death.rate"	"Sex.rate"	"Age.rate"	"Hypertension.rate"
"73"	0.557923656404388	2.1185034898295	0.542938688774397	0.114034577328465	0.100633834684584	0.0752622542605711	0.0229002507163324	0.514438574498567	0.311358345272206	0.460353704947392
