"Sex.beta"	"Age.beta"	"Hypertension.beta"	"Sex.se"	"Age.se"	"Hypertension.se"	"Death.rate"	"Sex.rate"	"Age.rate"	"Hypertension.rate"
"63"	0.518835971281315	2.0695029203102	0.55405923849261	0.116570873878757	0.0799138692040282	0.099010066181857	0.0229002507163324	0.514438574498567	0.311349899261249	0.460353704947392
