"Sex.beta"	"Age.beta"	"Hypertension.beta"	"Sex.se"	"Age.se"	"Hypertension.se"	"Death.rate"	"Sex.rate"	"Age.rate"	"Hypertension.rate"
"39"	0.498134216900372	2.21844814250429	0.381554439605818	0.0741007656407441	0.102253459174374	0.0745178102202815	0.0229002507163324	0.51443922095366	0.311349899261249	0.289769420192523
