"Sex.beta"	"Age.beta"	"Hypertension.beta"	"Sex.se"	"Age.se"	"Hypertension.se"	"Death.rate"	"Sex.rate"	"Age.rate"	"Hypertension.rate"
"80"	0.568684480630214	2.12986050081025	0.390732049944205	0.105117323631833	0.145334454886436	0.0811820514171216	0.0242167980011532	0.514438574498567	0.311358345272206	0.128916009994234
