"Sex.beta"	"Age.beta"	"Hypertension.beta"	"Sex.se"	"Age.se"	"Hypertension.se"	"Death.rate"	"Sex.rate"	"Age.rate"	"Hypertension.rate"
"42"	0.579786330221676	2.2548811332316	0.330600871661151	0.0654541395585333	0.0831117600186431	0.0997115852616687	0.0229002507163324	0.51443922095366	0.311349899261249	0.128916009994234
