"Sex.beta"	"Age.beta"	"Hypertension.beta"	"Sex.se"	"Age.se"	"Hypertension.se"	"Death.rate"	"Sex.rate"	"Age.rate"	"Hypertension.rate"
"37"	0.526168142101362	2.12819807684456	0.571271321629377	0.0649399277507549	0.0807582657057482	0.106231727088116	0.0229002507163324	0.51443922095366	0.311349899261249	0.460353704947392
