"Sex.beta"	"Age.beta"	"Hypertension.beta"	"Sex.se"	"Age.se"	"Hypertension.se"	"Death.rate"	"Sex.rate"	"Age.rate"	"Hypertension.rate"
"74"	0.469036769227657	2.01701433306746	0.532534745050925	0.065608797536945	0.117395743897728	0.0921036181548891	0.0242167980011532	0.514438574498567	0.311358345272206	0.460353704947392
