"Sex.beta"	"Age.beta"	"Hypertension.beta"	"Sex.se"	"Age.se"	"Hypertension.se"	"Death.rate"	"Sex.rate"	"Age.rate"	"Hypertension.rate"
"12"	0.544691028924308	2.1868528239054	0.476900676289506	0.0793331992634813	0.126636619785567	0.0732741025957662	0.0229002507163324	0.5	0.311349899261249	0.289769420192523
