"Sex.beta"	"Age.beta"	"Hypertension.beta"	"Sex.se"	"Age.se"	"Hypertension.se"	"Death.rate"	"Sex.rate"	"Age.rate"	"Hypertension.rate"
"76"	0.57444850633706	2.15506744815083	0.409544240370092	0.0753915832158236	0.117235785332147	0.100690558778232	0.0229002507163324	0.514438574498567	0.311358345272206	0.289769420192523
