"Sex.beta"	"Age.beta"	"Hypertension.beta"	"Sex.se"	"Age.se"	"Hypertension.se"	"Death.rate"	"Sex.rate"	"Age.rate"	"Hypertension.rate"
"51"	0.480019715090661	2.2610696152892	0.397206561001444	0.0850637903544098	0.0933113478460946	0.0933071587899195	0.0229002507163324	0.51443922095366	0.311358345272206	0.128916009994234
