"Sex.beta"	"Age.beta"	"Hypertension.beta"	"Sex.se"	"Age.se"	"Hypertension.se"	"Death.rate"	"Sex.rate"	"Age.rate"	"Hypertension.rate"
"48"	0.518559686844118	2.24359530051404	0.364674971249492	0.0710495450659444	0.102003667834162	0.101944868053476	0.0229002507163324	0.51443922095366	0.311358345272206	0.289769420192523
