"Sex.beta"	"Age.beta"	"Hypertension.beta"	"Sex.se"	"Age.se"	"Hypertension.se"	"Death.rate"	"Sex.rate"	"Age.rate"	"Hypertension.rate"
"18"	0.533681259147936	2.17956393102355	0.540290646963386	0.0662559748451608	0.0847742229946241	0.0733710190540922	0.0229002507163324	0.5	0.311358345272206	0.460353704947392
