"Sex.beta"	"Age.beta"	"Hypertension.beta"	"Sex.se"	"Age.se"	"Hypertension.se"	"Death.rate"	"Sex.rate"	"Age.rate"	"Hypertension.rate"
"22"	0.560362939463528	2.18362801463476	0.369263556022974	0.0756333942885267	0.0880945261387998	0.0694321222788222	0.0229002507163324	0.5	0.311358345272206	0.289769420192523
