"Sex.beta"	"Age.beta"	"Hypertension.beta"	"Sex.se"	"Age.se"	"Hypertension.se"	"Death.rate"	"Sex.rate"	"Age.rate"	"Hypertension.rate"
"65"	0.459332476323186	1.99364793741532	0.518213121791167	0.0809606249510959	0.090125621531613	0.0735886931497748	0.0242167980011532	0.514438574498567	0.311349899261249	0.460353704947392
