"Sex.beta"	"Age.beta"	"Hypertension.beta"	"Sex.se"	"Age.se"	"Hypertension.se"	"Death.rate"	"Sex.rate"	"Age.rate"	"Hypertension.rate"
"47"	0.536145707501306	2.01642466465715	0.493025915017719	0.0783359842836799	0.18827363218024	0.110649406938728	0.0242167980011532	0.51443922095366	0.311358345272206	0.460353704947392
