"Sex.beta"	"Age.beta"	"Hypertension.beta"	"Sex.se"	"Age.se"	"Hypertension.se"	"Death.rate"	"Sex.rate"	"Age.rate"	"Hypertension.rate"
"11"	0.51805079671266	2.0192617339667	0.592391226212631	0.0701195891874944	0.0883766241655288	0.100469825327999	0.0242167980011532	0.5	0.311349899261249	0.460353704947392
