"Sex.beta"	"Age.beta"	"Hypertension.beta"	"Sex.se"	"Age.se"	"Hypertension.se"	"Death.rate"	"Sex.rate"	"Age.rate"	"Hypertension.rate"
"20"	0.465192458708161	2.03871383828391	0.50716039894783	0.0607186534920475	0.109774894665375	0.147090095937621	0.0242167980011532	0.5	0.311358345272206	0.460353704947392
