"Sex.beta"	"Age.beta"	"Hypertension.beta"	"Sex.se"	"Age.se"	"Hypertension.se"	"Death.rate"	"Sex.rate"	"Age.rate"	"Hypertension.rate"
"15"	0.57328384255398	2.22922777427606	0.414794460413757	0.122726671651376	0.0921599080950261	0.0680697878810769	0.0229002507163324	0.5	0.311349899261249	0.128916009994234
