"beta"	"se"	"z_value"	"P"
"Sex"	0.523649453116611	0.0964886242256732	5.4270589649187	5.72902061099306e-08
"Age"	2.12838320059608	0.132769758976213	16.0306324046081	7.80840557618399e-58
"Hypertension"	0.434941036013074	0.137351516021143	3.16662712296618	0.00154217924086564
