"Sex.beta"	"Age.beta"	"Hypertension.beta"	"Sex.se"	"Age.se"	"Hypertension.se"	"Death.rate"	"Sex.rate"	"Age.rate"	"Hypertension.rate"
"0"	0.314352906120042	2.63473760207435	0.371427490857006	0.1254636472188	0.106741477458519	0.0951804374882934	0.0233390998112726	0.463121281352363	0.377686426545655	0.293013045044716
