Sex.beta	Age.beta	Hypertension.beta	Sex.se	Age.se	Hypertension.se	Death.rate	Sex.rate	Age.rate	Hypertension.rate
0.31435290612004196	2.6347376020743503	0.371427490857006	0.1254636472188	0.106741477458519	0.0951804374882934	0.0233390998112726	0.463121281352363	0.37768642654565504	0.293013045044716
