"beta"	"se"	"z_value"	"P"
"Sex"	0.314352906120042	0.1254636472188	2.50552979359696	0.0122268096860901
"Age"	2.63473760207435	0.106741477458519	24.6833533206268	1.61426837937767e-134
"Hypertension"	0.371427490857006	0.0951804374882934	3.90235116226156	9.52628161597583e-05
