高血压.beta	心脏病.beta	高血压.se	心脏病.se	新冠死亡.rate	高血压.rate	心脏病.rate
-1.15682783907135	-0.337456077320912	0.000517277754985837	0.00046663938812922996	0.355318121110511	0.360944559688557	0.307692307692308
