"beta"	"se"	"z_value"	"P"
"高血压"	-1.15682783907135	0.000517277754985837	-2236.37654610341	0
"心脏病"	-0.337456077320912	0.00046663938812923	-723.162437431145	0
