"高血压.beta"	"心脏病.beta"	"高血压.se"	"心脏病.se"	"新冠死亡.rate"	"高血压.rate"	"心脏病.rate"
"2"	-1.04683552517777	-0.31881813498061	0.000574977084483162	0.000373813674890564	0.479867011451792	0.384615384615385	0.384615384615385
