"高血压.beta"	"心脏病.beta"	"高血压.se"	"心脏病.se"	"新冠死亡.rate"	"高血压.rate"	"心脏病.rate"
"7"	-1.52794465645507	-0.375831402580246	0.00178384739753814	0.00073233720978896	0.230769230769231	0.337273734761729	0.384615384615385
