"高血压.beta"	"心脏病.beta"	"高血压.se"	"心脏病.se"	"新冠死亡.rate"	"高血压.rate"	"心脏病.rate"
"6"	-1.08605484880993	-0.32808502898712	0.000474426055719008	0.0005792188971748	0.479867011451792	0.337273734761729	0.384615384615385
