"高血压.beta"	"心脏病.beta"	"高血压.se"	"心脏病.se"	"新冠死亡.rate"	"高血压.rate"	"心脏病.rate"
"0"	-1.06563395720468	-0.367110396429445	0.00064254433165943	0.000546467145470564	0.479867011451792	0.384615384615385	0.230769230769231
