"高血压.beta"	"心脏病.beta"	"高血压.se"	"心脏病.se"	"新冠死亡.rate"	"高血压.rate"	"心脏病.rate"
"3"	-1.41424888088129	-0.404424480387681	0.0010119317230297	0.0006491441920491	0.230769230769231	0.384615384615385	0.384615384615385
