"高血压.beta"	"心脏病.beta"	"高血压.se"	"心脏病.se"	"新冠死亡.rate"	"高血压.rate"	"心脏病.rate"
"5"	-1.53040985340665	-0.444013465160356	0.000965708990236379	0.00076290271757402	0.230769230769231	0.337273734761729	0.230769230769231
