"高血压.beta"	"心脏病.beta"	"高血压.se"	"心脏病.se"	"新冠死亡.rate"	"高血压.rate"	"心脏病.rate"
"1"	-1.41377099105688	-0.427997094217099	0.000741607994280807	0.000895741016071389	0.230769230769231	0.384615384615385	0.230769230769231
