"高血压.beta"	"心脏病.beta"	"高血压.se"	"心脏病.se"	"新冠死亡.rate"	"高血压.rate"	"心脏病.rate"
"4"	-1.08494058003902	-0.369747737970828	0.00071476569211641	0.000755910434094245	0.479867011451792	0.337273734761729	0.230769230769231
