"Sex.beta"	"Age.beta"	"Hypertension.beta"	"Sex.se"	"Age.se"	"Hypertension.se"	"Death.rate"	"Sex.rate"	"Age.rate"	"Hypertension.rate"
"0"	0.531446478247341	2.53033274337719	0.401192837332226	0.0721692967367512	0.107465752513442	0.0959882868607071	0.0233390998112726	0.509625931817409	0.374236081511152	0.293013045044716
