"beta"	"se"	"z_value"	"P"
"Sex"	0.531446478247341	0.0721692967367512	7.36388606065922	1.78632179352429e-13
"Age"	2.53033274337719	0.107465752513442	23.5454801571384	1.39660246718367e-122
"Hypertension"	0.401192837332226	0.0959882868607071	4.17960201659203	2.92019698219533e-05
