"高血压.beta"	"心脏病.beta"	"高血压.se"	"心脏病.se"	"新冠死亡.rate"	"高血压.rate"	"心脏病.rate"
"0"	-1.04365564289999	-0.37769962113872	0.0223885542459449	0.0272333578909212	0.479867011451792	0.384615384615385	0.230769230769231
