"高血压.beta"	"心脏病.beta"	"高血压.se"	"心脏病.se"	"新冠死亡.rate"	"高血压.rate"	"心脏病.rate"
"7"	-1.54100482770808	-0.393126305803842	0.0410988258442581	0.0248724977894729	0.230769230769231	0.337273734761729	0.384615384615385
