"高血压.beta"	"心脏病.beta"	"高血压.se"	"心脏病.se"	"新冠死亡.rate"	"高血压.rate"	"心脏病.rate"
"5"	-1.53893624107496	-0.449606131273383	0.03142000652815	0.0328852668526885	0.230769230769231	0.337273734761729	0.230769230769231
