"高血压.beta"	"心脏病.beta"	"高血压.se"	"心脏病.se"	"新冠死亡.rate"	"高血压.rate"	"心脏病.rate"
"6"	-1.08527415854225	-0.321111084911452	0.035746007756728	0.0242889801919605	0.479867011451792	0.337273734761729	0.384615384615385
