"高血压.beta"	"心脏病.beta"	"高血压.se"	"心脏病.se"	"新冠死亡.rate"	"高血压.rate"	"心脏病.rate"
"1"	-1.40528837934151	-0.450527573255281	0.0279826274580034	0.0319799718918283	0.230769230769231	0.384615384615385	0.230769230769231
