"高血压.beta"	"心脏病.beta"	"高血压.se"	"心脏病.se"	"新冠死亡.rate"	"高血压.rate"	"心脏病.rate"
"4"	-1.07904486673936	-0.377974967612139	0.0252760093070331	0.0425752446257129	0.479867011451792	0.337273734761729	0.230769230769231
