"高血压.beta"	"心脏病.beta"	"高血压.se"	"心脏病.se"	"新冠死亡.rate"	"高血压.rate"	"心脏病.rate"
"2"	-1.05616407679712	-0.323883127626245	0.0203619043555746	0.0220199878461224	0.479867011451792	0.384615384615385	0.384615384615385
