"高血压.beta"	"心脏病.beta"	"高血压.se"	"心脏病.se"	"新冠死亡.rate"	"高血压.rate"	"心脏病.rate"
"3"	-1.39405508987721	-0.380233804607668	0.0485615427889012	0.0259130258785176	0.230769230769231	0.384615384615385	0.384615384615385
