高血压.beta	心脏病.beta	高血压.se	心脏病.se	新冠死亡.rate	高血压.rate	心脏病.rate
-1.04365564289999	-0.37769962113871997	0.0223885542459449	0.0272333578909212	0.47986701145179206	0.384615384615385	0.23076923076923103
-1.4052883793415099	-0.450527573255281	0.0279826274580034	0.0319799718918283	0.23076923076923103	0.384615384615385	0.23076923076923103
-1.0561640767971199	-0.323883127626245	0.0203619043555746	0.0220199878461224	0.47986701145179206	0.384615384615385	0.384615384615385
-1.39405508987721	-0.380233804607668	0.0485615427889012	0.0259130258785176	0.23076923076923103	0.384615384615385	0.384615384615385
-1.07904486673936	-0.377974967612139	0.0252760093070331	0.0425752446257129	0.47986701145179206	0.337273734761729	0.23076923076923103
-1.5389362410749599	-0.449606131273383	0.03142000652815	0.0328852668526885	0.23076923076923103	0.337273734761729	0.23076923076923103
-1.0852741585422498	-0.32111108491145196	0.035746007756727996	0.0242889801919605	0.47986701145179206	0.337273734761729	0.384615384615385
-1.5410048277080801	-0.393126305803842	0.0410988258442581	0.0248724977894729	0.23076923076923103	0.337273734761729	0.384615384615385
