"beta"	"se"	"z_value"	"P"
"高血压"	-1.26792791037256	0.225053161516522	-5.63390401551625	1.76175099979864e-08
"心脏病"	-0.384270327028591	0.0568425394249532	-6.76025967375942	1.37744636615779e-11
