"高血压.beta"	"心脏病.beta"	"高血压.se"	"心脏病.se"	"新冠死亡.rate"	"高血压.rate"	"心脏病.rate"
"2"	-1.04449238639144	-0.314575961346401	0.000963397222671255	0.000697804110818982	0.479867011451792	0.384615384615385	0.384615384615385
