"高血压.beta"	"心脏病.beta"	"高血压.se"	"心脏病.se"	"新冠死亡.rate"	"高血压.rate"	"心脏病.rate"
"7"	-1.53399205172478	-0.378355101904486	0.00183286910513199	0.00099734489060662	0.230769230769231	0.337273734761729	0.384615384615385
