"高血压.beta"	"心脏病.beta"	"高血压.se"	"心脏病.se"	"新冠死亡.rate"	"高血压.rate"	"心脏病.rate"
"0"	-1.04086924434188	-0.36437434577771	0.000598417272581987	0.000894238898026137	0.479867011451792	0.384615384615385	0.230769230769231
