"高血压.beta"	"心脏病.beta"	"高血压.se"	"心脏病.se"	"新冠死亡.rate"	"高血压.rate"	"心脏病.rate"
"3"	-1.39897711273202	-0.385699668970566	0.00142024884565755	0.00100477930519614	0.230769230769231	0.384615384615385	0.384615384615385
