"高血压.beta"	"心脏病.beta"	"高血压.se"	"心脏病.se"	"新冠死亡.rate"	"高血压.rate"	"心脏病.rate"
"4"	-1.08027733321448	-0.365427400749838	0.000816817080300314	0.00100919958895571	0.479867011451792	0.337273734761729	0.230769230769231
