"高血压.beta"	"心脏病.beta"	"高血压.se"	"心脏病.se"	"新冠死亡.rate"	"高血压.rate"	"心脏病.rate"
"6"	-1.08457264004286	-0.313968489502356	0.00070013032450202	0.000745800794721524	0.479867011451792	0.337273734761729	0.384615384615385
