"高血压.beta"	"心脏病.beta"	"高血压.se"	"心脏病.se"	"新冠死亡.rate"	"高血压.rate"	"心脏病.rate"
"5"	-1.51860408725006	-0.441413348824154	0.00158673967756493	0.00136081332001617	0.230769230769231	0.337273734761729	0.230769230769231
