"高血压.beta"	"心脏病.beta"	"高血压.se"	"心脏病.se"	"新冠死亡.rate"	"高血压.rate"	"心脏病.rate"
"1"	-1.40018158330691	-0.430352353149404	0.00134569404311331	0.00157762294235216	0.230769230769231	0.384615384615385	0.230769230769231
