高血压.beta	心脏病.beta	高血压.se	心脏病.se	新冠死亡.rate	高血压.rate	心脏病.rate
-1.0408692443418799	-0.36437434577771	0.000598417272581987	0.000894238898026137	0.47986701145179206	0.384615384615385	0.23076923076923103
-1.4001815833069098	-0.430352353149404	0.00134569404311331	0.00157762294235216	0.23076923076923103	0.384615384615385	0.23076923076923103
-1.04449238639144	-0.31457596134640103	0.0009633972226712551	0.000697804110818982	0.47986701145179206	0.384615384615385	0.384615384615385
-1.39897711273202	-0.385699668970566	0.00142024884565755	0.00100477930519614	0.23076923076923103	0.384615384615385	0.384615384615385
-1.08027733321448	-0.365427400749838	0.000816817080300314	0.00100919958895571	0.47986701145179206	0.337273734761729	0.23076923076923103
-1.5186040872500601	-0.441413348824154	0.0015867396775649301	0.00136081332001617	0.23076923076923103	0.337273734761729	0.23076923076923103
-1.08457264004286	-0.313968489502356	0.0007001303245020201	0.0007458007947215241	0.47986701145179206	0.337273734761729	0.384615384615385
-1.5339920517247798	-0.37835510190448607	0.00183286910513199	0.00099734489060662	0.23076923076923103	0.337273734761729	0.384615384615385
