"beta"	"se"	"z_value"	"P"
"高血压"	-1.26274580487555	0.0483429088999887	-26.1206003860444	2.12741092749155e-150
"心脏病"	-0.374270833778114	0.00216922949435251	-172.536301369916	0
