高血压.beta	心脏病.beta	高血压.se	心脏病.se	新冠死亡.rate	高血压.rate	心脏病.rate
-1.15590439909708	-0.34498866970239	0.00146575262279301	0.000452466691511801	0.355318121110511	0.360944559688557	0.307692307692308
