高血压.beta	心脏病.beta	高血压.se	心脏病.se	新冠死亡.rate	高血压.rate	心脏病.rate
-1.18263885090156	-0.357903765738724	0.00133111943186355	0.000460344412676383	0.355318121110511	0.360944559688557	0.307692307692308
