"beta"	"se"	"z_value"	"P"
"高血压"	-1.18263885090156	0.00133111943186355	-888.454350971258	0
"心脏病"	-0.357903765738724	0.000460344412676383	-777.469555148759	0
